Uuid,Void/Retire,Fully specified name:en,Fully specified name:fr,Fully specified name:es,Short name:en,Short name:fr,Short name:es,Description:en,Description:fr,Description:es,Data class,Data type,Same as mappings,Complex data handler,Answers,Members,Allow decimals,Units,Normal low,Normal high,Absolute low,Absolute high,_version:1,_order:1000
108AAAAAAAAAAAAAAAAAAAAAAAAAAAAAAAAA,,Bronchospasm,Bronchospasme,Broncoespasmo,,,,"A contraction of smooth muscle in the walls of the bronchi and bronchioles, causing narrowing of the lumen.",,,Symptom,N/A,,,,,,,,,,,,1
151AAAAAAAAAAAAAAAAAAAAAAAAAAAAAAAAA,,Abdominal pain,Douleur abdominale,dolor abdominal,,,,"Pain in the abdomen, unspecified cause.",,,Symptom,N/A,,,,,,,,,,,,2
162626AAAAAAAAAAAAAAAAAAAAAAAAAAAAAA,,Intense fatigue and general weakness,,,,,,,,,Symptom,N/A,,,,,,,,,,,,3
5244AAAAAAAAAAAAAAAAAAAAAAAAAAAAAAAA,,Oral sores,,Úlceras orales,,,,Complaint.  Person who describes nonspecific sores within the mouth,,,Symptom,N/A,,,,,,,,,,,,4
5953AAAAAAAAAAAAAAAAAAAAAAAAAAAAAAAA,,Vision difficulties,,,,,,Reduced visual capacity.,,,Symptom,Boolean,,,,,,,,,,,,5
5954AAAAAAAAAAAAAAAAAAAAAAAAAAAAAAAA,,Swallowing difficulties,difficultés de déglutition,Dificultades para tragar,,,,Difficulty with the act of swallowing.,,,Symptom,Boolean,,,,,,,,,,,,6
5978AAAAAAAAAAAAAAAAAAAAAAAAAAAAAAAA,,Nausea,Nausée,Náuseas,,,,A feeling of sickness in the stomach characterized by an urge to vomit.,,,Symptom,N/A,,,,,,,,,,,,7
5990AAAAAAAAAAAAAAAAAAAAAAAAAAAAAAAA,,Menopausal,,,,,,Of or having to do with the period marked by the natural and permanent cessation of menstruation.,,,Symptom,N/A,,,,,,,,,,,,8
6004AAAAAAAAAAAAAAAAAAAAAAAAAAAAAAAA,,Paresthesia,Paresthésie,Parestesia,,,,"A skin sensation, such as burning, prickling, itching, or tingling, with no apparent physical cause.",,,Symptom,Coded,,,,,,,,,,,,9
6017AAAAAAAAAAAAAAAAAAAAAAAAAAAAAAAA,,Refusal to feed,,Rechazo del alimento en el lactante,,,,Patient refusal to eat.,,,Symptom,N/A,,,,,,,,,,,,10
6035AAAAAAAAAAAAAAAAAAAAAAAAAAAAAAAA,Yes,"Pain, lower extremities",,"Dolor, extremidades inferiores",,,,Pain in the legs/feet.,,,Symptom,N/A,,,,,,,,,,,,11
1349AAAAAAAAAAAAAAAAAAAAAAAAAAAAAAAA,,Chest,Thorax,Estructura torácica,,,,Anatomic location.,,,Anatomy,N/A,,,,,,,,,,,,12
159992AAAAAAAAAAAAAAAAAAAAAAAAAAAAAA,,Pulmonary tissue,Tissu pulmonaire,Parte del pulmón,,,,A sputum sample source used in a TB test ,,,Anatomy,N/A,,,,,,,,,,,,13
159997AAAAAAAAAAAAAAAAAAAAAAAAAAAAAA,,Peritoneal fluid,Liquide péritonéal,Líquido peritoneal,,,,Source of specimen.,,,Anatomy,N/A,,,,,,,,,,,,14
160495AAAAAAAAAAAAAAAAAAAAAAAAAAAAAA,,Nasopharynx,,Nasofaringe [como un todo],,,,Body structure,,,Anatomy,N/A,,,,,,,,,,,,15
160608AAAAAAAAAAAAAAAAAAAAAAAAAAAAAA,,Axillary lymph node(s) level 1,Ganglion(s) lymphatique(s) axillaire(s) niveau 1,Nivel I,,,,,,,Anatomy,N/A,,,,,,,,,,,,16
160609AAAAAAAAAAAAAAAAAAAAAAAAAAAAAA,,Axillary lymph node(s) level 2,Ganglion(s) lymphatique(s) axillaire(s) niveau 2,Región media de la axila,,,,,,,Anatomy,N/A,,,,,,,,,,,,17
160610AAAAAAAAAAAAAAAAAAAAAAAAAAAAAA,,Axillary lymph node(s) level 3,Ganglion(s) lymphatique(s) axillaire(s) niveau 3,Nivel III (estadificación tumoral),,,,,,,Anatomy,N/A,,,,,,,,,,,,18
160613AAAAAAAAAAAAAAAAAAAAAAAAAAAAAA,,Axillary lymph node location,Localisation des ganglions lymphatiques axillaires,Nivel de ganglio linfático axilar,,,,,,,Anatomy,Coded,,,,,,,,,,,,19
160680AAAAAAAAAAAAAAAAAAAAAAAAAAAAAA,,Inguinal lymph node(s),Ganglion(s) lymphatique(s) inguinal(aux),Grupo de ganglios linfáticos inguinales,,,,,,,Anatomy,N/A,,,,,,,,,,,,20
162669AAAAAAAAAAAAAAAAAAAAAAAAAAAAAA,,Lung,,Pulmón [como un todo],,,,Body structure,,,Anatomy,N/A,,,,,,,,,,,,21
162670AAAAAAAAAAAAAAAAAAAAAAAAAAAAAA,,Stomach,,Estómago [como un todo],,,,Body structure,,,Anatomy,N/A,,,,,,,,,,,,22
162671AAAAAAAAAAAAAAAAAAAAAAAAAAAAAA,,Intestine,,Intestine [como un todo],,,,Body structure,,,Anatomy,N/A,,,,,,,,,,,,23
164386AAAAAAAAAAAAAAAAAAAAAAAAAAAAAA,,Eye,Œil,Estructura del ojo,,,,,,,Anatomy,N/A,,,,,,,,,,,,24
166168AAAAAAAAAAAAAAAAAAAAAAAAAAAAAA,,Knee,Genou,Estructura de la región de la rodilla,,,,,,,Anatomy,N/A,,,,,,,,,,,,25
166256AAAAAAAAAAAAAAAAAAAAAAAAAAAAAA,,Uterus,Utérus,Útero,,,,,,,Anatomy,N/A,,,,,,,,,,,,26
1808AAAAAAAAAAAAAAAAAAAAAAAAAAAAAAAA,,Abdomen,Abdomen,Abdomen [como un todo],,,,Anatomical location,,,Anatomy,N/A,,,,,,,,,,,,27
ec7f69e8-493b-4795-8b18-cba630d49b27,,Skin,Peau,,,,,,,,Anatomy,N/A,,,,,,,,,,,,28
1120AAAAAAAAAAAAAAAAAAAAAAAAAAAAAAAA,,Skin exam findings,Conclusions de l'examen de la peau,Al examen: examen general de la piel,,,,Findings noted on examination of the skin.,,,Finding,Coded,,,,,,,,,,,,29
1122AAAAAAAAAAAAAAAAAAAAAAAAAAAAAAAA,,HEENT exam findings,Conclusions de l'examen HEENT,,,,,"Findings noted on examination of the head, ears, eyes, nose and throat.",,,Finding,Coded,,,,,,,,,,,,30
1123AAAAAAAAAAAAAAAAAAAAAAAAAAAAAAAA,,Chest exam findings,Conclusions de l'examen poitrine,,,,,Findings noted on examination of the chest.,,,Finding,Coded,,,,,,,,,,,,31
1124AAAAAAAAAAAAAAAAAAAAAAAAAAAAAAAA,,Cardiac exam findings,Conclusions de l'examen cardiaques,,,,,Findings noted on examination of the heart.,,,Finding,Coded,,,,,,,,,,,,32
1125AAAAAAAAAAAAAAAAAAAAAAAAAAAAAAAA,,Abdominal exam findings,Conclusions de l'examen abdominaux,,,,,Findings noted on examination of the abdomen.,,,Finding,Coded,,,,,,,,,,,,33
1126AAAAAAAAAAAAAAAAAAAAAAAAAAAAAAAA,,Urogenital exam findings,Conclusions de l'examen de l'appareil urogénital,,,,,Findings noted on examination of the urogenital region.,,,Finding,Coded,,,,,,,,,,,,34
1128AAAAAAAAAAAAAAAAAAAAAAAAAAAAAAAA,,Musculoskeletal exam findings,Examen clinique musculosqueletal,,,,,Findings noted on examination of the musculoskeletal region.,,,Finding,Coded,,,,,,,,,,,,35
1137AAAAAAAAAAAAAAAAAAAAAAAAAAAAAAAA,,Miliary changes,Changements miliaires,,,,,"Descriptive term, classically described as having the appearance of millet seeds.  Diffuse, granular lesions throughout lung fields often seen with tuberculosis.",,,Finding,N/A,,,,,,,,,,,,36
120345AAAAAAAAAAAAAAAAAAAAAAAAAAAAAA,,Confusion,Confusion,Obnubilación mental,,,,,,,Finding,N/A,,,,,,,,,,,,37
121AAAAAAAAAAAAAAAAAAAAAAAAAAAAAAAAA,,Myalgia,Myalgie,Miosalgia,,,,"Muscular pain or tenderness, especially when diffuse and nonspecific.",,,Finding,N/A,,,,,,,,,,,,38
1267AAAAAAAAAAAAAAAAAAAAAAAAAAAAAAAA,,Completed,Terminé,Completo,,,,Generic answer to a question.,,,Finding,N/A,,,,,,,,,,,,39
1284AAAAAAAAAAAAAAAAAAAAAAAAAAAAAAAA,,Problem list,Liste des problèmes,,,,,List of problems for a given patient visit.,,,Finding,Coded,,,,,,,,,,,,40
135591AAAAAAAAAAAAAAAAAAAAAAAAAAAAAA,,Loss of hair,Perte de cheveux,Caída del cabello,,,,Absence of hair from areas where it is normally present.,,,Finding,N/A,,,,,,,,,,,,41
1362AAAAAAAAAAAAAAAAAAAAAAAAAAAAAAAA,,One plus,+,Débilmente positivo,+,,,One plus result (on scale of + - ++++),,,Finding,Boolean,,,,,,,,,,,,42
1363AAAAAAAAAAAAAAAAAAAAAAAAAAAAAAAA,,Two plus,Deux plus,"Presente, dos cruces sobre tres cruces",++,,,Two plus result (scale of + - ++++),,,Finding,Boolean,,,,,,,,,,,,43
1364AAAAAAAAAAAAAAAAAAAAAAAAAAAAAAAA,,Three plus,Trois plus,Presente +++ sobre +++,+++,,,Three plus result (scale + - ++++),,,Finding,Boolean,,,,,,,,,,,,44
1365AAAAAAAAAAAAAAAAAAAAAAAAAAAAAAAA,,Four plus,Quatre plus,,++++,,,Four plus result (scale + - ++++),,,Finding,Boolean,,,,,,,,,,,,45
1390AAAAAAAAAAAAAAAAAAAAAAAAAAAAAAAA,,History of present illness,Histoire de la maladie actuelle,,HPI,,,,,,Finding,Text,,,,,,,,,,,,46
1391AAAAAAAAAAAAAAAAAAAAAAAAAAAAAAAA,,Physical exam,Examen physique,Examen físico,Physical exam,,,Textual field to capture generic physical exam.,,,Finding,Text,,,,,,,,,,,,47
1392AAAAAAAAAAAAAAAAAAAAAAAAAAAAAAAA,,Radiology results,Résultats de radiologie,Informe radiológico,Radiology results,,,,,,Finding,Text,,,,,,,,,,,,48
1407AAAAAAAAAAAAAAAAAAAAAAAAAAAAAAAA,,Low,Faible,Bajo,Low,,,Low value (below normal) as part of a range low-normal-high,,,Finding,Boolean,,,,,,,,,,,,49
1408AAAAAAAAAAAAAAAAAAAAAAAAAAAAAAAA,,High,Élevé,Alto,High,,,High value (above normal) as part of a range of values: low-normal-high,,,Finding,Boolean,,,,,,,,,,,,50
1409AAAAAAAAAAAAAAAAAAAAAAAAAAAAAAAA,,Gestational age at birth (weeks),Age gestationnel à la naissance,Duración de la gestación en el momento del parto,Gestational age,,,The gestational age in weeks at the time of birth,,,Finding,Numeric,,,,,No,weeks,,,,,,51
1410AAAAAAAAAAAAAAAAAAAAAAAAAAAAAAAA,,Vaccination date,Date de vaccination,,Vaccination date,,,The full date of a vaccination,,,Finding,Date,,,,,,,,,,,,52
1418AAAAAAAAAAAAAAAAAAAAAAAAAAAAAAAA,,Immunization sequence number,Numéro des vaccinations,,Immunization no.,,,,,,Finding,Numeric,,,,,No,,,,0.0,,,53
1419AAAAAAAAAAAAAAAAAAAAAAAAAAAAAAAA,,Vaccine manufacturer,Fabricant du vaccin,,Vaccine maker,,,,,,Finding,Text,,,,,,,,,,,,54
1420AAAAAAAAAAAAAAAAAAAAAAAAAAAAAAAA,,Vaccine lot number,Numéro du lot du vaccin,,Vaccine lot no,,,,,,Finding,Text,,,,,,,,,,,,55
1421AAAAAAAAAAAAAAAAAAAAAAAAAAAAAAAA,,Immunization history,Historique vaccinale,Antecedente de vacunación (set),Immunization Hx,,,,,,Finding,N/A,,,,,,,,,,,,56
1427AAAAAAAAAAAAAAAAAAAAAAAAAAAAAAAA,,Date of last menstrual period,Dernières règles,Último período menstrual,LMP,,,Date of last menstrual period for woman of childbearing age.,DATE DES DERNIERES REGLES,,Finding,Date,,,,,,,,,,,,57
1434AAAAAAAAAAAAAAAAAAAAAAAAAAAAAAAA,,Currently pregnant,Femme enceinte,Actualmente embarazada,Currently pregnant,,,,,,Finding,Boolean,,,,,,,,,,,,58
1498AAAAAAAAAAAAAAAAAAAAAAAAAAAAAAAA,,Mild,Léger,Leve,,,,General qualifier value,,,Finding,N/A,,,,,,,,,,,,59
1499AAAAAAAAAAAAAAAAAAAAAAAAAAAAAAAA,,Moderate,Modéré,Moderado (modificador de gravedad),,,,General qualifier value of the severity,,,Finding,N/A,,,,,,,,,,,,60
1500AAAAAAAAAAAAAAAAAAAAAAAAAAAAAAAA,,Severe,Sévère,Grave (modificador de gravedad),,,,General qualifier value for the severity assesment,,,Finding,N/A,,,,,,,,,,,,61
150915AAAAAAAAAAAAAAAAAAAAAAAAAAAAAA,,Abdominal distension,Distension abdominale,distensión abdominal,,,,Production or presence of gas in the gastrointestinal tract,,,Finding,Coded,,,,,,,,,,,,62
1512AAAAAAAAAAAAAAAAAAAAAAAAAAAAAAAA,,Allergy to drug,Allergie au médicament,Alergia a medicamento,,,,,,,Finding,Boolean,,,,,,,,,,,,63
1546AAAAAAAAAAAAAAAAAAAAAAAAAAAAAAAA,,Daily cigarette use,Consommation journalière de cigarettes,,,,,Number of sticks smoked in a day.,,,Finding,Numeric,,,,,No,,,,,,,64
159394AAAAAAAAAAAAAAAAAAAAAAAAAAAAAA,,Diagnosis certainty,Certitude de diagnostic,,,,,The level of the certainty of the diagnosis made.,,,Finding,Coded,,,,,,,,,,,,65
159395AAAAAAAAAAAAAAAAAAAAAAAAAAAAAA,,Clinical impression comment,Impressions remarques,,Clinical impression,,,Free text for non-coded clinical impressions.,,,Finding,Text,,,,,,,,,,,,66
159452AAAAAAAAAAAAAAAAAAAAAAAAAAAAAA,,In the past,Dans le passé,En el pasado,,,,"In the past, as an answer to a question or qualifier such as historically...",,,Finding,Boolean,,,,,,,,,,,,67
159893AAAAAAAAAAAAAAAAAAAAAAAAAAAAAA,,Postnatal visit number,Numéro de visite postnatale,Consulta posnatal,Postnatal visit no.,,,,,,Finding,Numeric,,,,,No,,,,,,,68
159931AAAAAAAAAAAAAAAAAAAAAAAAAAAAAA,,Duration of smoking (in years),Durée du tabagisme (en années),Duración total del hábito tabáquico,,,,"For how long some one is smoking/smoked cigarettes or other forms of tobacco, measured in years.",,,Finding,Numeric,,,,,No,Years,,,0.0,120.0,,69
159946AAAAAAAAAAAAAAAAAAAAAAAAAAAAAA,,Diagnosis order,L'ordre de Diagnostic,,,,,"Classification of diagnosis as primary, secondary, etc.",,,Finding,Coded,,,,,,,,,,,,70
159952AAAAAAAAAAAAAAAAAAAAAAAAAAAAAA,,Colonies,Colonies,Colonias,,,,Bacterial colonies grown in the culture media,,,Finding,Numeric,,,,,No,,,,0.0,,,71
159966AAAAAAAAAAAAAAAAAAAAAAAAAAAAAA,,"Type of organism, tuberculosis","Type d'organisme, tuberculose",,,,,,,,Finding,Coded,,,,,,,,,,,,72
159967AAAAAAAAAAAAAAAAAAAAAAAAAAAAAA,,"Type of organism, non-coded, tuberculosis","Type d'organisme, non codé, tuberculose",,,,,,,,Finding,Text,,,,,,,,,,,,73
159970AAAAAAAAAAAAAAAAAAAAAAAAAAAAAA,,Tuberculosis specimen comment,,,,,,,,,Finding,Text,,,,,,,,,,,,74
160233AAAAAAAAAAAAAAAAAAAAAAAAAAAAAA,,No defect in enzyme activity (normal),Aucun défaut de l'activité enzymatique (normal),,,,,Normal enzyme activity,,,Finding,N/A,,,,,,,,,,,,75
160234AAAAAAAAAAAAAAAAAAAAAAAAAAAAAA,,Partial defect in enzyme activity,Défaut partiel de l'activité enzymatique,,,,,,,,Finding,N/A,,,,,,,,,,,,76
160235AAAAAAAAAAAAAAAAAAAAAAAAAAAAAA,,Total defect in enzyme activity,Défaut total de l'activité enzymatique,,,,,,,,Finding,N/A,,,,,,,,,,,,77
160531AAAAAAAAAAAAAAAAAAAAAAAAAAAAAA,,Chief complaint (text),Complainte principale (texte),,,,,,,,Finding,Text,,,,,,,,,,,,78
160554AAAAAAAAAAAAAAAAAAAAAAAAAAAAAA,,Date of HIV diagnosis,Date du diagnostique de VIH,,,,,,,,Finding,Date,,,,,,,,,,,,79
160571AAAAAAAAAAAAAAAAAAAAAAAAAAAAAA,,Patient wishes to get pregnant,La patiente souhaite une grossesse,,,,,,,,Finding,Coded,,,,,,,,,,,,80
160573AAAAAAAAAAAAAAAAAAAAAAAAAAAAAA,,Currently not sexually active,Pas sexuellement actif,Sexualmente inactivo en la actualidad,,,,Patient is not engaging in sexual activity.,,,Finding,N/A,,,,,,,,,,,,81
160652AAAAAAAAAAAAAAAAAAAAAAAAAAAAAA,,Patient not using family planning,Patient n'utilisant pas la planification familiale,,,,,,,,Finding,N/A,,,,,,,,,,,,82
160689AAAAAAAAAAAAAAAAAAAAAAAAAAAAAA,,Chest examination (text),Examen de la poitrine (texte),,,,,,,,Finding,Text,,,,,,,,,,,,83
160715AAAAAAAAAAAAAAAAAAAAAAAAAAAAAA,,Procedure date/time,Date de procédure / heure,,,,,,,,Finding,Datetime,,,,,,,,,,,,84
160717AAAAAAAAAAAAAAAAAAAAAAAAAAAAAA,,Procedure outcome satisfactory to patient,Procédure résultat satisfaisant pour le patient,Determinación del resultado: satisfactorio para el paciente,,,,"After the procedure, the patient expressed satisfactory remarks to his/her experience",,,Finding,N/A,,,,,,,,,,,,85
160718AAAAAAAAAAAAAAAAAAAAAAAAAAAAAA,,Procedure outcome satisfactory to physician,Procédure résultat satisfaisant pour le médecin,Determinación del resultado: satisfactorio para el médico,,,,Physician considered that the outcome of the procedure was satisfactory,,,Finding,N/A,,,,,,,,,,,,86
160719AAAAAAAAAAAAAAAAAAAAAAAAAAAAAA,,Procedure outcome unsatisfactory to patient,Procédure résultat insatisfaisant pour le patient,Determinación del resultado: insatisfactorio para el paciente,,,,The patient was unsatisfied with the procedural outcome,,,Finding,N/A,,,,,,,,,,,,87
160720AAAAAAAAAAAAAAAAAAAAAAAAAAAAAA,,Procedure outcome unsatisfactory to physician,Procédure résultat insatisfaisant pour le médecin,Determinación del resultado: insatisfactorio para el médico,,,,The physician was unsatisfied with the procedural outcome,,,Finding,N/A,,,,,,,,,,,,88
160721AAAAAAAAAAAAAAAAAAAAAAAAAAAAAA,,Procedure outcome,Procédure résultats,,,,,Coded outcome of procedure,,,Finding,Coded,,,,,,,,,,,,89
160947AAAAAAAAAAAAAAAAAAAAAAAAAAAAAA,,Abdominal examination (text),Examen abdominal (texte),,O/E abdomen,,,,,,Finding,Text,,,,,,,,,,,,90
161636AAAAAAAAAAAAAAAAAAAAAAAAAAAAAA,,Active status,Statut actif,Activo,,,,Patient status as to whether they are actively in care at a facility or as outpatient. As opposed to discharged etc.,,,Finding,N/A,,,,,,,,,,,,91
162102AAAAAAAAAAAAAAAAAAAAAAAAAAAAAA,,Urine appears clear,Urine d'apparence claire,Orina: de aspecto límpido,,,,,,,Finding,N/A,,,,,,,,,,,,92
162103AAAAAAAAAAAAAAAAAAAAAAAAAAAAAA,,Cloudy urine,Urine trouble,Orina de aspecto turbio,,,,,,,Finding,N/A,,,,,,,,,,,,93
162104AAAAAAAAAAAAAAAAAAAAAAAAAAAAAA,,Urine appears turbid,Urine d'apparence trouble,Orina: túrbida,,,,,,,Finding,N/A,,,,,,,,,,,,94
162332AAAAAAAAAAAAAAAAAAAAAAAAAAAAAA,,Contraception method undecided,Méthodes de contraception non encore choisi,"Estado de anticoncepción, no decidido",,,,,,,Finding,N/A,,,,,,,,,,,,95
162628AAAAAAAAAAAAAAAAAAAAAAAAAAAAAA,,Unexplained bleeding,Saignement inexpliqué,,,,,,,,Finding,N/A,,,,,,,,,,,,96
162820AAAAAAAAAAAAAAAAAAAAAAAAAAAAAA,,Problem severity,Gravité du problème,,,,,A question which identifies the severity of a problem or diagnosis. Also can be used as a convenience set.,,,Finding,Coded,,,,,,,,,,,,97
162867AAAAAAAAAAAAAAAAAAAAAAAAAAAAAA,,Serious adverse event,Événement indésirable grave,,,,,,,,Finding,Coded,,,,,,,,,,,,98
163042AAAAAAAAAAAAAAAAAAAAAAAAAAAAAA,,General examination (text),"Examen physique, général (text)",Examen general (texto),,,,,,,Finding,Text,,,,,,,,,,,,99
163045AAAAAAAAAAAAAAAAAAAAAAAAAAAAAA,,HEENT examination (text),"Examen de la tête, des oreilles, des yeux, du nez et de la gorge (texte)",,,,,,,,Finding,Text,,,,,,,,,,,,100
163046AAAAAAAAAAAAAAAAAAAAAAAAAAAAAA,,Cardiac examination (text),Examen cardiaque (texte),,,,,,,,Finding,Text,,,,,,,,,,,,101
163074AAAAAAAAAAAAAAAAAAAAAAAAAAAAAA,,Numbness and tingling of skin,Engourdissement et picotements de la peau,Sensación de entumecimiento y hormigueo en la piel,,,,,,,Finding,N/A,,,,,,,,,,,,102
163109AAAAAAAAAAAAAAAAAAAAAAAAAAAAAA,,Nervous system examination (text),Examen du système nerveux (texte),,,,,General physical exam findings of patient's nervous system,,,Finding,Text,,,,,,,,,,,,103
163122AAAAAAAAAAAAAAAAAAAAAAAAAAAAAA,,Junior high school education,Éducation secondaire inférieure,Educado hasta el ciclo básico del nivel de escolaridad secundaria,,,,,,,Finding,N/A,,,,,,,,,,,,104
163123AAAAAAAAAAAAAAAAAAAAAAAAAAAAAA,,Senior high school education,Éducation secondaire supérieure,Educado hasta el ciclo superior del nivel de escolaridad secundaria,,,,,,,Finding,N/A,,,,,,,,,,,,105
163195AAAAAAAAAAAAAAAAAAAAAAAAAAAAAA,,Current heavy tobacco smoker,Fumeur lourd de tabac actuel,,,,,,,,Finding,N/A,,,,,,,,,,,,106
163196AAAAAAAAAAAAAAAAAAAAAAAAAAAAAA,,Current light tobacco smoker,Fumeur léger de tabac actuel,,,,,,,,Finding,N/A,,,,,,,,,,,,107
163197AAAAAAAAAAAAAAAAAAAAAAAAAAAAAA,,Current some day smoker,Fumeur occasionnel actuel,,,,,,,,Finding,N/A,,,,,,,,,,,,108
163199AAAAAAAAAAAAAAAAAAAAAAAAAAAAAA,,Current every day smoker,Fumeur quotidien actuel,Fuma tabaco diariamente,,,,,,,Finding,N/A,,,,,,,,,,,,109
163200AAAAAAAAAAAAAAAAAAAAAAAAAAAAAA,,Unknown if ever smoked,Inconnu s'il a déjà fumé,Tabaquismo desconocido,,,,,,,Finding,N/A,,,,,,,,,,,,110
163640AAAAAAAAAAAAAAAAAAAAAAAAAAAAAA,,Appearance of stool,Aspect des selles,Aspecto de la materia fecal,,,,Visual inspection of feces.,,,Finding,Coded,,,,,,,,,,,,111
163641AAAAAAAAAAAAAAAAAAAAAAAAAAAAAA,,Color of stool,Couleur des selles,Color de la materia fecal,,,,,,,Finding,Coded,,,,,,,,,,,,112
163642AAAAAAAAAAAAAAAAAAAAAAAAAAAAAA,,Ammonium urate crystals in urine,Cristaux d'urate d'ammonium,"Cristal urinario, urato de amonio",,,,The presence of ammonium urate crystals in urine specimen.,,,Finding,N/A,,,,,,,,,,,,113
163643AAAAAAAAAAAAAAAAAAAAAAAAAAAAAA,,Amorphous urate crystals in urine,Cristaux d'urate Amorphe,,,,,Type of crystals found in urine. This occurs when level of uric acid is elevated in blood causing increased excretion in the urine.,,,Finding,N/A,,,,,,,,,,,,114
163644AAAAAAAAAAAAAAAAAAAAAAAAAAAAAA,,Triple phosphate crystals,Cristaux de triple phosphate,"Cristal urinario, fosfato amónico magnésico",,,,"Crystals found in urine with a ""coffin-lid"" shaped appearance. They are composed of magnesium ammonium phosphate.",,,Finding,N/A,,,,,,,,,,,,115
163851AAAAAAAAAAAAAAAAAAAAAAAAAAAAAA,Yes,Quadriceps muscle wasting,Atrophie du muscle quadricepss,Emaciación del músculo cuádriceps,,,,,,,Finding,N/A,,,,,,,,,,,,116
163894AAAAAAAAAAAAAAAAAAAAAAAAAAAAAA,,Swelling,Gonflement,Tumefacción,,,,,,,Finding,Coded,,,,,,,,,,,,117
164440AAAAAAAAAAAAAAAAAAAAAAAAAAAAAA,,Breathing poorly (<30 breaths / min),Respiration difficile (<30 respirations/min),,,,,,,,Finding,N/A,,,,,,,,,,,,118
165282AAAAAAAAAAAAAAAAAAAAAAAAAAAAAA,,Increased skin temperature,Température cutanée augmentée,Temperatura aumentada de la piel,,,,,,,Finding,N/A,,,,,,,,,,,,119
165619AAAAAAAAAAAAAAAAAAAAAAAAAAAAAA,Yes,Cervical cancer screening performed,Dépistage du cancer du col utérin effectué,Tamizaje de cáncer cervical realizado,,,,,,,Finding,N/A,,,,,,,,,,,,120
165656AAAAAAAAAAAAAAAAAAAAAAAAAAAAAA,,History of recent travel in past 14 days,Antécédents de voyage récent dans les 14 derniers jours,,,,,,,,Finding,Coded,,,,,,,,,,,,121
165870AAAAAAAAAAAAAAAAAAAAAAAAAAAAAA,,Patient condition resolved,État du patient résolu,Enfermedad del paciente resuelta,,,,,,,Finding,N/A,,,,,,,,,,,,122
165907AAAAAAAAAAAAAAAAAAAAAAAAAAAAAA,,Vaccine lot expiration date,Date d'expiration du lot de vaccin,,,,,,,,Finding,Date,,,,,,,,,,,,123
165929AAAAAAAAAAAAAAAAAAAAAAAAAAAAAA,,Duration of procedure,,,,,,,,,Finding,Numeric,,,,,No,,,,0.0,,,124
166079AAAAAAAAAAAAAAAAAAAAAAAAAAAAAA,,Date of last normal menstrual period,Date des dernières règles normales,Fecha de la última menstruación normal,Date of LNMP,,,,,,Finding,Date,,,,,,,,,,,,125
166546AAAAAAAAAAAAAAAAAAAAAAAAAAAAAA,,Resistant to antimicrobial,Résistant aux antimicrobiens,,,,,,,,Finding,N/A,,,,,,,,,,,,126
166547AAAAAAAAAAAAAAAAAAAAAAAAAAAAAA,,Intermediate resistance to antimicrobial,Résistance intermédiaire aux antimicrobiens,,,,,,,,Finding,N/A,,,,,,,,,,,,127
166548AAAAAAAAAAAAAAAAAAAAAAAAAAAAAA,,Sensitive to antimicrobial,Sensible aux antimicrobiens,,,,,,,,Finding,N/A,,,,,,,,,,,,128
166617AAAAAAAAAAAAAAAAAAAAAAAAAAAAAA,,Suspected high grade squamous intraepithelial lesion (HGSIL) > 75 % of the cervical surface,Lésion intraépithéliale squameuse de haut grade (HGSIL) suspectée > 75 % de la surface cervicale,,Suspect HSIL >75% cervix,,,,,,Finding,N/A,,,,,,,,,,,,129
166618AAAAAAAAAAAAAAAAAAAAAAAAAAAAAA,,Suspected high grade squamous intraepithelial lesion (HGSIL) with lesion extending into the cervical canal,Lésion intraépithéliale squameuse de haut grade (HGSIL) suspectée avec lésion s'étendant dans le canal cervical,,Suspect HSIL ext into cervical canal,,,,,,Finding,N/A,,,,,,,,,,,,130
166619AAAAAAAAAAAAAAAAAAAAAAAAAAAAAA,,Suspected high grade squamous intraepithelial lesion (HGSIL) with squamocolumnar junction (SJC) not fully visualized,Lésion intraépithéliale squameuse de haut grade (HGSIL) suspectée avec jonction squamo-colonne (SJC) non entièrement visualisée,,Suspect HSIL SJC not fully seen,,,,,,Finding,N/A,,,,,,,,,,,,131
1836AAAAAAAAAAAAAAAAAAAAAAAAAAAAAAAA,,Bulging fontenelle,Fontanelle ressortie,Fontanela abultada,Bulge fontenelle,,,,,,Finding,Coded,,,,,,,,,,,,132
220a55d3-8651-4591-9bfc-6bbe6770d5ab,,Extremity weakness,Faiblesse des membres,,,,,,,,Finding,N/A,,,,,,,,,,,,133
22dd4058-81bf-4cc8-aa3f-f5e18ef731cb,,Patient on waiting list,Patient sur liste d'attente,,,,,,,,Finding,N/A,,,,,,,,,,,,134
2450d06c-b2eb-431a-aab9-cfa9c2f32fc9,,Medication spillage,,,,,,,,,Finding,N/A,,,,,,,,,,,,135
460AAAAAAAAAAAAAAAAAAAAAAAAAAAAAAAAA,,Oedema,Oedème,Edema,,,,An abnormal excess accumulation of serous fluid in connective tissue or in a serous cavity.,,,Finding,Coded,,,,,,,,,,,,136
5008AAAAAAAAAAAAAAAAAAAAAAAAAAAAAAAA,,Hepatomegaly,Hépatomégalie,Hígado grande,,,,Abnormal enlargement of the liver.,,,Finding,N/A,,,,,,,,,,,,137
5009AAAAAAAAAAAAAAAAAAAAAAAAAAAAAAAA,,Splenomegaly,Splénomégalie,esplenomegalia,,,,Enlargement of the spleen.,,,Finding,N/A,,,,,,,,,,,,138
5085AAAAAAAAAAAAAAAAAAAAAAAAAAAAAAAA,,Systolic blood pressure,Tension artérielle systolique,,Sbp,,,A patient's systolic blood pressure measurement (taken with a manual cuff in either a sitting or standing position),,,Finding,Numeric,,,,,No,mmHg,100.0,140.0,0.0,300.0,,139
5086AAAAAAAAAAAAAAAAAAAAAAAAAAAAAAAA,,Diastolic blood pressure,Tension artérielle diastolique,Presión diastólica,DBP,,,A patient's diastolic blood pressure measurement (taken with a manual cuff in either a sitting or standing position),,,Finding,Numeric,,,,,No,mmHg,60.0,90.0,0.0,200.0,,140
5105AAAAAAAAAAAAAAAAAAAAAAAAAAAAAAAA,,Abdominal tenderness,Sensibilité abdominale,dolor abdominal a la palpación,,,,Abdominal pain elicited on palpation.,,,Finding,N/A,,,,,,,,,,,,141
5158AAAAAAAAAAAAAAAAAAAAAAAAAAAAAAAA,,Evidence of cardiac enlargement,Cardiomégalie,Corazón bovino,,,,Physical findings suggestive of cardiomegaly.,,,Finding,N/A,,,,,,,,,,,,142
516AAAAAAAAAAAAAAAAAAAAAAAAAAAAAAAAA,,Pale conjunctiva,Conjoctives pales,,,,,"Pale eye conjuctiva, often times associated with iron deficiency anemia.",,,Finding,N/A,,,,,,,,,,,,143
5245AAAAAAAAAAAAAAAAAAAAAAAAAAAAAAAA,,Pallor,Pâleur,Palidez,,,,Term that describes skin paleness or loss of color,,,Finding,Coded,,,,,,,,,,,,144
5555AAAAAAAAAAAAAAAAAAAAAAAAAAAAAAAA,,Married,Marié,Casamiento,,,,Wedded to another person.,,,Finding,N/A,,,,,,,,,,,,145
562AAAAAAAAAAAAAAAAAAAAAAAAAAAAAAAAA,,Cardiac murmur (on exam),Souffle (exam),Al examen: soplo cardíaco,,,,General finding of extra sounds on cardiac examination.,,,Finding,N/A,,,,,,,,,,,,146
590AAAAAAAAAAAAAAAAAAAAAAAAAAAAAAAAA,,"Edema, legs",Oedème des membres inferieures,Al examen: edema de piernas,,,,Fluid accumulation in the lower limbs.,,,Finding,N/A,,,,,,,,,,,,147
5b3a9913-7f22-4ef0-ad07-77e5200c5304,,Medication expired,,,,,,,,,Finding,N/A,,,,,,,,,,,,148
6022AAAAAAAAAAAAAAAAAAAAAAAAAAAAAAAA,,Delayed milestones,Étapes de développement retardées,Acontecimiento retrasado,,,,Delay in a set of functional skills or age-specific tasks that most children can do by a certain age range.,,,Finding,N/A,,,,,,,,,,,,149
6025AAAAAAAAAAAAAAAAAAAAAAAAAAAAAAAA,,Regressed milestones,Étapes de développement régressées,,,,,Regression in a set of functional skills or age-specific tasks that most children can do by a certain age range.,,,Finding,N/A,,,,,,,,,,,,150
6032AAAAAAAAAAAAAAAAAAAAAAAAAAAAAAAA,,Hepatic disease,Maladie hépatique,Enfermedad hepática,,,,Disease of the liver.,,,Finding,Coded,,,,,,,,,,,,151
6033AAAAAAAAAAAAAAAAAAAAAAAAAAAAAAAA,,Renal disease,Maladie rénale,Enfermedad renal,,,,History of problems with a patient kidneys.,,,Finding,Coded,,,,,,,,,,,,152
6049AAAAAAAAAAAAAAAAAAAAAAAAAAAAAAAA,,Infiltrate,Infiltrat,Infiltración,,,,"General descriptive term.. when a liquid permeates a tissue by passing through its interstices or pores (ie, pulmonary infiltrate).",,,Finding,N/A,,,,,,,,,,,,153
6050AAAAAAAAAAAAAAAAAAAAAAAAAAAAAAAA,,Diffuse non-miliary changes,Changements diffus non-miliaires,,,,,"Descriptive finding on chest xray interpretation.  Interpretive findings are diffuse throughout lung fields, but don't have a specific miliary appearance.",,,Finding,N/A,,,,,,,,,,,,154
6052AAAAAAAAAAAAAAAAAAAAAAAAAAAAAAAA,,Cavitary lesion,Lésion cavitaire,Cavitación pulmonar,,,,Descriptive interpretation of chest radiograph.,,,Finding,N/A,,,,,,,,,,,,155
690AAAAAAAAAAAAAAAAAAAAAAAAAAAAAAAAA,,A positive,A positif,A Positivo,,A+,,"Describes a particular antigen combination on the surface of red blood cells: A, Rh positive.",,,Finding,N/A,,,,,,,,,,,,156
692AAAAAAAAAAAAAAAAAAAAAAAAAAAAAAAAA,,A negative,A négatif,A Negativo,,A-,,"Describes a particular antigen combination on the surface of red blood cells: A, Rh negative.",,,Finding,N/A,,,,,,,,,,,,157
694AAAAAAAAAAAAAAAAAAAAAAAAAAAAAAAAA,,B positive,B positif,B Positivo,,B+,,"Describes a particular antigen combination on the surface of red blood cells: B, Rh positive.",,,Finding,N/A,,,,,,,,,,,,158
696AAAAAAAAAAAAAAAAAAAAAAAAAAAAAAAAA,,B negative,B négatif,B Negativo,,B-,,"Describes a particular antigen combination on the surface of red blood cells: B, Rh negative.",,,Finding,N/A,,,,,,,,,,,,159
699AAAAAAAAAAAAAAAAAAAAAAAAAAAAAAAAA,,O positive,O positif,O Positivo,,O+,,"Describes a particular antigen combination on the surface of red blood cells: O, Rh positive.",,,Finding,N/A,,,,,,,,,,,,160
701AAAAAAAAAAAAAAAAAAAAAAAAAAAAAAAAA,,O negative,O négatif,O Negativo,,O-,,"Describes a particular antigen combination on the surface of red blood cells: O, Rh negative.",,,Finding,N/A,,,,,,,,,,,,161
70514a45-9481-47ee-8000-7e859c0ea16d,,Received postgraduate training,A suivi une formation postuniversitaire,,,,,,,,Finding,N/A,,,,,,,,,,,,162
722AAAAAAAAAAAAAAAAAAAAAAAAAAAAAAAAA,,Amorphous phosphate crystals,Cristaux de phosphate AMORPHES,"Cristal urinario, fosfato amorfo",,,,Crystals on urinalysis having no real apparent form.,,,Finding,N/A,,,,,,,,,,,,163
725AAAAAAAAAAAAAAAAAAAAAAAAAAAAAAAAA,,Calcium oxalate crystals,Cristaux d'oxalate de calcium,Cristal de oxalato de calcio,,,,"A colorless crystalline salt, Calcium oxalate, that is noted for its insolubility and is sometimes excreted in urine or retained in the form of urinary calculi.",,,Finding,N/A,,,,,,,,,,,,164
741c21bc-c293-4373-b41d-e976829c923e,,Drug level too high to continue treatment,Niveau de médicament trop élevé pour continuer le traitement,,,,,,,,Finding,N/A,,,,,,,,,,,,165
76d60d35-2ae7-4d1d-b76c-f35cc80d0ef3,,Urine sulfonamide crystals,Cristaux de sulfonamide dans l'urine,,,,,,,,Finding,N/A,,,,,,,,,,,,166
80AAAAAAAAAAAAAAAAAAAAAAAAAAAAAAAAAA,,Joint pain,Douleur articulaire,Articulación dolorosa,,,,Unspecified problems with pain and motion of the joints and/or muscles.,,,Finding,N/A,,,,,,,,,,,,167
832AAAAAAAAAAAAAAAAAAAAAAAAAAAAAAAAA,,Weight loss,Perte de poids,hallazgo relacionado con el descenso de peso,,,,"Clinical finding of weight loss, less severe than the wasting syndrome.",,,Finding,Boolean,,,,,,,,,,,,168
861AAAAAAAAAAAAAAAAAAAAAAAAAAAAAAAAA,,Hearing difficulties,Difficultés auditives,Dificultad auditiva,,,,Reduced or absent ability to hear sounds.,,,Finding,N/A,,,,,,,,,,,,169
871AAAAAAAAAAAAAAAAAAAAAAAAAAAAAAAAA,,Chills,Des frissons,Escalofríos,,,,A sensation of feeling cold in the body often associated with a fever.,,,Finding,Coded,,,,,,,,,,,,170
873AAAAAAAAAAAAAAAAAAAAAAAAAAAAAAAAA,,Otorrhea,Otorrhée,otorrea,,,,A fluid discharge from the ear canal.,,,Finding,N/A,,,,,,,,,,,,171
874AAAAAAAAAAAAAAAAAAAAAAAAAAAAAAAAA,,Eye discharge,Écoulement oculaire,Secreción ocular,,,,A fluid discharge from the eyes.,,,Finding,N/A,,,,,,,,,,,,172
879AAAAAAAAAAAAAAAAAAAAAAAAAAAAAAAAA,,Pruritus,Prurit,Prurito cutáneo,,,,The sensation in the skin that encourages itching or scratching.,,,Finding,N/A,,,,,,,,,,,,173
981AAAAAAAAAAAAAAAAAAAAAAAAAAAAAAAAA,,Dosing change,Changement de posologie,,,,,Medication dose/quantity alteration.,,,Finding,N/A,,,,,,,,,,,,174
a8924189-57c1-47df-860a-3cf7bc42e91b,,Haemoglobin SC genotype,Génotype hémoglobine SC,,HbSC,,,,,,Finding,N/A,,,,,,,,,,,,175
ad710bc3-0402-43f1-b9cf-416045568b13,,Suspected intolerance to drug,Intolérance suspectée au médicament,,,,,The patient is believed to have an intolerance to a substance that is part of the therapy and the therapy is being temporarily withdrawn to confirm.,,,Finding,N/A,,,,,,,,,,,,176
cc6a6126-b8a1-4d2d-9a35-31f9be7c5e68,,Admission denied,Admission refusée,,,,,,,,Finding,N/A,,,,,,,,,,,,177
d7349b2a-1359-45cd-a68b-7b5d400bd202,,Urine cysteine crystals,Cristaux de cystéine dans l'urine,,,,,,,,Finding,N/A,,,,,,,,,,,,178
de84d3b6-ed2a-4a1f-a430-cb1f71b49508,,Urine cholesterol crystals,Cristaux de cholestérol dans l'urine,,,,,,,,Finding,N/A,,,,,,,,,,,,179
dee540b2-8c11-4963-ac33-2ecdae4c717a,,Haemoglobin AA genotype,Génotype hémoglobine AA,,HbAA,,,,,,Finding,N/A,,,,,,,,,,,,180
e256d05e-6a15-4f33-874a-ee9761d497d4,,Mother pregnant or currently breastfeeding,Mère enceinte ou allaitant actuellement,,,,,,,,Finding,N/A,,,,,,,,,,,,181
1098AAAAAAAAAAAAAAAAAAAAAAAAAAAAAAAA,,Monthly,Mensuel,Mensual,,,,Time descriptor.  Every month.,,,Frequency,N/A,,,,,,,,,,,,182
1099AAAAAAAAAAAAAAAAAAAAAAAAAAAAAAAA,,Weekly,Hebdomadaire,Semanal,,,,Time descriptor. Every week.,,,Frequency,N/A,,,,,,,,,,,,183
160858AAAAAAAAAAAAAAAAAAAAAAAAAAAAAA,,Twice daily,Deux fois par jour,Dos veces por día,BD,,,,,,Frequency,N/A,,,,,,,,,,,,184
160859AAAAAAAAAAAAAAAAAAAAAAAAAAAAAA,,Twice daily before meals,Deux fois par jour avant les repas,Dos veces por día antes de las comidas,BIDAC,,,,,,Frequency,N/A,,,,,,,,,,,,185
160860AAAAAAAAAAAAAAAAAAAAAAAAAAAAAA,,Twice daily after meals,Deux fois par jour après les repas,Dos veces al día después de las comidas,BIDPC,,,,,,Frequency,N/A,,,,,,,,,,,,186
160861AAAAAAAAAAAAAAAAAAAAAAAAAAAAAA,,Twice daily with meals,Deux fois par jour avec les repas,Dos veces por día con las comidas,BIDWM,,,,,,Frequency,N/A,,,,,,,,,,,,187
160862AAAAAAAAAAAAAAAAAAAAAAAAAAAAAA,,Once daily,Une fois par jour,Una vez por día,OD (once daily),,,,,,Frequency,N/A,,,,,,,,,,,,188
160863AAAAAAAAAAAAAAAAAAAAAAAAAAAAAA,,"Once daily, at bedtime","Une fois par jour, au coucher","Una vez al día, antes de acostarse",qHS,,,,,,Frequency,N/A,,,,,,,,,,,,189
160864AAAAAAAAAAAAAAAAAAAAAAAAAAAAAA,,"Once daily, in the evening","Une fois par jour, le soir","Una vez al día, por la noche",qPM,,,,,,Frequency,N/A,,,,,,,,,,,,190
160865AAAAAAAAAAAAAAAAAAAAAAAAAAAAAA,,"Once daily, in the morning","Une fois par jour, le matin","Una vez al día, por la mañana",qAM,,,,,,Frequency,N/A,,,,,,,,,,,,191
160866AAAAAAAAAAAAAAAAAAAAAAAAAAAAAA,,Thrice daily,Trois fois par jour,Tres veces por día,TD,,,,,,Frequency,N/A,,,,,,,,,,,,192
160867AAAAAAAAAAAAAAAAAAAAAAAAAAAAAA,,"Thrice daily, after meals","Trois fois par jour, après les repas",Tres veces por día después de las comidas,TIDPC,,,,,,Frequency,N/A,,,,,,,,,,,,193
160868AAAAAAAAAAAAAAAAAAAAAAAAAAAAAA,,"Thrice daily, before meals","Trois fois par jour, avant les repas","Tres veces por día, ante de las comidas",TIDAC,,,,,,Frequency,N/A,,,,,,,,,,,,194
160869AAAAAAAAAAAAAAAAAAAAAAAAAAAAAA,,"Thrice daily, with meals","Trois fois par jour, avec les repas","Tres veces por día, con las comidas",TIDWM,,,,,,Frequency,N/A,,,,,,,,,,,,195
160870AAAAAAAAAAAAAAAAAAAAAAAAAAAAAA,,Four times daily,Quatre fois par jour,Cuatro veces diarias,QID,,,,,,Frequency,N/A,,,,,,,,,,,,196
160871AAAAAAAAAAAAAAAAAAAAAAAAAAAAAA,,"Four times daily, after meals and at bedtime","Quatre fois par jour, après les repas et au coucher",Cuatro veces por día después de las comidas y antes de acostarse,QiIDPCHS,,,,,,Frequency,N/A,,,,,,,,,,,,197
160872AAAAAAAAAAAAAAAAAAAAAAAAAAAAAA,,"Four times daily, before meals and at bedtime","Quatre fois par jour, avant les repas et au coucher",Cuatro veces por día antes de las comidas y al acostarse,QIDACHS,,,,,,Frequency,N/A,,,,,,,,,,,,198
162135AAAAAAAAAAAAAAAAAAAAAAAAAAAAAA,,One time,Une fois,,,,,,,,Frequency,N/A,,,,,,,,,,,,199
162243AAAAAAAAAAAAAAAAAAAAAAAAAAAAAA,,Every 30 min,Toutes les 30 minutes,Cada treinta minutos,q30m,,,,,,Frequency,N/A,,,,,,,,,,,,200
162244AAAAAAAAAAAAAAAAAAAAAAAAAAAAAA,,Every hour,Toutes les heures,Cada hora,q1h,,,,,,Frequency,N/A,,,,,,,,,,,,201
162245AAAAAAAAAAAAAAAAAAAAAAAAAAAAAA,,Every two hours,Toutes les deux heures,Cada dos horas,q2h,,,,,,Frequency,N/A,,,,,,,,,,,,202
162246AAAAAAAAAAAAAAAAAAAAAAAAAAAAAA,,Every three hours,Toutes les trois heures,Cada tres horas,q3h,,,,,,Frequency,N/A,,,,,,,,,,,,203
162247AAAAAAAAAAAAAAAAAAAAAAAAAAAAAA,,Every four hours,Toutes les quatre heures,Cada cuatro horas,q4h,,,,,,Frequency,N/A,,,,,,,,,,,,204
162248AAAAAAAAAAAAAAAAAAAAAAAAAAAAAA,,Every five hours,Toutes les cinq heures,Cada cinco horas,q5h,,,,,,Frequency,N/A,,,,,,,,,,,,205
162249AAAAAAAAAAAAAAAAAAAAAAAAAAAAAA,,Every six hours,Toutes les six heures,Cada seis horas,q6h,,,,,,Frequency,N/A,,,,,,,,,,,,206
162250AAAAAAAAAAAAAAAAAAAAAAAAAAAAAA,,Every eight hours,Toutes les huit heures,Cada ocho horas,q8h,,,,,,Frequency,N/A,,,,,,,,,,,,207
162251AAAAAAAAAAAAAAAAAAAAAAAAAAAAAA,,Every twelve hours,Toutes les douze heures,Cada doce horas,q12h,,,,,,Frequency,N/A,,,,,,,,,,,,208
162252AAAAAAAAAAAAAAAAAAAAAAAAAAAAAA,,Every twenty-four hours,Toutes les vingt-quatre heures,Cada veinticuatro horas,q24h,,,,,,Frequency,N/A,,,,,,,,,,,,209
162253AAAAAAAAAAAAAAAAAAAAAAAAAAAAAA,,Every forty-eight hours,,Cada 48 horas,q48h,,,,,,Frequency,N/A,,,,,,,,,,,,210
162254AAAAAAAAAAAAAAAAAAAAAAAAAAAAAA,,Every thirty-six hours,Toutes les trente-six heures,Cada treinta y seis horas,q36h,,,,,,Frequency,N/A,,,,,,,,,,,,211
 162255AAAAAAAAAAAAAAAAAAAAAAAAAAAAAA,,Every seventy-two hours,Toutes les soixante-douze heures,Cada setenta y dos horas,q72h,,,,,,Frequency,N/A,,,,,,,,,,,,212
162256AAAAAAAAAAAAAAAAAAAAAAAAAAAAAA,,"Every monday, wednesday and friday","Trois fois par semaine le lundi, mercredi et vendredi","Tres veces por semana, lunes, miércoles y viernes",qMWF,,,,,,Frequency,N/A,,,,,,,,,,,,213
162257AAAAAAAAAAAAAAAAAAAAAAAAAAAAAA,,Non-coded frequency,Fréquence non codée,,,,,,,,Frequency,N/A,,,,,,,,,,,,214
1518AAAAAAAAAAAAAAAAAAAAAAAAAAAAAAAA,,Suppository,Suppositoire,Supositorio,Supp,,,,,,Units of Measure,N/A,,,,,,,,,,,,215
161553AAAAAAAAAAAAAAAAAAAAAAAAAAAAAA,,Milligram,Milligramme,Miligramo,mg,,,Unit of measurement of mass,,,Units of Measure,N/A,,,,,,,,,,,,216
161554AAAAAAAAAAAAAAAAAAAAAAAAAAAAAA,,Gram,Gramme,Gramo,gm,,,Unit of measurement of mass,,,Units of Measure,N/A,,,,,,,,,,,,217
162262AAAAAAAAAAAAAAAAAAAAAAAAAAAAAA,,Liter,Litre,Litro,L,,,"Unit of measurement, 1000 milliliters",,,Units of Measure,N/A,,,,,,,,,,,,218
162263AAAAAAAAAAAAAAAAAAAAAAAAAAAAAA,,Milliliter,Millilitre,Ml,mL,mL,,Unit of measurement 1/1000 of a liter,,,Units of Measure,N/A,,,,,,,,,,,,219
162335AAAAAAAAAAAAAAAAAAAAAAAAAAAAAA,,Ampule(s),Ampoule(s),Ampolla,Amp,,,A unit for dosing medications. ,,,Units of Measure,N/A,,,,,,,,,,,,220
162351AAAAAAAAAAAAAAAAAAAAAAAAAAAAAA,,Bar,Barre,Barra,,,,,,,Units of Measure,N/A,,,,,,,,,,,,221
162353AAAAAAAAAAAAAAAAAAAAAAAAAAAAAA,,Bottle,Bouteille,Frasco,,,,,,,Units of Measure,N/A,,,,,,,,,,,,222
162354AAAAAAAAAAAAAAAAAAAAAAAAAAAAAA,,Can,Bidon,Lata,,,,,,,Units of Measure,N/A,,,,,,,,,,,,223
162355AAAAAAAAAAAAAAAAAAAAAAAAAAAAAA,,Container,Conteneur,,,,,,,,Units of Measure,N/A,,,,,,,,,,,,224
162356AAAAAAAAAAAAAAAAAAAAAAAAAAAAAA,,Drop,Goutte (gtt),Gota,,,,Unit of measurement,Très petite quantité,,Units of Measure,N/A,,,,,,,,,,,,225
162357AAAAAAAAAAAAAAAAAAAAAAAAAAAAAA,,Enema,Lavement,Enema,,,,,,,Units of Measure,N/A,,,,,,,,,,,,226
162358AAAAAAAAAAAAAAAAAAAAAAAAAAAAAA,,Fluid ounce,Once liquide,Onza líquida,Oz,,,,,,Units of Measure,N/A,,,,,,,,,,,,227
162359AAAAAAAAAAAAAAAAAAAAAAAAAAAAAA,,Gallon,Gallon,Galón,gal,,,,,,Units of Measure,N/A,,,,,,,,,,,,228
162360AAAAAAAAAAAAAAAAAAAAAAAAAAAAAA,,Gum,Gomme,,,,,,,,Units of Measure,N/A,,,,,,,,,,,,229
162361AAAAAAAAAAAAAAAAAAAAAAAAAAAAAA,,Inch,Pouce (in),Pulg. - pulgada,in,,,,,,Units of Measure,N/A,,,,,,,,,,,,230
162362AAAAAAAAAAAAAAAAAAAAAAAAAAAAAA,,Kilogram,Kilogramme,Kilogramo,kg,,,,,,Units of Measure,N/A,,,,,,,,,,,,231
162363AAAAAAAAAAAAAAAAAAAAAAAAAAAAAA,,Lozenge,Pastille,,,,,,,,Units of Measure,Text,,,,,,,,,,,,232
162364AAAAAAAAAAAAAAAAAAAAAAAAAAAAAA,,Milliequivalent,Milliéquivalent,Miliequivalente,MEq,,,,,,Units of Measure,N/A,,,,,,,,,,,,233
162365AAAAAAAAAAAAAAAAAAAAAAAAAAAAAA,,Metric drop,Baisse métrique,,,,,,,,Units of Measure,N/A,,,,,,,,,,,,234
162366AAAAAAAAAAAAAAAAAAAAAAAAAAAAAA,,Microgram,Microgramme,Microgramo,mcg,,,,,,Units of Measure,N/A,,,,,,,,,,,,235
162367AAAAAAAAAAAAAAAAAAAAAAAAAAAAAA,,Million units,Millions d'unités,Unidad por millón,MU,,,,,,Units of Measure,N/A,,,,,,,,,,,,236
162368AAAAAAAAAAAAAAAAAAAAAAAAAAAAAA,,Nebulizer,Nébuliseur,,Neb,,,,,,Units of Measure,N/A,,,,,,,,,,,,237
162369AAAAAAAAAAAAAAAAAAAAAAAAAAAAAA,,Pad,Tampon,Almohadilla,,,,,,,Units of Measure,N/A,,,,,,,,,,,,238
162370AAAAAAAAAAAAAAAAAAAAAAAAAAAAAA,,Patch,Patch,Parche,,,,,,,Units of Measure,N/A,,,,,,,,,,,,239
162371AAAAAAAAAAAAAAAAAAAAAAAAAAAAAA,,Pint,Pinte,Pinta,,,,,,,Units of Measure,N/A,,,,,,,,,,,,240
162372AAAAAAAAAAAAAAAAAAAAAAAAAAAAAA,,Puff,Bouffée,Bocanada,,,,,,,Units of Measure,N/A,,,,,,,,,,,,241
162373AAAAAAAAAAAAAAAAAAAAAAAAAAAAAA,,Ring pessary,Pessaire,Pesario en anillo,,,,,,,Units of Measure,N/A,,,,,,,,,,,,242
162374AAAAAAAAAAAAAAAAAAAAAAAAAAAAAA,,Scoopful,Scoop,Cucharón,Scoop,,,,,,Units of Measure,N/A,,,,,,,,,,,,243
162375AAAAAAAAAAAAAAAAAAAAAAAAAAAAAA,,Spray,Aérosol,Aerosol,,,,,,,Units of Measure,N/A,,,,,,,,,,,,244
162376AAAAAAAAAAAAAAAAAAAAAAAAAAAAAA,,Application,Application,Aplicación,,,,,,,Units of Measure,N/A,,,,,,,,,,,,245
162377AAAAAAAAAAAAAAAAAAAAAAAAAAAAAA,,Syringe,Seringue,Jeringa,,,,,,,Units of Measure,N/A,,,,,,,,,,,,246
162378AAAAAAAAAAAAAAAAAAAAAAAAAAAAAA,,Tablespoon,Cuillère à soupe,Cucharada,Tbsp,,,,,,Units of Measure,N/A,,,,,,,,,,,,247
162379AAAAAAAAAAAAAAAAAAAAAAAAAAAAAA,,Teaspoon,Cuillère à thé,Cucharadita,Tsp,,,,,,Units of Measure,N/A,,,,,,,,,,,,248
162380AAAAAAAAAAAAAAAAAAAAAAAAAAAAAA,,Tube,Tube,Tubo,,,,,,,Units of Measure,N/A,,,,,,,,,,,,249
162381AAAAAAAAAAAAAAAAAAAAAAAAAAAAAA,,Unit,Unité,Unidad,U,,,,,,Units of Measure,N/A,,,,,,,,,,,,250
162382AAAAAAAAAAAAAAAAAAAAAAAAAAAAAA,,Vial,Fiole,Vial,,,,,,,Units of Measure,N/A,,,,,,,,,,,,251
162383AAAAAAAAAAAAAAAAAAAAAAAAAAAAAA,,Biscuit wafer,Gaufrette biscuit,Oblea,Wafer,,,,,,Units of Measure,N/A,,,,,,,,,,,,252
3b3c59bb-e32d-4ce0-9671-c6b1f27dc85b,,Piece,,,,,,,,,Units of Measure,N/A,,,,,,,,,,,,253
5c16ccfb-8331-4b72-aa9c-65eb159c236d,,Strip,,,,,,A unit of measure,,,Units of Measure,N/A,,,,,,,,,,,,254
a4fb71a6-1a1e-41d1-b925-4e42ac430684,,Blister tablet,,,,,,,,,Units of Measure,N/A,,,,,,,,,,,,255
160034AAAAAAAAAAAAAAAAAAAAAAAAAAAAAA,,Died,Dècédé	,Muerte,,,,,,,State,N/A,,,,,,,,,,,,256
1095606f-e3b9-4177-a2c8-8081295813fc,,Trophozoite of Plasmodium,Trophozoïte de Plasmodium,,,,,,,,Organism,N/A,,,,,,,,,,,,257
159663AAAAAAAAAAAAAAAAAAAAAAAAAAAAAA,,Gram-positive cocci,,Coco grampositivo,Gram-positive coccus,,,Type of bacteria that stains positive with gram stain.,,,Organism,N/A,,,,,,,,,,,,258
159664AAAAAAAAAAAAAAAAAAAAAAAAAAAAAA,,Gram-negative cocci,,Coco gramnegativo,Gram-negative coccus,,,Type of bacteria that does not stain with gram stain.,,,Organism,N/A,,,,,,,,,,,,259
160007AAAAAAAAAAAAAAAAAAAAAAAAAAAAAA,,Mycobacterium tuberculosis,Mycobacterium tuberculosis,,M. tuberculosis,,,Type of mycobacterium which can cause tuberculosis.,,,Organism,N/A,,,,,,,,,,,,260
31f24724-caf6-43a0-b99c-e2e3ff5eca8c,,Mpox virus clade 2b,Virus mpox clade 2b,,,,,,,,Organism,N/A,,,,,,,,,,,,261
884AAAAAAAAAAAAAAAAAAAAAAAAAAAAAAAAA,,Human immunodeficiency virus,Virus de l'immunodéficience humaine,infección asintomática por virus de la inmunodeficiencia humana,,,,The virus that causes the acquired immune deficiency syndrome (AIDS).,,,Organism,N/A,,,,,,,,,,,,262
8d9d26b2-7e53-4fdf-8ec8-f74d7f11c391,,Mpox virus clade 1b,Virus mpox clade 1b,,,,,,,,Organism,N/A,,,,,,,,,,,,263
9f43d93b-0e28-4eae-a543-1ef78064d7fb,,Gametocyte of Plasmodium,Gamétocyte de Plasmodium,,,,,,,,Organism,N/A,,,,,,,,,,,,264
ede877d4-43e6-4ec7-a0e9-0745dcb61d05,,Mpox virus clade 1,Virus mpox clade 1,,,,,,,,Organism,N/A,,,,,,,,,,,,265
efced7fe-5b48-49b4-a08a-3952e138431e,,Schizont of Plasmodium,Schizonte de Plasmodium,,,,,,,,Organism,N/A,,,,,,,,,,,,266
f7458f00-ed83-4b5b-bdd6-d0248e365f41,,Mpox virus clade 2a,Virus mpox clade 2a,,,,,,,,Organism,N/A,,,,,,,,,,,,267
1004AAAAAAAAAAAAAAAAAAAAAAAAAAAAAAAA,,Sputum,Expectorations	,Esputo,,,,"Matter coughed up and usually ejected from the mouth, including saliva, foreign material, and substances such as mucus or phlegm, from the respiratory tract.",,,Specimen,N/A,,,,,,,,,,,,268
159993AAAAAAAAAAAAAAAAAAAAAAAAAAAAAA,,Feces,Matières fécales,Materia fecal,,,,Waste matter discharged from the intestines through the anus; excrement (from Dictionary.com),,,Specimen,N/A,,,,,,,,,,,,269
159994AAAAAAAAAAAAAAAAAAAAAAAAAAAAAA,,Urine,Urine,Orina,,,,"Waste material that is secreted by the kidney, is rich in end products (as urea, uric acid, and creatinine) of protein metabolism together with salts and pigments, and forms a clear amber and usually slightly acid fluid (from Dictionary.com)",,,Specimen,N/A,,,,,,,,,,,,270
159995AAAAAAAAAAAAAAAAAAAAAAAAAAAAAA,,Cerebrospinal fluid,Liquide céphalo-rachidien,Líquido cefalorraquídeo,CSF,,,"The serumlike fluid that circulates through the ventricles of the brain, the cavity of the spinal cord, and the subarachnoid space, functioning in shock absorption (from Dictionary.com) ",,,Specimen,N/A,,,,,,,,,,,,271
159996AAAAAAAAAAAAAAAAAAAAAAAAAAAAAA,,Joint fluid,Liquide articulaire,Líquido articular,,,,A source of a sputum sample used in a TB test,,,Specimen,N/A,,,,,,,,,,,,272
159998AAAAAAAAAAAAAAAAAAAAAAAAAAAAAA,,Specimen from stomach,Aspiration gastrique,Muestra de estómago,,,,,,,Specimen,N/A,,,,,,,,,,,,273
159999AAAAAAAAAAAAAAAAAAAAAAAAAAAAAA,,Bronchial aspirate,Aspiration bronchique,Muestra de líquido bronquial,,,,A sample collection source,,,Specimen,N/A,,,,,,,,,,,,274
163349AAAAAAAAAAAAAAAAAAAAAAAAAAAAAA,,Pleural fluid,,Líquido pleural,,,,,,,Specimen,N/A,,,,,,,,,,,,275
163362AAAAAAAAAAAAAAAAAAAAAAAAAAAAAA,,Oropharyngeal swab specimen,,Muestra de hisopado obtenido de la orofaringe,Throat swab,,,Swab collected from the throat (soft palate and/or tonsils),,,Specimen,N/A,,,,,,,,,,,,276
163363AAAAAAAAAAAAAAAAAAAAAAAAAAAAAA,,Nasal swab specimen,,,Nasal swab,,,Swab collected from the anterior nares,,,Specimen,N/A,,,,,,,,,,,,277
163366AAAAAAAAAAAAAAAAAAAAAAAAAAAAAA,,Pericardial fluid specimen,,Muestra de líquido pericárdico,,,,Fluid collected from the pericardial space,,,Specimen,N/A,,,,,,,,,,,,278
163370AAAAAAAAAAAAAAAAAAAAAAAAAAAAAA,,Body fluid specimen,,Muestra de líquido corporal,,,,"Fluid collected for diagnostic purposes, body site unspecified",,,Specimen,N/A,,,,,,,,,,,,279
1e59e2a8-e40b-4c35-a87f-1e54f275a0cc,,Bone marrow specimen,,,,,,,,,Specimen,N/A,,,,,,,,,,,,280
9856203a-85c7-4adb-9732-e06d4b12f930,,Amniotic fluid specimen,,,,,,,,,Specimen,N/A,,,,,,,,,,,,281
162420AAAAAAAAAAAAAAAAAAAAAAAAAAAAAA,,Gel,,Gel,,,,Drug form,,,Drug form,N/A,,,,,,,,,,,,282
1063AAAAAAAAAAAAAAAAAAAAAAAAAAAAAAAA,,Blood transfusion,Transfusion sanguine,Transfusión de hemoderivado,,,,The process of administering fluid into a vein or an artery with blood.,,,Procedure,Boolean,,,,,,,,,,,,283
1167AAAAAAAAAAAAAAAAAAAAAAAAAAAAAAAA,,Disclosure counseling,Assistance au devoilement,,,,,,,,Procedure,N/A,,,,,,,,,,,,284
1171AAAAAAAAAAAAAAAAAAAAAAAAAAAAAAAA,,Cesarean section,Césarienne,Operación cesárea,,,,"A surgical incision through the abdominal wall and uterus, performed to deliver a fetus.",,,Procedure,N/A,,,,,,,,,,,,285
1422AAAAAAAAAAAAAAAAAAAAAAAAAAAAAAAA,,"Polio vaccination, inactivated",Vaccin  inactivé contre la poliomyélite,Administración de vacuna antipoliomielítica,IPV,,,,,,Procedure,Boolean,,,,,,,,,,,,286
1465AAAAAAAAAAAAAAAAAAAAAAAAAAAAAAAA,,Culture for mycobacteria,Culture mycobactérienne,Cultivo de Mycobacterium tuberculosis,,,,,,,Procedure,N/A,,,,,,,,,,,,287
1472AAAAAAAAAAAAAAAAAAAAAAAAAAAAAAAA,,Tubal ligation procedure,Ligature de trompes,Ligadura de la trompa de Falopio,,,,"The surgical procedure in fallopian tube to prevent pregnancy, a method of female sterilization.",LIGATURE DES TROMPES,,Procedure,N/A,,,,,,,,,,,,288
1489AAAAAAAAAAAAAAAAAAAAAAAAAAAAAAAA,,Vasectomy,Vasectomie,Vasectomía,,,,A method of male sterilization.,,,Procedure,N/A,,,,,,,,,,,,289
151596AAAAAAAAAAAAAAAAAAAAAAAAAAAAAA,,Change of dressing,Changement de pansement,Cambio de un vendaje,,,,Replacement of wound covering,,,Procedure,N/A,,,,,,,,,,,,290
159739AAAAAAAAAAAAAAAAAAAAAAAAAAAAAA,,Emergency caesarean section,,Cesárea de emergencia,,,,C-section done to deliver the baby due to emergency indications,,,Procedure,N/A,,,,,,,,,,,,291
159837AAAAAAAAAAAAAAAAAAAAAAAAAAAAAA,,Hysterectomy,Hystérectomie,Histerectomía,,,,A surgical procedure in which uterus is removed.,,,Procedure,N/A,,,,,,,,,,,,292
159900AAAAAAAAAAAAAAAAAAAAAAAAAAAAAA,,Meningococcal vaccination,,Vacunación antimeningocócica,,,,Immunization or vaccination against unspecified meningococcal infection,,,Procedure,N/A,,,,,,,,,,,,293
161157AAAAAAAAAAAAAAAAAAAAAAAAAAAAAA,,12-lead electrocardiogram,,ECG estándar,ECG/EKG,,,Standard test to monitor and record electrical activities of heart,,,Procedure,N/A,,,,,,,,,,,,294
161166AAAAAAAAAAAAAAAAAAAAAAAAAAAAAA,,Colonoscopy,Coloscopie totale,Colonoscopia,,,,An imaging study in which the colon is visualized through a scope inserted through the rectum,,,Procedure,N/A,,,,,,,,,,,,295
161171AAAAAAAAAAAAAAAAAAAAAAAAAAAAAA,,Mastectomy,,Escisión de tejido mamario,,,,"Surgery where the whole, or part of the breast(s) is/are removed",,,Procedure,N/A,,,,,,,,,,,,296
161172AAAAAAAAAAAAAAAAAAAAAAAAAAAAAA,,Lumpectomy of breast,,Nodulectomía de mama,,,,"Surgery where a lump or mass, such as a benign tumor, is removed",,,Procedure,N/A,,,,,,,,,,,,297
161173AAAAAAAAAAAAAAAAAAAAAAAAAAAAAA,,Radical prostatectomy,,Prostatectomía radical,,,,"Surgery where the prostate, with or without some adjacent tissue, is removed as part of prostate cancer management",,,Procedure,N/A,,,,,,,,,,,,298
161175AAAAAAAAAAAAAAAAAAAAAAAAAAAAAA,,Transplant surgery,,Trasplante,,,,Surgery where an organ or tissue is transplanted; types are classified according to the source of the replacement organ or tissue,,,Procedure,N/A,,,,,,,,,,,,299
161203AAAAAAAAAAAAAAAAAAAAAAAAAAAAAA,,Laparoscopic prostatectomy,,,,,,Minimally invasive surgery of prostate gland that uses scopes to visualize internal structures in lieu of direct visualization,,,Procedure,N/A,,,,,,,,,,,,300
161221AAAAAAAAAAAAAAAAAAAAAAAAAAAAAA,,Esophagogastroduodenoscopy,Endoscopie oeso-gastro-duodénale,Esofagogastroduodenoscopia,EGD,,,An imaging study which visualizes a cavity or lumen through a scope. This concept is for upper gastrointestinal tract.,,,Procedure,N/A,,,,,,,,,,,,301
161648AAAAAAAAAAAAAAAAAAAAAAAAAAAAAA,,Food support,L'aide alimentaire,,,,,Provision of food supplements to patient or family of patient,,,Procedure,Coded,,,,,,,,,,,,302
161649AAAAAAAAAAAAAAAAAAAAAAAAAAAAAA,,Micronutrient support,Soutien en micronutriments,,,,,Provision of micronutrients to patient or patient family for patient,,,Procedure,N/A,,,,,,,,,,,,303
161650AAAAAAAAAAAAAAAAAAAAAAAAAAAAAA,,Therapeutic feeding,Alimentation thérapeutique,Alimentar al paciente,,,,,,,Procedure,N/A,,,,,,,,,,,,304
161651AAAAAAAAAAAAAAAAAAAAAAAAAAAAAA,,Counseling about infant feeding practices,,Asesoramiento sobre alimentación del lactante,,,,,,,Procedure,Coded,,,,,,,,,,,,305
161665AAAAAAAAAAAAAAAAAAAAAAAAAAAAAA,,Suture of skin wound,Suture de plaie superficielle de la peau,Cierre de la piel por sutura,,,,,,,Procedure,N/A,,,,,,,,,,,,306
161685AAAAAAAAAAAAAAAAAAAAAAAAAAAAAA,,Amputation of forearm through radius and ulna,Amputation transradio-ulnaire,Amputación del antebrazo a través del radio y cúbito,,,,,,,Procedure,N/A,,,,,,,,,,,,307
161696AAAAAAAAAAAAAAAAAAAAAAAAAAAAAA,,Amputation of leg through femur,Amputation transfémorale,Amputación de la pierna a través del fémur,AKA,,,,,,Procedure,N/A,,,,,,,,,,,,308
161699AAAAAAAAAAAAAAAAAAAAAAAAAAAAAA,,Amputation of leg through tibia and fibula,Amputation transtibiale,Amputación de la pierna a través de la tibia y el peroné,BKA,,,,,,Procedure,N/A,,,,,,,,,,,,309
161700AAAAAAAAAAAAAAAAAAAAAAAAAAAAAA,,Amputation of foot through ankle,Amputation à la cheville,Amputación a nivel del tobillo,,,,,,,Procedure,N/A,,,,,,,,,,,,310
161703AAAAAAAAAAAAAAAAAAAAAAAAAAAAAA,,Amputation of toe,Amputation d'un orteil,,,,,,,,Procedure,N/A,,,,,,,,,,,,311
161719AAAAAAAAAAAAAAAAAAAAAAAAAAAAAA,,Tracheostomy,Trachéostomie,Incisión de la tráquea,,,,,,,Procedure,N/A,,,,,,,,,,,,312
161722AAAAAAAAAAAAAAAAAAAAAAAAAAAAAA,,Closure of tracheostomy,Fermeture de trachéotomie,Cierre de una traqueostomía,,,,,,,Procedure,N/A,,,,,,,,,,,,313
161727AAAAAAAAAAAAAAAAAAAAAAAAAAAAAA,,Total splenectomy,Splénectomie totale,Esplenectomía total,,,,,,,Procedure,N/A,,,,,,,,,,,,314
161728AAAAAAAAAAAAAAAAAAAAAAAAAAAAAA,,Partial splenectomy,Splénectomie partielle,Esplenectomía parcial,,,,,,,Procedure,N/A,,,,,,,,,,,,315
161768AAAAAAAAAAAAAAAAAAAAAAAAAAAAAA,,Appendectomy,Appendicectomie,Apendicectomía,,,,,,,Procedure,N/A,,,,,,,,,,,,316
161785AAAAAAAAAAAAAAAAAAAAAAAAAAAAAA,,Cholecystectomy,Cholécystectomie,Colecistectomía,,,,,,,Procedure,N/A,,,,,,,,,,,,317
161791AAAAAAAAAAAAAAAAAAAAAAAAAAAAAA,,Repair of inguinal hernia,Cure d'une hernie inguinale,Reparación de una hernia inguinal,,,,,,,Procedure,N/A,,,,,,,,,,,,318
161793AAAAAAAAAAAAAAAAAAAAAAAAAAAAAA,,Repair of ventral hernia,Cure de hernie de la paroi abdominale antérieure,Reparación de hernia ventral,,,,,,,Procedure,N/A,,,,,,,,,,,,319
161794AAAAAAAAAAAAAAAAAAAAAAAAAAAAAA,,Repair of epigastric hernia,Cure de hernie épigastrique,Reparación de hernia epigástrica,,,,,,,Procedure,N/A,,,,,,,,,,,,320
161795AAAAAAAAAAAAAAAAAAAAAAAAAAAAAA,,Repair of umbilical hernia,Cure de hernie ombilicale,Reparación de una hernia umbilical,,,,,,,Procedure,N/A,,,,,,,,,,,,321
161890AAAAAAAAAAAAAAAAAAAAAAAAAAAAAA,,Cesarean section with tubal ligation,Ligature des trompes après une section césarienne,,,,,,,,Procedure,N/A,,,,,,,,,,,,322
161970AAAAAAAAAAAAAAAAAAAAAAAAAAAAAA,,Above elbow amputation,Amputation transhumérale,Amputación por sobre el codo,,,,,,,Procedure,N/A,,,,,,,,,,,,323
162000AAAAAAAAAAAAAAAAAAAAAAAAAAAAAA,,"Amputation of finger, except thumb","Amputation d'un doigt, sauf pouce","Amputación de los dedos de la mano, excepto el pulgar",,,,,,,Procedure,N/A,,,,,,,,,,,,324
162001AAAAAAAAAAAAAAAAAAAAAAAAAAAAAA,,Amputation of thumb,Amputation du pouce,Amputación del pulgar,,,,,,,Procedure,N/A,,,,,,,,,,,,325
162812AAAAAAAAAAAAAAAAAAAAAAAAAAAAAA,,Cryosurgery of lesion of cervix,Cryochirurgie de lésion du col de l'utérus,Criocirugía de una lesión del cuello uterino,,,,,,,Procedure,N/A,,,,,,,,,,,,326
162897AAAAAAAAAAAAAAAAAAAAAAAAAAAAAA,,Laparoscopic cholecystectomy,"Cholécystectomie, par coelioscopie",Colecistectomía laparoscópica,,,,,,,Procedure,N/A,,,,,,,,,,,,327
162898AAAAAAAAAAAAAAAAAAAAAAAAAAAAAA,,Left colectomy,Colectomie gauche,Colectomía izquierda,,,,,,,Procedure,N/A,,,,,,,,,,,,328
162899AAAAAAAAAAAAAAAAAAAAAAAAAAAAAA,,Right colectomy,Colectomie droite,Colectomía derecha,,,,,,,Procedure,N/A,,,,,,,,,,,,329
162908AAAAAAAAAAAAAAAAAAAAAAAAAAAAAA,,Laparoscopic appendectomy,"Appendicectomie, par coelioscopie",Apendicectomía laparoscópica,,,,,,,Procedure,N/A,,,,,,,,,,,,330
162922AAAAAAAAAAAAAAAAAAAAAAAAAAAAAA,,Total colectomy,Résection du gros intestin,Colectomía total,,,,,,,Procedure,N/A,,,,,,,,,,,,331
163413AAAAAAAAAAAAAAAAAAAAAAAAAAAAAA,,Vaccination for Dengue fever,,,,,,,,,Procedure,N/A,,,,,,,,,,,,332
1636AAAAAAAAAAAAAAAAAAAAAAAAAAAAAAAA,,Referral for pregnancy termination,Consultation pour avortement,Derivación para aborto terapéutico,Referral for termination,,,Referral for pregnancy termination or abortion.,,,Procedure,Boolean,,,,,,,,,,,,333
163948AAAAAAAAAAAAAAAAAAAAAAAAAAAAAA,,Laparoscopic excision of ovary,,Resección laparoscópica de ovario,,,,,,,Procedure,N/A,,,,,,,,,,,,334
163971AAAAAAAAAAAAAAAAAAAAAAAAAAAAAA,,Partial colectomy with anastomosis,,Colectomía parcial con anastomosis quirúrgica,,,,,,,Procedure,N/A,,,,,,,,,,,,335
164001AAAAAAAAAAAAAAAAAAAAAAAAAAAAAA,,Total abdominal colectomy with ileostomy,,"Colectomía abdominal total, con ileostomía",,,,,,,Procedure,N/A,,,,,,,,,,,,336
164010AAAAAAAAAAAAAAAAAAAAAAAAAAAAAA,,"Amputation of hand, thumb or finger",,"Amputación de mano, pulgar u otro dedo de la mano",,,,,,,Procedure,N/A,,,,,,,,,,,,337
164544AAAAAAAAAAAAAAAAAAAAAAAAAAAAAA,,Incision and drainage of wound,,Incisión y drenaje de herida,,,,,,,Procedure,N/A,,,,,,,,,,,,338
164649AAAAAAAAAAAAAAAAAAAAAAAAAAAAAA,,Laparoscopic biopsy of liver,,Biopsia laparoscópica de hígado,,,,,,,Procedure,N/A,,,,,,,,,,,,339
164680AAAAAAAAAAAAAAAAAAAAAAAAAAAAAA,,Laparoscopic lysis of adhesion,,Laparoscopia con lisis de adherencias,,,,,,,Procedure,N/A,,,,,,,,,,,,340
1651AAAAAAAAAAAAAAAAAAAAAAAAAAAAAAAA,,Name of Procedure performed,Procédure effectuée,,Procedure performed,,,Procedures/tests/performed,,,Procedure,Coded,,,,,,,,,,,,341
165616AAAAAAAAAAAAAAAAAAAAAAAAAAAAAA,,Administration of severe acute respiratory syndrome coronavirus 2 (SARS-CoV-2) vaccine,Administration du vaccin contre le coronavirus 2 du syndrome respiratoire aigu sévère (SARS-CoV-2),Vacunación contra coronavirus del síndrome respiratorio agudo grave 2,,,,,,,Procedure,N/A,,,,,,,,,,,,342
166536AAAAAAAAAAAAAAAAAAAAAAAAAAAAAA,,Pre-exposure prophylaxis (PrEP),Prophylaxie pré-exposition (PrEP),,,,,,,,Procedure,N/A,,,,,,,,,,,,343
166660AAAAAAAAAAAAAAAAAAAAAAAAAAAAAA,,Administration of booster severe acute respiratory syndrome coronavirus 2 (SARS-CoV-2) vaccine,,,,,,,,,Procedure,N/A,,,,,,,,,,,,344
166706AAAAAAAAAAAAAAAAAAAAAAAAAAAAAA,,Thermocauterization of cervix,Thermocautérisation du col de l'utérus,Termocauterización del cuello uterino,,,,,,,Procedure,N/A,,,,,,,,,,,,345
166725AAAAAAAAAAAAAAAAAAAAAAAAAAAAAA,,Revision of amputation stump,Révision du moignon d'amputation,,,,,,,,Procedure,N/A,,,,,,,,,,,,346
1686AAAAAAAAAAAAAAAAAAAAAAAAAAAAAAAA,,DPT/HIB/HEPB vaccination,DTP/HIB/HEPB,,DPT/HIB/HepB,,,Vaccination procedure with DPT/HIB/HEPB combined vaccine,,,Procedure,N/A,,,,,,,,,,,,347
1934AAAAAAAAAAAAAAAAAAAAAAAAAAAAAAAA,,Suture wound with dressing,,,,,,,,,Procedure,N/A,,,,,,,,,,,,348
1f89aab8-a830-4469-98b4-2f19143d7244,,Haemophilus influenzae B vaccination,,,,,,,,,Procedure,N/A,,,,,,,,,,,,349
2537896a-7d27-4c71-8e93-4c265ffa5954,,Discharge from hospital,,,,,,,,,Procedure,N/A,,,,,,,,,,,,350
2967590d-4fdb-4838-905d-edfc19a1c587,,Influenza vaccination,,,,,,,,,Procedure,N/A,,,,,,,,,,,,351
36AAAAAAAAAAAAAAAAAAAAAAAAAAAAAAAAAA,,Measles vaccination,Vaccin anti-rougeole,Vacunación contra el sarampión,Measles vaccination,,,Vaccination against measles (IM).,,,Procedure,Coded,,,,,,,,,,,,352
441AAAAAAAAAAAAAAAAAAAAAAAAAAAAAAAAA,,Clean and dressing,Nettoyage et pansement,Vendaje de herida,,,,"Local care for wounds, infected and non-infected.",,,Procedure,N/A,,,,,,,,,,,,353
5276AAAAAAAAAAAAAAAAAAAAAAAAAAAAAAAA,,Female sterilization,Stérilisation féminine,Esterilización femenina,,,,"Permanent methods of family planning in which surgical procedure is done in female genital system to prevent pregnancy. Examples include tubal ligation, laparoscopic sterilization, salpingectomy and others",,,Procedure,N/A,,,,,,,,,,,,354
5483AAAAAAAAAAAAAAAAAAAAAAAAAAAAAAAA,,Family planning services,Service de Planification familaile,Servicio de planificación familiar,,,,none,,,Procedure,Boolean,,,,,,,,,,,,355
5484AAAAAAAAAAAAAAAAAAAAAAAAAAAAAAAA,,Nutritional support,soutien nutritionnel	,Apoyo nutricional,,,,Nutritional counseling or support for patient or patient's family,,,Procedure,Coded,,,,,,,,,,,,356
5488AAAAAAAAAAAAAAAAAAAAAAAAAAAAAAAA,,Adherence counseling,Assistance conseillée,,,,,Counseling about importance of remaining consistent with therapy,,,Procedure,N/A,,,,,,,,,,,,357
5490AAAAAAAAAAAAAAAAAAAAAAAAAAAAAAAA,,Psychosocial counseling,soutien psychosocial	,,,,,Counseling provided for psychosocial support.,,,Procedure,N/A,,,,,,,,,,,,358
54AAAAAAAAAAAAAAAAAAAAAAAAAAAAAAAAAA,,Tetanus booster,Rappel vaccin: tétanos,Administración de dosis de refuerzo de vacuna que contiene antígeno de Clostridium tetani como único ingrediente,,,,Booster vaccination against tetanus.,,,Procedure,Coded,,,,,,,,,,,,359
5576AAAAAAAAAAAAAAAAAAAAAAAAAAAAAAAA,,ARV for mother,ARV pour les mères,,,,,ARVs given for PMTCT to mother during antenatal period. See concept 159595 for during labor and delivery.,,,Procedure,Boolean,,,,,,,,,,,,360
5864AAAAAAAAAAAAAAAAAAAAAAAAAAAAAAAA,,Yellow fever vaccination,Vaccination contre la fièvre jaune,Vacunación antiamarílica,,,,Vaccination given for Yellow Fever.,,,Procedure,N/A,,,,,,,,,,,,361
646e5c57-c07d-4752-b1b3-dc4e14959419,,Valvuloplasty,,,,,,,,,Procedure,N/A,,,,,,,,,,,,362
650ae97a-24cb-4745-b9b6-ef4e941793c1,,PMTCT,,,,,,,,,Procedure,N/A,,,,,,,,,,,,363
654781a2-5b3d-4fc6-a55b-66e8d7bce2f8,,Orbital surgery,,,,,,,,,Procedure,N/A,,,,,,,,,,,,364
6c893ea6-6f9b-4136-9ac1-7cab541a85c4,,Replacement of bioprosthetic heart valve,,,,,,Replacement of heart valve with a biologic or bioprosthetic valve,,,Procedure,N/A,,,,,,,,,,,,365
77eafb3f-58d3-4397-a6dc-d2c06e9062f3,,Admit to hospital,,,,,,,,,Procedure,N/A,,,,,,,,,,,,366
781AAAAAAAAAAAAAAAAAAAAAAAAAAAAAAAAA,,Diphtheria tetanus and pertussis vaccination,"VACCINATION contre la Diphtérie, tétanos et la coqueluche","Vacunación para difteria, tos ferina, y tétanos",Dtap,,,"Vaccination given for diphtheria, tetanus, and acellular pertussis infections",,,Procedure,Coded,,,,,,,,,,,,367
782AAAAAAAAAAAAAAAAAAAAAAAAAAAAAAAAA,,Hepatitis B vaccination,Vaccin contre hepatite b,Administración de vacuna que contiene antígeno de virus Hepatitis B como único ingrediente,,,,Vaccination given for hepatitis B.,,,Procedure,N/A,,,,,,,,,,,,368
783AAAAAAAAAAAAAAAAAAAAAAAAAAAAAAAAA,,"Polio vaccination, oral","Vaccination contre la polio, par voie orale",,Oral polio vacc,,,Vaccination given for polio.,,,Procedure,Coded,,,,,,,,,,,,369
87b99483-b584-425f-ae1e-95d720b73d08,,Administration of human papilloma virus (HPV) vaccine,,Administración de vacuna que contiene antígeno de Papilomavirus humano,,,,,,,Procedure,N/A,,,,,,,,,,,,370
886AAAAAAAAAAAAAAAAAAAAAAAAAAAAAAAAA,,Bacillus Calmette–Guérin vaccine,Bacille de Calmette–Guérin,Inmunización BCG,BCG,,,Deactivated tuberculous agent as basis for tuberculosis vaccination.,,,Procedure,Coded,,,,,,,,,,,,371
8d16da90-a29e-4375-97e8-a47fe1e259e8,,Thermal ablation (Cryotherapy or Thermal ablation),,,,,,,,,Procedure,N/A,,,,,,,,,,,,372
8daa7635-b35f-442c-a0fa-39edbee2b3a6,,Replacement of artificial heart valve,,,,,,,,,Procedure,N/A,,,,,,,,,,,,373
a376a9c1-9470-4224-b435-dbdc040cfe53,,Total arthroplasty of left hip,,Reemplazo total de articulación de la cadera izquierda,,,,,,,Procedure,N/A,,,,,,,,,,,,374
c11d0e7c-0a29-41eb-b39b-a3acd8b5a851,,"Administration of live, attenuated measles, mumps and rubella vaccine",,,,,,,,,Procedure,N/A,,,,,,,,,,,,375
d21e2be5-0f22-4bd9-9285-3f866276776e,,Total arthroplasty of right hip,,Reemplazo total de articulación de cadera derecha,,,,,,,Procedure,N/A,,,,,,,,,,,,376
dc98ea48-66e9-4b2a-8533-3833f8200d06,,Internal facility transfer/referral,,Traslado intrahospitalario del paciente,,,,,,,Procedure,N/A,,,,,,,,,,,,377
037971b5-4272-43f1-8d48-50677d8f00b6,,Plasmodium species seen on smear,Espèce Plasmodium vue sur frottis,,,,,,,,Test,Coded,,,,,,,,,,,,378
09b4f7a6-d6b7-4d7e-a09d-47e2be77c150,,Malaria smear impression,Impression frottis paludéen,,,,,,,,Test,Text,,,,,,,,,,,,379
0be09073-cbd2-47cb-9b82-8482d49e6949,,Dengue virus IgG antibody detection by immunoassay in serum/plasma,,,,,,,,,Test,Coded,,,,,,,,,,,,380
1006AAAAAAAAAAAAAAAAAAAAAAAAAAAAAAAA,,Total cholesterol (mmol/L),Cholestérol total,Medición de colesterol total,Chol,,,Test often used to help establish later risk of heart disease,,,Test,Numeric,,,,,Yes,mmol/L,,5.17,0.0,,,381
1007AAAAAAAAAAAAAAAAAAAAAAAAAAAAAAAA,,High-density lipoprotein cholesterol measurement (mmol/L),Mesure du cholestérol HDL (mmol/L),Medición sérica de colesterol HDL,HDL,,,Test for HDL cholesterol is used along with other lipid tests to determine risk of heart disease.,,,Test,Numeric,,,,,Yes,mmol/L,0.91,,0.0,,,382
1008AAAAAAAAAAAAAAAAAAAAAAAAAAAAAAAA,,Low-density lipoprotein cholesterol (mmol/L),Cholestérol LDL (mmol/L),Medición del colesterol de las lipoproteínas de baja densidad,LDL,,,Test for LDL cholesterol is used along with other lipid tests to determine risk of heart disease.,,,Test,Numeric,,,,,Yes,mmol/L,,2.59,0.0,,,383
1009AAAAAAAAAAAAAAAAAAAAAAAAAAAAAAAA,,Triglycerides (mmol/L),Triglycérides,Medición de triacilglicerol,TG,,,"Blood component, measure of fat concentration in blood.",,,Test,Numeric,,,,,Yes,mmol/L,,2.26,0.0,,,384
1011AAAAAAAAAAAAAAAAAAAAAAAAAAAAAAAA,,Creatine kinase,Créatine kinase,Medición de isoenzimas de creatinquinasa,CK,,,Blood product of muscular cell damage,,,Test,Numeric,,,,,No,IU/L,26.0,174.0,0.0,,,385
1013AAAAAAAAAAAAAAAAAAAAAAAAAAAAAAAA,,Serum lipase,Lipase sérum,Determinación de nivel sérico de lipasa,Lipase,,,"The blood test for lipase is used to help diagnose pancreatitis (swelling of the pancreas) and other pancreatic disease. It is also used to a lesser extent in the diagnosis and follow-up of cystic fibrosis, celiac disease, and Crohn's disease.",,,Test,Numeric,,,,,No,IU/L,,,0.0,,,386
1014AAAAAAAAAAAAAAAAAAAAAAAAAAAAAAAA,,Lactate dehydrogenase,Lactate déshydrogénase,Medición de lactato deshidrogenasa,LDH,,,"General indicator of the existence and severity of acute or chronic tissue damage and, sometimes, as a monitor of progressive conditions.",,,Test,Numeric,,,,,No,IU/L,,,0.0,,,387
1015AAAAAAAAAAAAAAAAAAAAAAAAAAAAAAAA,,Hematocrit,Hématocrite,,Hct,,,Percent of whole blood that is composed of red blood cells.,,,Test,Numeric,,,,,Yes,%,32.3,51.9,0.0,100.0,,388
1016AAAAAAAAAAAAAAAAAAAAAAAAAAAAAAAA,,Red cell distribution width,Largeur de distribution des gloubules rouges,Determinación de la eritrosedimentación,RDW,,,Measurement of the amount that red blood cells vary in size,,,Test,Numeric,,,,,Yes,%,10.0,20.0,0.0,,,389
1017AAAAAAAAAAAAAAAAAAAAAAAAAAAAAAAA,,Mean cell hemoglobin concentration,Moyenne hémoglobine cellulaire concentration,Determinación de CHCM,MCHC,CCMH,,Average concentration of hemoglobin in a given volume of blood.,,,Test,Numeric,,,,,Yes,g/dL,33.0,37.0,0.0,,,390
1018AAAAAAAAAAAAAAAAAAAAAAAAAAAAAAAA,,Mean corpuscular hemoglobin,Hémoglobine corpusculaires moyenne,Determinación de hemoglobina corpuscular media,MCH,TCMH,,"A calculation of the amount of oxygen-carrying hemoglobin inside RBCs. Since macrocytic RBCs are larger than either normal or microcytic RBCs, they would also tend to have higher MCH values.",,,Test,Numeric,,,,,Yes,pg,26.0,34.0,0.0,,,391
1021AAAAAAAAAAAAAAAAAAAAAAAAAAAAAAAA,,Lymphocytes,Lymphocytes,Linfocito (célula),Lymph,,,Agranulocytic leukocyte that normally makes up about 25% of the total white blood cell count but increases in the presence of infection.,,,Test,Numeric,,,,,No,%,,,0.0,100.0,,392
1022AAAAAAAAAAAAAAAAAAAAAAAAAAAAAAAA,,Neutrophils,Neutrophiles,Neutrófilos,Polys,,,Type of white blood cell which forms an early line of defence against bacterial infections,,,Test,Numeric,,,,,No,%,,,0.0,100.0,,393
1023AAAAAAAAAAAAAAAAAAAAAAAAAAAAAAAA,,Monocytes,Monocytes,Recuento de monocitos,Monos,,,"Large, circulating, phagocytic white blood cells, having a single well-defined nucleus and very fine granulation in the cytoplasm. Monocytes constitute from 3 to 8 percent of the white blood cells in humans.",,,Test,Numeric,,,,,No,%,,,0.0,100.0,,394
1024AAAAAAAAAAAAAAAAAAAAAAAAAAAAAAAA,,Eosinophils,Éosinophiles,,Eos,,,"A type of white blood cell found in vertebrate blood, containing cytoplasmic granules that are easily stained by eosin or other acid dyes.",,,Test,Numeric,,,,,No,%,,,0.0,100.0,,395
1025AAAAAAAAAAAAAAAAAAAAAAAAAAAAAAAA,,Basophils (percent),Basophiles (%),Basófilos (%),Basophils,,,"Type of leukocyte, with coarse granules that stain blue when exposed to a basic dye. Basophils normally constitute 1% or less of the total white blood cell count but may increase or decrease in certain diseases.",,,Test,Numeric,,,,,No,%,,,0.0,100.0,,396
1030AAAAAAAAAAAAAAAAAAAAAAAAAAAAAAAA,,"HIV DNA polymerase chain reaction, qualitative","Test VIH (PSR), qualitatif",,HIV PCR qual,,,Qualitiative test to determine HIV infection,,,Test,Coded,,,,,,,,,,,,397
1033AAAAAAAAAAAAAAAAAAAAAAAAAAAAAAAA,,Chlamydia trachomatis polymerase chain reaction,Réaction en chaîne par polymérase pour la détection de Chlamydia trachomatis,Prueba de reacción de la polimerasas en cadena para Chlamydia trachomatis,CT PCR,,,Test to detect chlamydial infections via PCR,,,Test,Numeric,,,,,No,copies/ml,,,0.0,,,398
1034AAAAAAAAAAAAAAAAAAAAAAAAAAAAAAAA,,"Chlamydia trachomatis polymerase chain reaction, qualitative","Reaction en chaîne de la polymérase de Chlamydia trachomatis, qualitative",Prueba de reacción de la polimerasas en cadena para Chlamydia trachomatis (duplicate), cualitativa,CT qual,,,Qualitative test to detect chlamydia infections via PCR,,Test,Coded,Coded,Coded,,,,,,,,,,
1036AAAAAAAAAAAAAAAAAAAAAAAAAAAAAAAA,,Neisseria gonorrhoeae polymerase chain reaction,,Prueba de reacción en cadena de polimerasa para Neisseria gonorrhea,GC PCR,,,Test to detect neisseria infections via PCR,,,Test,Coded,,,,,,,,,,,,400
1038AAAAAAAAAAAAAAAAAAAAAAAAAAAAAAAA,,"Neisseria gonorrhoeae polymerase chain reaction, qualitative",,Prueba de reacción en cadena de polimerasa para Neisseria gonorrhea (duplicate), cualitativa,GC PCR qual,,,Qualitative test to detect gonococcal infections via PCR,,Test,Coded,Coded,Coded,,,,,,,,,,
1040AAAAAAAAAAAAAAAAAAAAAAAAAAAAAAAA,,"HIV rapid test 1, qualitative","Test rapide VIH 1, qualitative",Prueba rápida para detección de anticuerpos anti-VIH-1,HIV rapid 1 qual,,,Qualitative interpretation of rapid HIV screening test 1.,,,Test,Coded,,,,,,,,,,,,402
1041AAAAAAAAAAAAAAAAAAAAAAAAAAAAAAAA,,"HIV enzyme immunoassay, quantitative","Test VIH (elisa), quantitatif",,HIV eia quant,,,Quantitative result for initial HIV screening test,,,Test,Numeric,,,,,No,OD,,,,,,403
1042AAAAAAAAAAAAAAAAAAAAAAAAAAAAAAAA,,"HIV enzyme immunoassay, qualitative","Test VIH (elisa), qualitatif",Ensayo de inmunoadsorción ligado a enzimas (ELISA) para determinación de la presencia del virus de la inmunodeficiencia humana 1,HIV eia qual,,,Qualitative interpretation of initial screening test for HIV,,,Test,Coded,,,,,,,,,,,,404
1047AAAAAAAAAAAAAAAAAAAAAAAAAAAAAAAA,,"HIV western blot, qualitative","Test VIH (western blot), qualitatif",,HIV wb qual,,,Qualitative interpretation of western blot test for HIV confirmation.,,,Test,Coded,,,,,,,,,,,,405
1132AAAAAAAAAAAAAAAAAAAAAAAAAAAAAAAA,,Serum sodium,Natrémie,Medición de sodio en suero,Na,,,Laboratory test that determines a blood serum sodium level.,,,Test,Numeric,,,,,No,mmol/L,142.0,151.0,0.0,,,406
1133AAAAAAAAAAAAAAAAAAAAAAAAAAAAAAAA,,Serum potassium,Kaliémie,Medición sérica de potasio,K,,,Laboratory test that determines a blood serum potassium level.,,,Test,Numeric,,,,,Yes,mmol/L,3.5,5.6,0.0,,,407
1134AAAAAAAAAAAAAAAAAAAAAAAAAAAAAAAA,,Serum chloride,Chlorure serum,Medición sérica de cloruro,Cl,,,Laboratory test that determines a blood serum chloride level.,,,Test,Numeric,,,,,No,mmol/L,96.0,107.0,0.0,,,408
1135AAAAAAAAAAAAAAAAAAAAAAAAAAAAAAAA,,Serum carbon dioxide,Sérum dioxyde de carbone,Determinación de nivel sérico de bicarbonato,CO2,,,Laboratory test that determines a blood serum carbon dioxide level.,,,Test,Numeric,,,,,No,mmol/L,22.0,27.0,0.0,,,409
1247d033-8d7f-44d6-9417-58832a08af1f,,Body fluid bicarbonate panel after secretin stimulation,,,,,,,,,Test,Coded,,,,,,,,,,,,410
1297AAAAAAAAAAAAAAAAAAAAAAAAAAAAAAAA,,Direct bilirubin,Bilirubine Directe,Bilirrubina de reacción directa,Dbili,,,Bilirubin is a breakdown product of hemoglobin. Total and direct bilirubin are usually measured to screen for or to monitor liver or gall bladder dysfunction.,,,Test,Numeric,,,,,No,umol/L,,,0.0,,,411
1298AAAAAAAAAAAAAAAAAAAAAAAAAAAAAAAA,,Very low density lipoprotein measurement (mmol/L),Lipoprotéines de très basse densité,Lipoproteína de muy baja densidad,VLDL (mmol/L),,,"Very Low Density Lipoprotein (VLDL) is one of three major lipoprotein particles.  VLDL contains the highest amount of triglyceride. Since VLDL contains most of the circulating triglyceride and since the compositions of the different particles are relatively constant, it is possible to estimate the amount of VLDL cholesterol by dividing the triglyceride value (in mg/dL) by 5.",,,Test,Numeric,,,,,No,mmol/L,,,0.0,,,412
1299AAAAAAAAAAAAAAAAAAAAAAAAAAAAAAAA,,Amylase,Amylase,Medición de amilasa,,,,To diagnose pancreatitis or other pancreatic diseases,,,Test,Numeric,,,,,No,IU/L,28.0,200.0,0.0,,,413
1305AAAAAAAAAAAAAAAAAAAAAAAAAAAAAAAA,,"HIV viral load, qualitative","VIH charge virale, qualitatif",,"Viral load, qual",,,This is a qualitative result for the number of copies/ml of DNA/RNA in patients with HIV.,"CHARGE VIRALE VIH, QUALTITATIF",,Test,Coded,,,,,,,,,,,,414
1318AAAAAAAAAAAAAAAAAAAAAAAAAAAAAAAA,,"HIV enzyme immunoassay (cut-off od), quantitative","Immunoessai enzymatique VIH (cut-off od), quantitatif",,HIV EIA (cut-off od) quant,,,Quantitative cut-off result for initial HIV screening test,,,Test,Numeric,,,,,No,CUT-OFF OD,,,,,,415
1325AAAAAAAAAAAAAAAAAAAAAAAAAAAAAAAA,,Hepatitis C test - qualitative,Test hépatite C  - Qualitative,,Hep C test - qual,,,,,,Test,Coded,,,,,,,,,,,,416
1326AAAAAAAAAAAAAAAAAAAAAAAAAAAAAAAA,,"HIV rapide test 2, qualitative","Test rapid VIH 2, qualitative",,HIV rapid 2 qual,,,Qualitative interpretation of rapid HIV screening test 2.,,,Test,Coded,,,,,,,,,,,,417
1327AAAAAAAAAAAAAAAAAAAAAAAAAAAAAAAA,,Reticulocytes (%),Réticulocytes (%),Recuento porcentual de reticulocitos,Retics (%),,,Help determine if the bone marrow is responding adequately to the body's need for RBCs and to help determine the cause of and classify different types of anemia.Reticulocyte (%) = [Number of Reticulocytes / Number of Red Blood Cells] X 100,,,Test,Numeric,,,,,No,%,,,0.0,100.0,,418
1336AAAAAAAAAAAAAAAAAAAAAAAAAAAAAAAA,,Neutrophils (%) - microscopic exam,Neutrophiles (%),Recuento de neutrófilos,,,,"Test to find, count and examine Neutrophils the type of white blood cell which form an early line of defence against bacterial infections by using microscopic exam",,,Test,Numeric,,,,,No,%,,,0.0,100.0,,419
1338AAAAAAAAAAAAAAAAAAAAAAAAAAAAAAAA,,Lymphocytes (%) - microscopic exam,Lymphocytes (%),Recuento diferencial de linfocitos,,,,Agranulocytic leukocyte that normally makes up about 25% of the total white blood cell count but increases in the presence of infection.  This is a microscopic exam.,,,Test,Numeric,,,,,No,%,,,0.0,100.0,,420
1339AAAAAAAAAAAAAAAAAAAAAAAAAAAAAAAA,,Monocytes (%) - microscopic exam,Monocytes (%),Recuento diferencial de monocitos,,,,"Large, circulating, phagocytic white blood cells, having a single well-defined nucleus and very fine granulation in the cytoplasm. Monocytes constitute from 3 to 8 percent of the white blood cells in humans.  This is a microscopic exam.",,,Test,Numeric,,,,,No,%,,,0.0,100.0,,421
1340AAAAAAAAAAAAAAAAAAAAAAAAAAAAAAAA,,Eosinophils (%) - microscopic exam,Eosinophiles (%),Recuento diferencial del porcentaje de eosinófilos,,,,"A type of white blood cell found in vertebrate blood, containing cytoplasmic granules that are easily stained by eosin or other acid dyes.  This is a microscopic exam.",,,Test,Numeric,,,,,No,%,,,0.0,100.0,,422
1341AAAAAAAAAAAAAAAAAAAAAAAAAAAAAAAA,,Basophils (%) - microscopic exam,Basophiles (%) - examen microscopique,Recuento del porcentaje de basófilos,,,,"Type of leukocyte, with coarse granules that stain blue when exposed to a basic dye. Basophils normally constitute 1% or less of the total white blood cell count but may increase or decrease in certain diseases.  This is a microscopic exam.",,,Test,Numeric,,,,,No,%,,,0.0,100.0,,423
1367AAAAAAAAAAAAAAAAAAAAAAAAAAAAAAAA,,Sputum gram stain,Examen des crachats,,"Gram Stain, Sputum",,,,,,Test,Coded,,,,,,,,,,,,424
1369AAAAAAAAAAAAAAAAAAAAAAAAAAAAAAAA,,Urobilinogen,,Medición de urobilinógeno en orina,Urobilinogen,,,Urobolinogen test in urine.,,,Test,Coded,,,,,,,,,,,,425
1458AAAAAAAAAAAAAAAAAAAAAAAAAAAAAAAA,,Serum glucose (mmol),Glycémie (mmol),Medición de glucosa en suero (mmol),Glu,,,,,,Test,Numeric,,,,,Yes,mmol/L,,,,,,426
159362AAAAAAAAAAAAAAAAAAAAAAAAAAAAAA,,Fecal occult blood test,Test de sang occulte dans les selles,Detección selectiva de sangre oculta en las heces,FOBT,,,"Stool guaiac, hemoccult, peroxidase test for occult blood in stool",,,Test,Coded,,,,,,,,,,,,427
159430AAAAAAAAAAAAAAAAAAAAAAAAAAAAAA,,Hepatitis B Surface Antigen Test,Antigène de surface du virus de l'hépatite B,Medición del antígeno de superficie de la hepatitis B,HBsAg,Ag VHB,,The test is qualitative immunoassay to find out Hepatitis B infection which detects Hepatitis B surface antigen in serum or blood.,,,Test,Coded,,,,,,,,,,,,428
159497AAAAAAAAAAAAAAAAAAAAAAAAAAAAAA,,Serum calcium,Calcémie,Medición sérica de calcio,Ca,,,Measurement of serum calcium level,,,Test,Numeric,,,,,Yes,mg/dL,,,,,,429
159644AAAAAAAAAAAAAAAAAAAAAAAAAAAAAA,,Glycosylated hemoglobin A measurement,Mesure de l'hémoglobine glyquée,Medición de hemoglobina A1c,HbA1c,,,Glycosylated hemoglobin A (HbA1c) test is measured in percent and is gives an indication of average serum glucose levels over several months.,,,Test,Numeric,,,,,Yes,%,,,0.0,,,430
159646AAAAAAAAAAAAAAAAAAAAAAAAAAAAAA,,Cerebrospinal fluid protein measurement,Mesure de protéines dans le liquide céphalo-rachidien,Proteína del líquido cefalorraquídeo,CSF protein,,,Examination of protein level in CSF in mg/dL,,,Test,Numeric,,,,,Yes,mg/dL,,,,,,431
159647AAAAAAAAAAAAAAAAAAAAAAAAAAAAAA,,Cerebrospinal fluid glucose,,,CSF glucose,,,Measurement of glucose in CSF sample in mg/dL,,,Test,Numeric,,,,,Yes,mg/dL,,,,,,432
159648AAAAAAAAAAAAAAAAAAAAAAAAAAAAAA,,Cerebrospinal fluid bacterial culture,Culture bactérienne liquide céphalorachidien,,CSF bacterial culture,,,Bacterial culture of CSF sample,,,Test,Text,,,,,,,,,,,,433
159650AAAAAAAAAAAAAAAAAAAAAAAAAAAAAA,,Cerebrospinal fluid appearance,,Aspecto del líquido cefalorraquídeo,CSF appearance,,,Appearance of CSF on macroscopic evaluation,,,Test,Text,,,,,,,,,,,,434
159653AAAAAAAAAAAAAAAAAAAAAAAAAAAAAA,,"Creatine kinase, isoenzyme MB fraction","créatine kinase, fraction isoenzyme MB",Medición de creatinquinasa MB,CK-mb %,,,Myocardial band fraction of creatine kinase in percent,,,Test,Numeric,,,,,No,%,,,,,,435
159654AAAAAAAAAAAAAAAAAAAAAAAAAAAAAA,,Troponin I measurement,Mesure Troponin I,Nivel sérico de troponina 1,,,,Cardiac troponin I level in serum in ng/ml. This is one of the markers of MI.,,,Test,Numeric,,,,,Yes,ng/ml,,,,,,436
159655AAAAAAAAAAAAAAAAAAAAAAAAAAAAAA,,Troponin T measurement,,Medición sérica de troponina T,,,,Cardiac troponin T level in serum in ng/ml,,,Test,Numeric,,,,,Yes,ng/ml,,,,,,437
159733AAAAAAAAAAAAAAAAAAAAAAAAAAAAAA,,"Glucose measurement, quantitative, urine","Mesure du glucose, quantitative, l'urine",,,,,,,,Test,Numeric,,,,,Yes,mg/dL,,,,,,438
159734AAAAAAAAAAAAAAAAAAAAAAAAAAAAAA,,"Glucose measurement, qualitative, urine","Mesure du glucose, qualitative, urine","Análisis de orina, glucosa, cualitativo",,,,,,,Test,Coded,,,,,,,,,,,,439
159825AAAAAAAAAAAAAAAAAAAAAAAAAAAAAA,,"Uric acid, serum",Acide urique sérique,Determinación de ácido úrico sérico,,,,,,,Test,Numeric,,,,,Yes,mg/dL,3.6,8.3,,,,440
159828AAAAAAAAAAAAAAAAAAAAAAAAAAAAAA,,Serum iron measurement (ug/dL),Mesure du fer sérique (ug/dL),,,,,"Used to diagnose iron deficiency, one of the causes of anemia.",,,Test,Numeric,,,,,No,ug/dL,,,,,,441
159829AAAAAAAAAAAAAAAAAAAAAAAAAAAAAA,,"Gamma glutamyl transpeptidase, serum","Gamma glutamyl transpeptidase, sérum",Medición GGT,"GGT, serum",,,Measurement of the enzyme level. It is a non specific test but is a good indicator of alcohol intake.,,,Test,Numeric,,,,,Yes,U/L,,,,,,442
159858AAAAAAAAAAAAAAAAAAAAAAAAAAAAAA,,"Tuberculosis polymerase chain reaction, qualitative","Réaction en chaîne par polymérase de la tuberculose, qualitative",,"TB PCR, qualitative",,,,,,Test,Coded,,,,,,,,,,,,443
159865AAAAAAAAAAAAAAAAAAAAAAAAAAAAAA,,"Sputum for acid fast bacilli, test after treatment started","Crachat pour bacilles acido-résistants, test après début traitement",,,,,"Sputum for acid fast bacilli test, ordered in sequence after the initiation of the treatment for tuberculosis.",,,Test,Coded,,,,,,,,,,,,444
159866AAAAAAAAAAAAAAAAAAAAAAAAAAAAAA,,"Sputum for acid fast bacilli, zero month","Crachat pour bacilles acido-résistants, zéro mois",,,,,Sputum for acid fast bacilli sent on the day of therapy or before one month of therapy.,,,Test,Coded,,,,,,,,,,,,445
159867AAAAAAAAAAAAAAAAAAAAAAAAAAAAAA,,"Sputum for acid fast bacilli, two months","Crachat pour bacilles acido-résistants, deux mois",,,,,AFB test after 2 months on treatment,,,Test,Coded,,,,,,,,,,,,446
159868AAAAAAAAAAAAAAAAAAAAAAAAAAAAAA,,"Sputum for acid fast bacilli, three months","Crachat pour bacilles acido-résistants, trois mois",,,,,AFB test after 3 months of treatment,,,Test,Coded,,,,,,,,,,,,447
159869AAAAAAAAAAAAAAAAAAAAAAAAAAAAAA,,"Sputum for acid fast bacilli, five months","Crachat pour bacilles acido-résistants, cinq mois",,,,,AFB test after 5 months of treatment,,,Test,Coded,,,,,,,,,,,,448
159870AAAAAAAAAAAAAAAAAAAAAAAAAAAAAA,,"Sputum for acid fast bacilli, eight months","Crachat pour bacilles acido-résistants, huit mois",,,,,AFB test after 8 months of treatment,,,Test,Coded,,,,,,,,,,,,449
159982AAAAAAAAAAAAAAAAAAAAAAAAAAAAAA,,"Results, tuberculosis culture",Résultats de la culture pour la tuberculose,,,,,,,,Test,Coded,,,,,,,,,,,,450
160225AAAAAAAAAAAAAAAAAAAAAAAAAAAAAA,,Sickle cell screening test,Test de dépistage de la drépanocytose,Cribaje mediante prueba para la detección de anemia falciforme,,,,,,,Test,Coded,,,,,,,,,,,,451
160226AAAAAAAAAAAAAAAAAAAAAAAAAAAAAA,,"Glucose-6-Phosphate Dehydrogenase test, qualitative","Test Glucose-6-Phosphate Déshydrogénase, qualitatif",,,,,,,,Test,Coded,,,,,,,,,,,,452
160232AAAAAAAAAAAAAAAAAAAAAAAAAAAAAA,,Rhesus blood grouping test,Groupe sanguin - rhesus,Agrupamiento sanguíneo por factor Rh,Rh factor,,,,,,Test,Coded,,,,,,,,,,,,453
160708AAAAAAAAAAAAAAAAAAAAAAAAAAAAAA,,Toxoplasma IgG antibody Test,Test anticorps IgG Toxoplasma,,,,,,,,Test,Coded,,,,,,,,,,,,454
160735AAAAAAAAAAAAAAAAAAAAAAAAAAAAAA,,"Bacteriuria test, urine","Test Bactériurie, urine",Prueba para bacteriuria,,,,Test for bacteria in urine. Can be done by dipstick or microscopic methods.,,,Test,Coded,,,,,,,,,,,,455
160912AAAAAAAAAAAAAAAAAAAAAAAAAAAAAA,,Fasting blood glucose measurement (mg/dL),Glycémie a jeun (mg/dL),Determinación de nivel de glicemia en ayunas,FBS,,,,,,Test,Numeric,,,,,Yes,mg/dL,,,0.0,,,456
160913AAAAAAAAAAAAAAAAAAAAAAAAAAAAAA,,Prostate specific antigen (PSA) measurement (ng/mL),Mesure de l'antigène spécifique de la prostate (PSA) (ng/mL),Medición de PSA,PSA measurement,,,,,,Test,Numeric,,,,,Yes,ng/mL,,,0.0,,,457
160914AAAAAAAAAAAAAAAAAAAAAAAAAAAAAA,,Post-prandial blood glucose measurement (mg/dL),Glycémie post prandial (mg/dL),Dosaje posprandial de glucosa en sangre,PPBS,,,,,,Test,Numeric,,,,,Yes,mg/dL,,,0.0,,,458
161078AAAAAAAAAAAAAAAAAAAAAAAAAAAAAA,,Gleason score,Score de Gleason,Puntaje de Gleason,,,,"The Gleason Grading system is used to help evaluate the prognosis of men with prostate cancer. Together with other parameters, it is incorporated into a strategy of prostate cancer staging which predicts prognosis and helps guide therapy. A Gleason score is given to prostate cancer based upon its microscopic appearance. REF: http://en.wikipedia.org/wiki/Gleason_Grading_System",,,Test,Numeric,,,,,No,,,,1.0,5.0,,459
161132AAAAAAAAAAAAAAAAAAAAAAAAAAAAAA,,Glomerular filtration rate,Taux de filtration glomérulaire,Estudio con isótopos para la determinación de la tasa de filtración glomerular,GFR,,,"The rate of fluid filtration from the glomerular capillaries to the Bowman's capsule, derived with the help of nuclear scan",,,Test,Numeric,,,,,Yes,ml/min/1.73m2,,,0.0,,,460
161133AAAAAAAAAAAAAAAAAAAAAAAAAAAAAA,,"Glomerular filtration rate, calculated","Taux de filtration glomérulaire, calculé",Cálculo del volumen de filtrado glomerular cuantitativo basado en la concentración de creatinina en muestra de suero o plasma,"GFR, calculated",,,"The rate of fluid filtration from the glomerular capillaries to the Bowman's capsule, taken indirectly through calculation from other values",,,Test,Numeric,,,,,Yes,ml/min/1.73m2,,,0.0,,,461
161134AAAAAAAAAAAAAAAAAAAAAAAAAAAAAA,,Creatinine clearance test,,Prueba de clearance de creatinina,,,,"Urine creatinine clearance, or the volume of plasma cleared of creatinine per unit of time, taken through 24-hour collection",,,Test,Numeric,,,,,Yes,ml/min/1.73m2,,,0.0,,,462
161153AAAAAAAAAAAAAAAAAAAAAAAAAAAAAA,,Partial thromboplastin time,Temps de céphaline,"Tiempo de tromboplastina parcial, activada",PTT,,,This test measures the intrinsic pathway of coagulation,,,Test,Numeric,,,,,Yes,Seconds,,,0.0,,,463
161154AAAAAAAAAAAAAAAAAAAAAAAAAAAAAA,,Serum phosphorous,phosphore sérique,Medición sérica de fosfato inorgánico,,,,,,,Test,Numeric,,,,,Yes,g/dL,,,0.0,,,464
161155AAAAAAAAAAAAAAAAAAAAAAAAAAAAAA,,"Culture and sensitivity, blood","Culture et la sensibilité, du sang",,,,,"This is the procedure where the blood sample is incubated in different media to grow and isolate micro-organisms. After the growth of a micro-organism, its sensitivity to different antibiotics is also tested.",,,Test,Text,,,,,,,,,,,,465
161156AAAAAAAAAAAAAAAAAAAAAAAAAAAAAA,,"Culture and sensitivity, urine",Culture et sensibilité l'urine,,,,,"This is the process where urine sample of a patient is incubated in different culture media to grow the micro-organism and once it is grown and isolated, sensitivity of the micro-organism to different antibiotics is also tested.",,,Test,Text,,,,,,,,,,,,466
161421AAAAAAAAAAAAAAAAAAAAAAAAAAAAAA,,Hemoglobin electrophoresis,électrophorèse de l'hémoglobine,Electroforesis de hemoglobina,,,,This test is a gel electrophoresis which separates various types of hemoglobin. ,,,Test,Text,,,,,,,,,,,,467
161423AAAAAAAAAAAAAAAAAAAAAAAAAAAAAA,,Peripheral smear for RBC morphology,Frottis périphérique pour morphologie GR,Morfología eritrocítica,,,,,,,Test,Text,,,,,,,,,,,,468
161433AAAAAAAAAAAAAAAAAAAAAAAAAAAAAA,,Bleeding time (min),Temps de saignement,Tiempo de sangría,BT (bleeding time),,,This test is done to assess coagulation pathway and platelet function. The time to stop the bleeding is measured in this test.,,,Test,Numeric,,,,,Yes,minutes,,,0.0,,,469
161435AAAAAAAAAAAAAAAAAAAAAAAAAAAAAA,,Clotting time (min),Temps coagulation,TCA - tiempo de coagulación activado,Ctx,,,This test is done to assess the hemostatic function,,,Test,Numeric,,,,,Yes,Minute,,,0.0,,,470
161439AAAAAAAAAAAAAAAAAAAAAAAAAAAAAA,,Urine specific gravity,Gravité spécifique de l'urine,Densidad de la orina,,,,,,,Test,Numeric,,,,,Yes,,,1.035,1.0,1.1,,472
161440AAAAAAAAAAAAAAAAAAAAAAAAAAAAAA,,Urine nitrite test,"Nitrite, urine","Análisis de orina, tamizaje de bacteriuria",,,,This test is utilized to screen for urinary tract infection,,,Test,Coded,,,,,,,,,,,,473
161441AAAAAAAAAAAAAAAAAAAAAAAAAAAAAA,,Urine leukocyte esterase test,Test de leucocyte estérase dans l'urine,Detección de esterasa leucocitaria en orina con tira reactiva,Urine LE,,,The presence of leukocyte esterase in urine suggests white blood cells in urine,,,Test,Coded,,,,,,,,,,,,474
161442AAAAAAAAAAAAAAAAAAAAAAAAAAAAAA,,Urine ketone test,Test de cétone d'urine,Prueba de cetonuria,,,,,,,Test,Coded,,,,,,,,,,,,475
161443AAAAAAAAAAAAAAAAAAAAAAAAAAAAAA,,Urine bile pigment test,Test pigments biliaires urine,Medición de pigmento biliar en orina,,,,,,,Test,Coded,,,,,,,,,,,,476
161444AAAAAAAAAAAAAAAAAAAAAAAAAAAAAA,,Urine bile salt test,Test sels biliaires urine,Determinación de sales biliares en orina,,,,,,,Test,Coded,,,,,,,,,,,,477
161445AAAAAAAAAAAAAAAAAAAAAAAAAAAAAA,,Urine routine and microscopy,Urine de routine et microscopie,,,,,,,,Test,Text,,,,,,,,,,,,478
161447AAAAAAAAAAAAAAAAAAAAAAAAAAAAAA,,Stool microscopy with concentration,Microscopie des selles apres concentration,,,,,,,,Test,Text,,,,,,,,,,,,479
161448AAAAAAAAAAAAAAAAAAAAAAAAAAAAAA,,Kinyoun's stain for coccidians,Coloration au Kinyoun pour coccidies,,,,,One of the techniques to stain acid fast organisms including Coccidians,,,Test,Text,,,,,,,,,,,,480
161449AAAAAAAAAAAAAAAAAAAAAAAAAAAAAA,,Stool test for reducing substance,Test selles substance réductrice,,,,,,,,Test,Coded,,,,,,,,,,,,481
161450AAAAAAAAAAAAAAAAAAAAAAAAAAAAAA,,"Stool fat test, semi-quantitative","Test graisse selles, semi-quantitatif",,,,,,,,Test,Coded,,,,,,,,,,,,482
161454AAAAAAAAAAAAAAAAAAAAAAAAAAAAAA,,Gram stain,Coloration de Gram,Tinción de Gram,,,,This concept represents a general Gram staining technique for any specimens,,,Test,Text,,,,,,,,,,,,483
161456AAAAAAAAAAAAAAAAAAAAAAAAAAAAAA,,Vaginal fluid whiff test,Test de l'odeur du fluide vaginal,,,,,This test is performed by adding potassium hydroxide solution to the vaginal fluid. The specimen with bacterial vaginosis produces fishy odor upon mixing.,,,Test,Coded,,,,,,,,,,,,484
161459AAAAAAAAAAAAAAAAAAAAAAAAAAAAAA,,Sputum concentration for acid fast bacilli,Concentration crachat pour bacilles acido-résistants,,,,,,,,Test,Coded,,,,,,,,,,,,485
161460AAAAAAAAAAAAAAAAAAAAAAAAAAAAAA,,Sputum induction and concentration for acid fast bacilli,Induction et concentration crachat pour bacilles acido-résistants,,,,,,,,Test,Coded,,,,,,,,,,,,486
161469AAAAAAAAAAAAAAAAAAAAAAAAAAAAAA,,Anti-streptolysin O titer,Titrage Antistreptolysine O,Titulación de ASTO,ASLO titer,,,,,,Test,Numeric,,,,,No,,,200.0,0.0,,,487
161471AAAAAAAAAAAAAAAAAAAAAAAAAAAAAA,,Hepatitis C antibody spot test,Test anticorps anti-hépatite C,,,,,,,,Test,Coded,,,,,,,,,,,,488
161472AAAAAAAAAAAAAAAAAAAAAAAAAAAAAA,,Hepatitis B surface antigen spot test,Test spot antigène de surface hépatite B,,HBsAg spot,,,,,,Test,Coded,,,,,,,,,,,,489
161481AAAAAAAAAAAAAAAAAAAAAAAAAAAAAA,,Prothrombin time,Temps de Prothrombine,Tiempo de protrombina,PT,,,,,,Test,Numeric,,,,,Yes,Minute,,,0.0,,,490
161482AAAAAAAAAAAAAAAAAAAAAAAAAAAAAA,,International normalized ratio,Rapport international normalisé,Cálculo de la razón internacional normalizada,INR,,,,,,Test,Numeric,,,,,Yes,,0.8,1.2,0.0,,,491
161484AAAAAAAAAAAAAAAAAAAAAAAAAAAAAA,,Pus culture and sensitivity,,,Pus C/S,,,,,,Test,Text,,,,,,,,,,,,492
161485AAAAAAAAAAAAAAAAAAAAAAAAAAAAAA,,Body fluid culture and sensitivity,,Cultivo de líquido orgánico estéril,Body fluid C/S,,,,,,Test,Text,,,,,,,,,,,,493
161500AAAAAAAAAAAAAAAAAAAAAAAAAAAAAA,,C-reactive protein,Protéine C-réactive,Medición de proteína C - reactiva,CRP,,,,,,Test,Numeric,,,,,Yes,mg/L,,,0.0,,,494
161505AAAAAAAAAAAAAAAAAAAAAAAAAAAAAA,,Thyroid stimulating hormone test,Thyroid test de stimulant hormonal,Medición de hormona estimulante de la glándula tiroides,TSH test,,,,,,Test,Numeric,,,,,Yes,mcg/L,,,0.0,,,495
161511AAAAAAAAAAAAAAAAAAAAAAAAAAAAAA,,Serum ferritin,Ferritine sérique,Medición de ferritina,,,,,,,Test,Numeric,,,,,Yes,ng/ml,,,0.0,,,496
161519AAAAAAAAAAAAAAAAAAAAAAAAAAAAAA,,Hemoglobin electrophoresis by HPLC,,,,,,,,,Test,Text,,,,,,,,,,,,497
161522AAAAAAAAAAAAAAAAAAAAAAAAAAAAAA,,Toxoplasma IgG,Toxoplasmose IgG,Nivel de IgG antitoxoplasma,,,,,,,Test,Coded,,,,,,,,,,,,498
161523AAAAAAAAAAAAAAAAAAAAAAAAAAAAAA,,Toxoplasma IgM,Toxoplasmose IgM,Determinación de anticuerpos IgM anti - Toxoplasma,,,,,,,Test,Coded,,,,,,,,,,,,499
161524AAAAAAAAAAAAAAAAAAAAAAAAAAAAAA,,Rubella IgG,Rubéole IgG,Medición de inmunoglobulina G antirrubeólica,,,,,,,Test,Coded,,,,,,,,,,,,500
161525AAAAAAAAAAAAAAAAAAAAAAAAAAAAAA,,Rubella IgM,Rubéole IgM,Medición de IgM anti - virus de la rubéola,,,,,,,Test,Coded,,,,,,,,,,,,501
162096AAAAAAAAAAAAAAAAAAAAAAAAAAAAAA,,Urine dipstick for blood,Bandelette urine de sang,Determinación de hematuria con tira reactiva,,,,,,,Test,Coded,,,,,,,,,,,,502
162101AAAAAAAAAAAAAAAAAAAAAAAAAAAAAA,,Urine turbidity,Apparence de l'urine,,,,,,,,Test,Coded,,,,,,,,,,,,503
162106AAAAAAAAAAAAAAAAAAAAAAAAAAAAAA,,Urine color,Couleur de l'urine,Color de la orina,,,,,,,Test,Coded,,,,,,,,,,,,504
162202AAAAAAAAAAAAAAAAAAAAAAAAAAAAAA,,Tuberculosis polymerase chain reaction with rifampin resistance checking,Réaction en chaîne par polymérase de la tuberculose avec vérification de la résistance à la rifampicine,,Xpert MTB/RIF,,,,,,Test,Coded,,,,,,,,,,,,505
162597AAAAAAAAAAAAAAAAAAAAAAAAAAAAAA,,Ebola virus IgM in serum by immunoassay,IgM virus Ebola dans sérum par immunoessai,,,,,Presence of Ebola virus IgM in serum sample,,,Test,Coded,,,,,,,,,,,,506
162598AAAAAAAAAAAAAAAAAAAAAAAAAAAAAA,,Ebola virus IgG in serum by immunoassay,IgG virus Ebola dans sérum par immunoessai,,,,,Presence of Ebola virus IgG antibody in serum sample.,,,Test,Coded,,,,,,,,,,,,507
162599AAAAAAAAAAAAAAAAAAAAAAAAAAAAAA,,Ebola virus RNA by polymerase chain reaction,ARN virus Ebola par réaction en chaîne polymérase,,,,,Ebola virus PCR in any sample,,,Test,Coded,,,,,,,,,,,,508
162826AAAAAAAAAAAAAAAAAAAAAAAAAAAAAA,,Ebola Nucleoprotein gene PCR cyclic threshold value,Valeur seuil cyclique PCR gène Nucléoprotéine Ebola,,Np gene CT value,,,"Part of a test result for ebola, the CT value from a qPCR test using an Np (nucleoprotein) gene marker.",,,Test,Numeric,,,,,Yes,,,,0.0,40.0,,509
162827AAAAAAAAAAAAAAAAAAAAAAAAAAAAAA,,Ebola L gene PCR cycle threshold value,Valeur seuil cycle PCR gène L Ebola,,L gene CT value,,,"Part of a test result for ebola, the CT value from a qPCR test using an L gene marker.",,,Test,Numeric,,,,,Yes,,,,0.0,40.0,,510
163001AAAAAAAAAAAAAAAAAAAAAAAAAAAAAA,,Indirect bilirubin in serum or plasma,Bilirubine indirecte dans le sérum ou le plasma,,,,,,,,Test,Numeric,,,,,No,umol/L,,,0.0,,,511
163198AAAAAAAAAAAAAAAAAAAAAAAAAAAAAA,,Never smoker,Jamais fumeur,Nunca fumó tabaco,,,,,,,Test,Numeric,,,,,No,,,,,,,512
163348AAAAAAAAAAAAAAAAAAAAAAAAAAAAAA,,Helicobacter pylori antigen test in stool,Test antigène Helicobacter pylori dans les selles,Antígeno de Helicobacter pylori,Helicobacter pylori Ag (stool),,,,,,Test,Coded,,,,,,,,,,,,513
163426AAAAAAAAAAAAAAAAAAAAAAAAAAAAAA,,"Combined % of monocytes, eosinophils and basophils","Mélangés en pourcentage (monocytes, des éosinophiles et des basophiles), les cellules sanguines",,Mixed %,,,"A lab test obtained by summing the monocytes, eosinophils and basophils.",,,Test,Numeric,,,,,No,%,1.0,10.0,0.0,50.0,,514
163443AAAAAAAAAAAAAAAAAAAAAAAAAAAAAA,,Acid phosphatase blood test in blood (units/L),Test de la phosphatase acide,Medición sérica de FAC,,,,"Lab test measuring the amount of acid phosphatase in a person's blood, and can determine from what tissue the enzyme is coming. Used to diagnose whether prostate cancer has spread to other parts of the body (metastasized), and to check the effectiveness of treatment.",,,Test,Numeric,,,,,No,U/L,0.0,4.0,0.0,10.0,,515
163594AAAAAAAAAAAAAAAAAAAAAAAAAAAAAA,,Glucose tolerance test pre-glucose administration,Glucose test de tolérance,Prueba de tolerancia a la glucosa,,,,"Lab test that measures the body's ability to use glucose. This is the first of 5 samples, prior to drinking the bottle of glucose solution.",,,Test,Numeric,,,,,No,mg/dl,70.0,120.0,20.0,450.0,,516
163603AAAAAAAAAAAAAAAAAAAAAAAAAAAAAA,,Stool culture (bacterial),Coproculture,Coprocultivo,,,,Bacterial culture of stool.,,,Test,Text,,,,,,,,,,,,517
163613AAAAAAAAAAAAAAAAAAAAAAAAAAAAAA,,"Cryptococcus Sp Ag presence in serum test, text",Test présence Cryptococcus Sp Ag dans le de sérum,Nivel de antígeno de Cryptococcus,CrAg,,,"A lab test that detects cryptococcal antigen (abbreviated CrAg), an indicator of infection, in serum The antigen test can detect cryptococcal antigen in serum a median of 22 days before symptoms of meningitis develop.",,,Test,Text,,,,,,,,,,,,518
163615AAAAAAAAAAAAAAAAAAAAAAAAAAAAAA,,Lupus erythematosus cells presence in blood test,test présence cellules Lupus érythémateux dans sanguin,"Células L.E, presentes",,,,A lab test that measures the presence of a special cell found mostly in patients with systemic lupus erythematosus.,,,Test,Coded,,,,,,,,,,,,519
163616AAAAAAAAAAAAAAAAAAAAAAAAAAAAAA,,Dengue virus IgG Ab presence in serum,Test Présence Ac IgG du virus de la dengue dans le  de sérum,"Determinación de anticuerpos contra el virus del Dengue, tipo IgG",,,,"A lab test that checks for the presence of the IgG antibody, used to diagnose infection of the dengue virus.",,,Test,Coded,,,,,,,,,,,,520
163617AAAAAAAAAAAAAAAAAAAAAAAAAAAAAA,,Dengue virus IgM Ab presence in serum,Test Présence Ac IgM du virus de la dengue dans le  de sérum,"Determinación de anticuerpos contra el virus del Dengue, tipo IgM",,,,"A lab test that checks for the presence of the IgM antibody, used to diagnose infection of the dengue virus.",,,Test,Coded,,,,,,,,,,,,521
163620AAAAAAAAAAAAAAAAAAAAAAAAAAAAAA,,Helicobacter pylori Ab presence in serum by immunofluorescence test,Présence Ac Helicobacter pylori dans le sérum par un test d'immunofluorescence,Prueba serológica para detección de Helicobacter pylori,,,,A lab test to detect the presence of Helicobacter Pylori using immunoflorescence.,,,Test,Coded,,,,,,,,,,,,522
163632AAAAAAAAAAAAAAAAAAAAAAAAAAAAAA,,Dengue virus Ab presence in unspecified specimen test,Présence Ac du virus de la dengue à partir de spécimens non spécifiés,,,,,A lab test to detect the presence of dengue antibody.,,,Test,Coded,,,,,,,,,,,,523
163648AAAAAAAAAAAAAAAAAAAAAAAAAAAAAA,,Trichomonas vaginalis in microscopy of saline mount,Trichomonas vaginalis en microscopie de solution saline,,,,,Presence of an anaerobic flagellated protozoan parasite which causes trichomoniasis found during a microscopy of a saline mount.,,,Test,Coded,,,,,,,,,,,,524
163653AAAAAAAAAAAAAAAAAAAAAAAAAAAAAA,,Rivalta test to differentiate transudates from exudates,Test Rivalta pour différencier transsudat de exsudats,,,,,"""A lab test used to differentiate transudates and exudates by placing filling a clear tube with 7-8ml distilled water and 1 drop of 98% acetic acid mixed throughly, then a drop of the unknown fluid is carefully placed on top. Exudates precipitate and transudates dissolve. REF: https://en.wikipedia.org/wiki/Rivalta_test""",,,Test,Coded,,,,,,,,,,,,525
163654AAAAAAAAAAAAAAAAAAAAAAAAAAAAAA,,Cholera rapid antigen test,Test rapide d'antigène du choléra,,,,,A lab test used to detect the presence of V. cholerae antigen in stool.,,,Test,Coded,,,,,,,,,,,,526
163664AAAAAAAAAAAAAAAAAAAAAAAAAAAAAA,,Catalase [enzymatic activity/volume],Catalase [activité enzymatique/volume],Prueba de la catalasa,,,,"A lab test used to differentiate staphylococci (catalase-positive) from streptococci (catalase-negative). The enzyme, catalase, is produced by bacteria that respire using oxygen, and protects them from the toxic by-products of oxygen metabolism.",,,Test,Text,,,,,,,,,,,,527
163665AAAAAAAAAAAAAAAAAAAAAAAAAAAAAA,,Cytochrome C oxidase,C cytochromoxydase,Medición de citocromo c oxidasa,,,,"A lab test used to identify bacteria that produce cytochrome c oxidase, an enzyme of the bacterial electron transport chain.",,,Test,Text,,,,,,,,,,,,528
163666AAAAAAAAAAAAAAAAAAAAAAAAAAAAAA,,Staphylococcus sp. coagulase negative DNA [presence],Staphylococcus Spp. coagulase négative ADN [présence],"Staphylococcus, coagulasa negativo",,,,A lab test used to differentiate Staphylococcus aureus (positive) from Coagulase Negative Staphylococcus (CONS).,,,Test,Text,,,,,,,,,,,,529
163667AAAAAAAAAAAAAAAAAAAAAAAAAAAAAA,,Streptococcal DNAse B test,Test de DNAse streptococcique,,,,,A lab test used to test the ability of an organism to produce deoxyribonuclease or DNase. Used to differentiate Staphylococcus aureus which produces the enzyme deoxyribonuclease from other Staphylococci which do not produce deoxyribonuclease (DNase).,,,Test,Text,,,,,,,,,,,,530
163668AAAAAAAAAAAAAAAAAAAAAAAAAAAAAA,,Esculin hydrolysis test,Essai d'hydrolyse esculine,Prueba de hidrólisis de esculina,,,,"A lab test to see if the microbe can hydrolyze the compound esculin as a carbon source. When microbes metabolize esculin in a nutrient medium, the dark brown compound esculetin is produced and the medium is obviously discolored.",,,Test,Text,,,,,,,,,,,,531
163669AAAAAAAAAAAAAAAAAAAAAAAAAAAAAA,,Urea-tryptophan test,Test urée-tryptophane,,,,,"A lab test to check for production of indole, hydrolysis of urea and deamination of tryptophan by the tryptophan deaminase.",,,Test,Text,,,,,,,,,,,,532
163670AAAAAAAAAAAAAAAAAAAAAAAAAAAAAA,,Mannitol mobility nitrate agar test,Test motilité au mannitol agar de nitrate,,,,,A microbiology culture lab test for the mobility of the bacteria.,,,Test,Text,,,,,,,,,,,,533
163671AAAAAAAAAAAAAAAAAAAAAAAAAAAAAA,,Porphyrins in red blood cells test,Test à la porphyrine dans les globules rouges,,,,,"A lab test to identify porphyrins in the blood, used to help diagnose and sometimes monitor prophyrias.",,,Test,Text,,,,,,,,,,,,534
163672AAAAAAAAAAAAAAAAAAAAAAAAAAAAAA,,O-Nitrophenyl-β-D-galactopyranoside test,Test d'O-nitrophényl-β-D-galactopyranoside,Prueba de O - nitrofenil - beta - o - galactopiranósido,,,,A rapid lab test that determine if an organisms ferment lactose by identifying the presence Beta-Galactosidase,,,Test,Text,,,,,,,,,,,,535
163674AAAAAAAAAAAAAAAAAAAAAAAAAAAAAA,,Voges-Proskauer test,Essai de Voges-Proskauer,Prueba de Voges Proskauer,,,,A lab test used to detect acetoin in a bacterial broth culture. The test is performed by adding alpha-naphthol and potassium hydroxide to the Voges-Proskauer broth which has been inoculated with bacteria.,,,Test,Text,,,,,,,,,,,,536
163675AAAAAAAAAAAAAAAAAAAAAAAAAAAAAA,,CAMP test,Test de CAMP,"Prueba Christie, Atkins, Munch, Petersen (CAMP)",,,,The CAMP test is a lab test to identify Group B β-streptococci based on their formation of a substance (CAMP factor) that enlarges the area of hemolysis formed by β-hemolysin from Staphylococcus aureus.,,,Test,Text,,,,,,,,,,,,537
163676AAAAAAAAAAAAAAAAAAAAAAAAAAAAAA,,Latex agglutination test,Test d'agglutination au latex,Prueba de aglutinación del látex,,,,"The latex agglutination test is a laboratory method to check for certain antibodies or antigens in a variety of body fluids including saliva, urine, cerebrospinal fluid, or blood.",,,Test,Coded,,,,,,,,,,,,538
163677AAAAAAAAAAAAAAAAAAAAAAAAAAAAAA,,Microscopic observation in unspecified specimen by rhodamine-auramine fluorochrome stain,Observation au microscope d'échantillons non spécifiés par la coloration rhodamine-auramine au fluorochrome,Tinción con fluorocromo rodamina - auramina,,,,"A laboratory stain used visualize acid-fast bacilli using fluorescence microscopy, notably species in the Mycobacterium genus.",,,Test,Text,,,,,,,,,,,,539
163678AAAAAAAAAAAAAAAAAAAAAAAAAAAAAA,,Microscopic observation in unspecified specimen by acridine orange stain,Observation au microscope d'échantillons non spécifiés par la coloration a l'acridine orange,Método de tinción con naranja de acridina,,,,"A laboratory stain done with acridine orange; a cell-permeable,nucleic acid selective dye that emits green fluorescence when bound to dsDNA(at 520 ) and red fluorescence when bound to ssDNA or RNA(at 650 nm)",,,Test,Text,,,,,,,,,,,,540
163680AAAAAAAAAAAAAAAAAAAAAAAAAAAAAA,,Bilirubin total presence in urine by test strip,Présence totale de bilirubine dans l'urine,Detección de bilirrubina en orina con tira reactiva,,,,A urine dipstick test to detect the presence of bilirubin.,,,Test,Coded,,,,,,,,,,,,541
163682AAAAAAAAAAAAAAAAAAAAAAAAAAAAAA,,Urobilinogen presence in urine test,Présence d'urobilinogène  dans le test d'urine,Determinación de urobilinógeno en orina con tira reactiva,,,,A urine dipstick test to detect the presence of urobilinogen.,,,Test,Coded,,,,,,,,,,,,542
163683AAAAAAAAAAAAAAAAAAAAAAAAAAAAAA,,Erythrocytes presence in urine sediment by light microscopy test,Présence d'érythrocytes  dans le sédiment urinaire par un test de microscopie optique,,,,,A lab test to identify the presence of erythrocytes (red blood cells) in urine under a light microscope.,,,Test,Coded,,,,,,,,,,,,543
163684AAAAAAAAAAAAAAAAAAAAAAAAAAAAAA,,Leukocytes presence in urine sediment by light microscopy,Présence Leucocytes  dans le sédiment urinaire par microscopie optique,Tira reactiva para detección de leucocitos en orina,,,,A lab test to identify the presence of leukocytes in urine under a light microscope.,,,Test,Coded,,,,,,,,,,,,544
163686AAAAAAAAAAAAAAAAAAAAAAAAAAAAAA,,Yeast presence in urine sediment by light microscopy,Présence de levure dans les sédiments  de l'urine par microscope optique,,,,,A lab test to identify the presence of yeast cells in the urine using a light microscope.,,,Test,Coded,,,,,,,,,,,,545
163687AAAAAAAAAAAAAAAAAAAAAAAAAAAAAA,,Yeast hyphae presence in urine sediment by light microscopy test,présence de levure mycelien dans le sédiment urinaire par un test de microscope optique,,,,,A lab test to identify the presence of hyphae yeast in urine using a light microscope.,,,Test,Coded,,,,,,,,,,,,546
163688AAAAAAAAAAAAAAAAAAAAAAAAAAAAAA,,Spore presence in urine test,Présence de Spore dans le test d'urine,,,,,A lab test used to determine the presence of fungal spores in urine specimen using a light microscope.,,,Test,Coded,,,,,,,,,,,,547
163689AAAAAAAAAAAAAAAAAAAAAAAAAAAAAA,,Trichomonas vaginalis presence in urine sediment by light microscopy,Présence Trichomonas vaginalis dans les sédiments d'urine par microscope optique,,,,,A lab test used to determine the presence of trichomonas vaginalis in urine specimen using a light microscope.,,,Test,Coded,,,,,,,,,,,,548
163690AAAAAAAAAAAAAAAAAAAAAAAAAAAAAA,,Granular casts presence in urine sediment by light microscopy test,Test présence de cylindre granuleux dans le sédiment urinaire par un  de microscope optique,"Cilindro urinario, granuloso",,,,A lab test used to determine the presence of granular casts in urine specimen using a light microscope.,,,Test,Coded,,,,,,,,,,,,549
163691AAAAAAAAAAAAAAAAAAAAAAAAAAAAAA,,Fatty casts presence in urine sediment by light microscopy test,Présence de cylindre graisseux dans le sédiment urinaire par un test de microscope optique,"Cilindro urinario, graso",,,,A lab test used to determine the presence of fatty casts in urine specimen using a light microscope.,,,Test,Coded,,,,,,,,,,,,550
163692AAAAAAAAAAAAAAAAAAAAAAAAAAAAAA,,Epithelial casts presence in urine sediment by light microscopy test,Présence de cylindre épithéliale dans le sédiment urinaire par un test de microscope optique,"Cilindro urinario, leucocítico",,,,A lab test used to determine the presence of epithelial casts in urine specimen using a light microscope.,,,Test,Coded,,,,,,,,,,,,551
163693AAAAAAAAAAAAAAAAAAAAAAAAAAAAAA,,WBC casts presence in urine sediment by light microscopy test,Présence de cylindre leucocitaires dans le sédiment urinaire par un test de microscope optique,,,,,A lab test used to determine the presence of WBC (leukocyte) casts in urine specimen using a light microscope.,,,Test,Coded,,,,,,,,,,,,552
163694AAAAAAAAAAAAAAAAAAAAAAAAAAAAAA,,Waxy casts presence in urine sediment by light microscopy test,Présence de cylindre cireux dans le sédiment urinaire par un test de microscope optique,"Cilindro urinario, céreo",,,,A lab test used to determine the presence of waxy casts in urine specimen using a light microscope.,,,Test,Coded,,,,,,,,,,,,553
163695AAAAAAAAAAAAAAAAAAAAAAAAAAAAAA,,Crystals type in urine sediment by light microscopy test,Type de cristal dans les sédiments d'urine par microscope optique,,,,,A lab test used to determine the presence of crystals in urine specimen using a light microscope.,,,Test,Coded,,,,,,,,,,,,554
163696AAAAAAAAAAAAAAAAAAAAAAAAAAAAAA,,Casts presence in urine sediment by light microscopy test,Présence de cylindre dans le sédiment urinaire par un test de microscope optique,Examen microscópico de orina: cilindros,,,,A lab test used to determine the presence of casts in urine specimen using a light microscope.,,,Test,Coded,,,,,,,,,,,,555
163699AAAAAAAAAAAAAAAAAAAAAAAAAAAAAA,,Urea measurement (calculated),Mesure de l'urée (calculée),,,,,A calculation based on creatinine and blood urea nitrogen..https://en.wikipedia.org/wiki/Blood_urea_nitrogen,,,Test,Numeric,,,,,No,mg/dL,20.0,40.0,10.0,200.0,,556
163703AAAAAAAAAAAAAAAAAAAAAAAAAAAAAA,,"Glucose, serum 1/2 hr post 75g oral glucose (mg/dL)",Panel Tolérance au glucose 1/2 heure,,,,,Lab test that measures the body's ability to use glucose. This is one of 5 samples.,,,Test,Numeric,,,,,No,mg/dL,70.0,120.0,20.0,450.0,,557
163704AAAAAAAAAAAAAAAAAAAAAAAAAAAAAA,,"Glucose, serum 1 hr post 75g oral glucose (mg/dL)",Pannel tolérance au glucose 1 heure,,,,,Lab test that measures the body's ability to use glucose. This is one of 5 samples.,,,Test,Numeric,,,,,No,mg/dL,70.0,120.0,20.0,450.0,,558
163705AAAAAAAAAAAAAAAAAAAAAAAAAAAAAA,,"Glucose, serum 2 hrs post 75g oral glucose (mg/dL)",Pannel tolérance au glucose 2 heure,,,,,Lab test that measures the body's ability to use glucose. This is one of 5 samples.,,,Test,Numeric,,,,,No,mg/dL,70.0,120.0,20.0,450.0,,559
163706AAAAAAAAAAAAAAAAAAAAAAAAAAAAAA,,"Glucose, serum 3 hrs post 75g oral glucose (mg/dL)",Pannel tolérance au glucose 3 heure,,,,,Lab test that measures the body's ability to use glucose. This is one of 5 samples.,,,Test,Numeric,,,,,No,mg/dL,70.0,120.0,20.0,450.0,,560
163707AAAAAAAAAAAAAAAAAAAAAAAAAAAAAA,,"Glucose, serum 4 hrs post 75g oral glucose (mg/dL)",Pannel tolérance au glucose 4 heure,,,,,Lab test that measures the body's ability to use glucose. This is one of 5 samples.,,,Test,Numeric,,,,,No,mg/dL,70.0,120.0,20.0,450.0,,561
163722AAAAAAAAAAAAAAAAAAAAAAAAAAAAAA,,Rapid test for HIV,Test rapide pour HIV,,,,,"Rapid test used to detect HIV. It could include rapid test 1 or rapid test 2, and should be used in the case where it is unknown whether it was rapid test 1 or 2. This is a qualitative test.",,,Test,Coded,,,,,,,,,,,,562
164364AAAAAAAAAAAAAAAAAAAAAAAAAAAAAA,,Serum creatinine (mg/dL),Créatinine sérique (mg/dL),,Cr (mg/dl),,,"Laboratory test that determines a blood serum creatinine level. Often used with BUN to assess kidney function. Units of mg/dL. If desired units are umol/L, use CIEL:790",,,Test,Numeric,,,,,Yes,mg/dL,,,0.0,,,563
1643AAAAAAAAAAAAAAAAAAAAAAAAAAAAAAAA,,Rapid test for malaria,Test rapide malaria,Tamizaje mediante prueba de detección inmunocromatográfica de paludismo,RDT malaria,TDR malaria,,Test for rapid diagnosis of Malaria.,,,Test,Coded,,,,,,,,,,,,564
164917AAAAAAAAAAAAAAAAAAAAAAAAAAAAAA,,Trioplex real-time RT-PCR,PCR-RT temps réel Trioplex,,,,,"The Trioplex Real-time RT-PCR Assay (Trioplex rRT-PCR) is intended for the qualitative detection and differentiation of RNA from Zika virus, dengue virus, and chikungunya virus in human sera, whole blood (EDTA) or cerebrospinal fluid (each collected alongside a patient- matched serum specimen), and for the qualitative detection of Zika virus RNA in urine, and amniotic fluid (each collected alongside a patient-matched serum specimen). REF: https://www.cdc.gov/zika/pdfs/trioplex-real-time-rt-pcr-assay-instructions-for-use.pdf",,,Test,Coded,,,,,,,,,,,,565
164920AAAAAAAAAAAAAAAAAAAAAAAAAAAAAA,,Zika virus real time RT-PCR in serum or plasma,PCR-RT temps réel virus Zika sérum ou plasma,,,,,,,,Test,Coded,,,,,,,,,,,,566
164921AAAAAAAAAAAAAAAAAAAAAAAAAAAAAA,,Zika virus real time RT-PCR in cerebrospinal fluid,PCR-RT temps réel virus Zika liquide céphalorachidien,,,,,,,,Test,Coded,,,,,,,,,,,,567
164922AAAAAAAAAAAAAAAAAAAAAAAAAAAAAA,,Zika virus real time RT-PCR in urine,PCR-RT temps réel virus Zika urine,,,,,,,,Test,Coded,,,,,,,,,,,,568
164923AAAAAAAAAAAAAAAAAAAAAAAAAAAAAA,,Zika virus real time RT-PCR in amniotic fluid,PCR-RT temps réel virus Zika liquide amniotique,,,,,,,,Test,Coded,,,,,,,,,,,,569
164924AAAAAAAAAAAAAAAAAAAAAAAAAAAAAA,,Chikungunya virus real time RT-PCR in serum or plasma,PCR-RT temps réel virus chikungunya sérum ou plasma,,,,,,,,Test,Coded,,,,,,,,,,,,570
164925AAAAAAAAAAAAAAAAAAAAAAAAAAAAAA,,Chikungunya virus real time RT-PCR in cerebrospinal fluid,PCR-RT temps réel virus chikungunya liquide céphalorachidien,,,,,,,,Test,Coded,,,,,,,,,,,,571
164926AAAAAAAAAAAAAAAAAAAAAAAAAAAAAA,,Dengue virus real time RT-PCR in serum or plasma,PCR-RT temps réel virus dengue sérum ou plasma,,,,,,,,Test,Coded,,,,,,,,,,,,572
164927AAAAAAAAAAAAAAAAAAAAAAAAAAAAAA,,Dengue virus real time RT-PCR in cerebrospinal fluid,PCR-RT temps réel virus dengue liquide céphalorachidien,,,,,,,,Test,Coded,,,,,,,,,,,,573
164948AAAAAAAAAAAAAAAAAAAAAAAAAAAAAA,,Albumin/creatinine ratio (mass ratio) in 24 hour urine,Rapport albumine/créatinine (rapport massique) urine 24h,,,,,,,,Test,Numeric,,,,,Yes,,,,0.0,,,574
165177AAAAAAAAAAAAAAAAAAAAAAAAAAAAAA,,Urine pH measurement,pH urine,Prueba de pH urinario (duplicate),,,,,,,Test,Numeric,,,,,Yes,,,,0.0,14.0,,575
165301AAAAAAAAAAAAAAAAAAAAAAAAAAAAAA,,Hepatitis B surface antigen rapid diagnostic test,Test de diagnostic rapide de l'antigène de surface de l'hépatite B,,,TDR AgHBs,,,,,Test,Coded,,,,,,,,,,,,576
165302AAAAAAAAAAAAAAAAAAAAAAAAAAAAAA,,Anti-HCV rapid diagnostic test,Test de diagnostic rapide anti-HCV,,,TDR anti-VHC,,,,,Test,Coded,,,,,,,,,,,,577
165303AAAAAAAAAAAAAAAAAAAAAAAAAAAAAA,,Rapid syphilis test,Test rapide syphilis,,,,,,,,Test,Coded,,,,,,,,,,,,578
165562AAAAAAAAAAAAAAAAAAAAAAAAAAAAAA,,Salmonella typhi rapid diagnostic test,Test de diagnostic rapide Salmonella typhi,,Typhoid RDT,,,Rapid diagnostic test that reports presence of S. typhi IgM and/or IgG antibodies in blood.,,,Test,Coded,,,,,,,,,,,,579
165611AAAAAAAAAAAAAAAAAAAAAAAAAAAAAA,,Serum SARS-CoV-2 nucleic acid assay by real time reverse transcriptase PCR,Dosage acide nucléique SARS-CoV-2 sérum par PCR transcriptase inverse temps réel,,,,,,,,Test,Coded,,,,,,,,,,,,580
165840AAAAAAAAAAAAAAAAAAAAAAAAAAAAAA,,Respiratory specimen severe acute respiratory syndrome coronavirus 2 (SARS-CoV-2) RNA detection by probe and target amplification method,Détection ARN SARS-CoV-2 échantillon respiratoire par amplification de sonde et cible,,,,,,,,Test,Coded,,,,,,,,,,,,581
165852AAAAAAAAAAAAAAAAAAAAAAAAAAAAAA,,Respiratory specimen severe acute respiratory syndrome coronavirus 2 (SARS-CoV-2) antigen rapid diagnostic test,,,,,,,,,Test,Coded,,,,,,,,,,,,582
165853AAAAAAAAAAAAAAAAAAAAAAAAAAAAAA,,Rapid detection in serum or plasma of either or both IgG and IgM antibodies to severe acute respiratory syndrome coronavirus 2 (SARS-CoV-2) by immunoassay,Détection rapide anticorps IgG et/ou IgM SARS-CoV-2 sérum/plasma par immunoessai,,,,,,,,Test,Coded,,,,,,,,,,,,583
165898AAAAAAAAAAAAAAAAAAAAAAAAAAAAAA,,Serum or plasma severe acute respiratory syndrome coronavirus 2 (SARS-CoV-2) IgG antibody detection by rapid immunoassay,Détection des anticorps IgG du virus COVID-19 par immunoessai rapide dans le sérum/plasma,,,,,,,,Test,Coded,,,,,,,,,,,,584
165899AAAAAAAAAAAAAAAAAAAAAAAAAAAAAA,,Serum or plasma severe acute respiratory syndrome coronavirus 2 (SARS-CoV-2) IgM antibody detection by rapid immunoassay,Détection des anticorps IgM du virus COVID-19 par immunoessai rapide dans le sérum/plasma,,,,,,,,Test,Coded,,,,,,,,,,,,585
166377AAAAAAAAAAAAAAAAAAAAAAAAAAAAAA,,Fibrinogen assay,Dosage fibrinogène,Medición de factor I de coagulación,,,,,,,Test,Numeric,,,,,No,,,,,,,586
166396AAAAAAAAAAAAAAAAAAAAAAAAAAAAAA,,Serum iron measurement (umol/L),Mesure de fer sérique (umol/L),,Fe,Fer,,,,,Test,Numeric,,,,,No,umol/L,,,0.0,,,587
166397AAAAAAAAAAAAAAAAAAAAAAAAAAAAAA,,Serum magnesium measurement (mg/dL),Mesure de magnésium sérique (mg/dL),,Mg,Mg,,,,,Test,Numeric,,,,,No,mg/dL,,,0.0,,,588
166423AAAAAAAAAAAAAAAAAAAAAAAAAAAAAA,,Presence of prostate specific antigen (qualitative),Présence d'antigène spécifique de la prostate (qualitatif),,,,,,,,Test,Coded,,,,,,,,,,,,589
166550AAAAAAAAAAAAAAAAAAAAAAAAAAAAAA,,Antibiotic susceptibility test,Test de sensibilité aux antibiotiques,Prueba de sensibilidad antimicrobiana,,,,,,,Test,N/A,,,,,,,,,,,,590
167182AAAAAAAAAAAAAAAAAAAAAAAAAAAAAA,,Total lipids measurement (mg/dl),Lipides totaux (mg/dL),,,,,,,,Test,Numeric,,,,,No,mg/dL,,,0.0,,,591
167207AAAAAAAAAAAAAAAAAAAAAAAAAAAAAA,,Cryptococcus detection by India ink preparation,Cryptococcose neoformans (encre de Chine),,,,,,,,Test,Coded,,,,,,,,,,,,592
167208AAAAAAAAAAAAAAAAAAAAAAAAAAAAAA,,Cryptococcus detection in cerebrospinal fluid (CSF) by India ink preparation,Détection Cryptococcus dans liquide céphalorachidien par encre de Chine,,,,,,,,Test,Coded,,,,,,,,,,,,593
167365AAAAAAAAAAAAAAAAAAAAAAAAAAAAAA,,Vibrio cholerae in stool by light microscopy,Vibrio cholerae dans selles par microscopie optique,,,,,,,,Test,Coded,,,,,,,,,,,,594
167441AAAAAAAAAAAAAAAAAAAAAAAAAAAAAA,,"HIV DNA polymerase chain reaction, dried blood spot (DBS)","Réaction en chaîne par polymérase de l'ADN du VIH, goutte de sang séché (DBS)",,"HIV DNA PCR, DBS",,,,,,Test,Coded,,,,,,,,,,,,595
167459AAAAAAAAAAAAAAAAAAAAAAAAAAAAAA,,"Mycobacterium tuberculosis lipoarabinomannan antigen, urine, rapid","Antigène lipoarabinomannane de Mycobacterium tuberculosis, urine, rapide",,Rapid urine LAM,,,,,,Test,Coded,,,,,,,,,,,,596
184de8cc-7bcd-488d-8d07-6cbcc5551339,,Urine specific gravity by test strip,Densité urinaire par bandelette,,,,,,,,Test,Numeric,,,,,Yes,,,1.035,1.0,,,597
1875AAAAAAAAAAAAAAAAAAAAAAAAAAAAAAAA,,Urine protein (dipstick),Recherche protéine (urine),Determinación de proteinuria con tira reactiva,,,,Qualitative test for protein in the urine.,,,Test,Coded,,,,,,,,,,,,598
1945AAAAAAAAAAAAAAAAAAAAAAAAAAAAAAAA,,"Serum pregnancy test, qualitative","Sérum test de grossesse, qualitative",Prueba de embarazo en suero (gonadotrofina coriónica humana - subunidad beta),,,,"Beta-HCG blood test for pregnancy, qualitative",,,Test,Coded,,,,,,,,,,,,599
19d6cc95-51a2-442d-b3c4-87ee2317364f,,Plasmodium form seen on smear,Forme Plasmodium vue sur frottis,,,,,,,,Test,Coded,,,,,,,,,,,,600
1aa994e7-2234-4afd-bf79-3a9ac0bfd2a2,,Body fluid bicarbinate (mmol/L),,,,,,,,,Test,Numeric,,,,,No,mmol/L,,,0.0,,,601
1bbcf488-0d7a-4088-80ae-a55e1f10d0a0,,"Ionized calcium, serum/plasma (mmol/L)",,,"ICa2+, serum/plasma",,,,,,Test,Numeric,,,,,No,mmol/L,,,0.0,,,602
21AAAAAAAAAAAAAAAAAAAAAAAAAAAAAAAAAA,,Haemoglobin,Hémoglobine,Medición de concentración de hemoglobina total,Hgb,,,"The iron-containing respiratory pigment in red blood cells of vertebrates, consisting of about 6 percent heme and 94 percent globin.",,,Test,Numeric,,,,,Yes,g/dL,10.4,17.8,0.0,,,603
244bd252-fd7a-4f01-aa52-b2e028109f14,,Cerebrospinal fluid volume measurement (mL),Mesure du volume de liquide céphalo-rachidien (mL),,,,,,,,Test,Numeric,,,,,Yes,,,,0.0,,,604
285244f9-ab2a-4b8f-ad66-4ed379b8ba7c,,Fungus culture,,,,,,,,,Test,Coded,,,,,,,,,,,,605
299AAAAAAAAAAAAAAAAAAAAAAAAAAAAAAAAA,,VDRL,VDRL,Prueba VDRL,,,,A flocculation test for syphilis employing cardiolipin in combination with lecithin and cholesterol.,,,Test,Coded,,,,,,,,,,,,606
2ec5c1aa-4147-438d-8aab-3912b5f185ff,,Serum Trypanosoma species antibody detection by agglutination,CATT test,,,,,,,,Test,Coded,,,,,,,,,,,,607
300AAAAAAAAAAAAAAAAAAAAAAAAAAAAAAAAA,,Blood typing,Groupe sanguin,"Tipificación de antígeno, grupo sanguíneo",,,,"Blood typing tests are done before a person receives a blood transfusion and to check a pregnant woman's blood type. Human blood is classified, or typed, according to the presence or absence of certain markers (called antigens) on the surface of red blood cells.",,,Test,Coded,,,,,,,,,,,,608
302AAAAAAAAAAAAAAAAAAAAAAAAAAAAAAAAA,,Urinalysis order,Analyse d'urine,Análisis de orina,,,,"An examination of the urine by physical or chemical means. Urinalysis comprises a battery of chemical and microscopic tests that help to screen for urinary tract infections, renal disease, and diseases of other organs that result in abnormal metabolites (break-down products) appearing in the urine.",,,Test,Coded,,,,,,,,,,,,609
304AAAAAAAAAAAAAAAAAAAAAAAAAAAAAAAAA,,Stool exam,Examen des selles,Microscopia de heces,,,,"Evaluation of stool under a microscope, usually for ova and parasites.",,,Test,Coded,,,,,,,,,,,,610
306AAAAAAAAAAAAAAAAAAAAAAAAAAAAAAAAA,,Widal test,Test Widal,Prueba de Widal,,,,"The Widal test is used to demonstrate rising titres of antibodies to flagellar (H), somatic (O) antigens in typhoid and paratyphoid fever.  An increasing O antibody level signifies acute infection, whilst a raised H antibody level may indicate the serotype of the infecting organism.",,,Test,Coded,,,,,,,,,,,,611
307AAAAAAAAAAAAAAAAAAAAAAAAAAAAAAAAA,,Sputum for acid fast bacilli,Crachat BAAR,,,,,"Ziehl Nielsen stain for tuberculosis, performed on a deep sputum sample from the respiratory tract.",,,Test,Coded,,,,,,,,,,,,612
3165b21d-07fa-413b-8262-13d44d4fe5d8,,Serum Rift Valley fever virus antigen detection by immunoassay,,,,,,,,,Test,Coded,,,,,,,,,,,,613
32AAAAAAAAAAAAAAAAAAAAAAAAAAAAAAAAAA,,Malarial smear,Frottis paludéen,Extendido para detección de malaria,,GE,,"Peripheral smear study for malarial parasites is the gold standard in diagnosing malarial infection. It involves collection of a blood smear, staining and examination of the the red blood cells for intracellular malarial parasites.",,,Test,Coded,,,,,,,,,,,,614
33a697ef-1b5b-4d30-b88e-3f0d2fe56a22,,Plasma adrenocorticotropic hormone (ACTH) measurement (pg/mL),Mesure de l'hormone adrénocorticotrope (ACTH) plasmatique (pg/mL),,,,,,,,Test,Numeric,,,,,No,pg/mL,,,0.0,,,615
346d8d84-3389-45c9-b9ff-8a61573ccf75,,Ebola virus antigen detection by immunoassay,,,,,,,,,Test,Coded,,,,,,,,,,,,616
3726102f-b161-409d-a71d-a8ced7909380,,"Cryptococcal antigen, serum, coded","Antigène cryptococcique, sérum, codé",,"Serum CrAg, coded",,,,,,Test,Coded,,,,,,,,,,,,617
3d004238-1389-4fc5-9bd3-2d35539ab3f3,,"Creatine kinase-MB measurement, blood (ng/mL)","Mesure créatine kinase-MB, sang (ng/mL)",,CKMB,,,,,,Test,Numeric,,,,,Yes,ng/ML,,,0.0,,,618
3f4f0111-4f44-41aa-980d-9db2946ba0dc,,Trypanosoma sp identified in blood by concentration,,,,,,,,,Test,Coded,,,,,,,,,,,,619
45AAAAAAAAAAAAAAAAAAAAAAAAAAAAAAAAAA,,Urine pregnancy test,Test de grossesse urinaire,Prueba de orina para confirmación de embarazo,,,,Test that determines pregnancy status through measure of hormone content in urine.,,,Test,Coded,,,,,,,,,,,,620
47f2c60b-6034-4530-8b81-249ed964fb53,,Crimean-Congo hemorrhagic fever virus IgM antibody detection by immunoassay in serum,,,,,,,,,Test,Coded,,,,,,,,,,,,621
4eb107fa-9e55-44fe-b989-1d0698a3c1c7,,Serum Crimean-Congo hemorrhagic fever virus RNA detection by polymerase chain reaction,,,Crimean-Congo hemorrhagic fever  PCR,,,,,,Test,Coded,,,,,,,,,,,,622
50fccf83-650a-4a26-9b5f-3fc711c8c604,,Culture for bacteria identification,,,,,,,,,Test,Coded,,,,,,,,,,,,623
510591ba-aa27-487c-9fbc-06a8a9a83699,,Mpox clade I virus DNA detection by PCR,Détection ADN virus mpox clade I par PCR,,,,,,,,Test,Coded,,,,,,,,,,,,624
5475AAAAAAAAAAAAAAAAAAAAAAAAAAAAAAAA,,Tuberculin skin test (mm),Test tuberculinique (mm),Prueba de Mantoux (mm),,,,"Widely used test for detecting asymptomatic tuberculosis infection, or latent tuberculosis infection. Record the number of mm of induration.",,,Test,Numeric,,,,,No,mm,,,0.0,,,625
5497AAAAAAAAAAAAAAAAAAAAAAAAAAAAAAAA,,CD4 count,Numération des lymphocytes CD4,Recuento absoluto de células CD4,CD4,,,Measure of CD4 (T-helper cells) in blood,,,Test,Numeric,,,,,No,cells/uL,445.0,1497.0,0.0,,,626
55277547-3db1-42ec-aaa7-7ef4eae89b21,,Marburg virus antigen detection by immunoassay,,,,,,,,,Test,Coded,,,,,,,,,,,,627
56AAAAAAAAAAAAAAAAAAAAAAAAAAAAAAAAAA,,Urine microscopy,Analyse microscopique d'urine,Análisis de orina microscópico,,,,"Evalution of urine under the microscope, usually for cells, crystals, and/or infecting organisms.",,,Test,Text,,,,,,,,,,,,628
57b8863c-c83d-45d7-8b9d-b9e8ba990a64,,Body fluid pH,,,,,,,,,Test,Numeric,,,,,Yes,,,,0.0,14.0,,629
5d1ca28b-a870-4d37-8d4c-50f50fe17d90,,Free prostate specific antigen (PSA) measurement (ng/mL),,,Free PSA measurement,,,,,,Test,Numeric,,,,,Yes,ng/ml,,,,,,630
653AAAAAAAAAAAAAAAAAAAAAAAAAAAAAAAAA,,Serum glutamic-oxaloacetic transaminase,Sérum transaminase glutamique-oxalacétique,Medición sérica de ASAT,SGOT,,,"Liver function test, which usually is used to detect liver injury.",,,Test,Numeric,,,,,No,IU/L,25.0,45.0,0.0,,,631
654AAAAAAAAAAAAAAAAAAAAAAAAAAAAAAAAA,,Serum glutamic-pyruvic transaminase,Serum transaminase glutamique-pyruvique,Determinación de nivel de alanina transferasa en plasma,SGPT,,,"Liver function test, which usually is used to detect liver injury.",,,Test,Numeric,,,,,Yes,IU/L,0.0,35.0,0.0,,,632
654df19e-4bc2-479e-9de0-7231ebafac41,,Sickle cell rapid screening test,,,Sickle SCAN,,,,,,Test,Coded,,,,,,,,,,,,633
655AAAAAAAAAAAAAAAAAAAAAAAAAAAAAAAAA,,Total bilirubin,Bilirubine totale,Medición sérica de bilirrubina,Tbili,,,Bilirubin level assay from blood,,,Test,Numeric,,,,,Yes,umol/L,,,0.0,,,634
6639d970-3048-4dcc-82fc-7b2ef7efabba,,Rapid antigen Test for influenza A and B,Test antigène rapide grippe A et B,,Flu A/B rapid test,,,,,,Test,Coded,,,,,,,,,,,,635
678AAAAAAAAAAAAAAAAAAAAAAAAAAAAAAAAA,,White blood cells,Globules blancs,Recuento total de glóbulos blancos,WBC,,,Blood test to measure the number of white blood cells.,,,Test,Numeric,,,,,Yes,10^3/uL,4.0,11.0,0.0,,,636
679AAAAAAAAAAAAAAAAAAAAAAAAAAAAAAAAA,,Red blood cells,Globules rouges,Recuento de eritrocitos,RBC,,,Blood test to measure the number of red blood cells.,,,Test,Numeric,,,,,Yes,10^6/uL,4.0,6.1,0.0,,,637
717AAAAAAAAAAAAAAAAAAAAAAAAAAAAAAAAA,,Total protein,Protéines totales,Determinación de nivel de proteínas totales séricas,,,,Total protein measured in plasma or serum,,,Test,Numeric,,,,,Yes,g/dL,,,0.0,,,638
729AAAAAAAAAAAAAAAAAAAAAAAAAAAAAAAAA,,Platelets,Plaquettes,Recuento de plaquetas,,,,"Minute, nonnucleated, disklike cytoplasmic bodies found in the blood plasma of mammals, derived from a megakaryocyte and function to promote blood clotting.",,,Test,Numeric,,,,,No,10^3/mL,134.0,419.0,0.0,,,639
730AAAAAAAAAAAAAAAAAAAAAAAAAAAAAAAAA,,CD4%,Taux CD4,Recuento del porcentaje de linfocitos CD4,,,,Percentage of T-helper lymphocytes.,,,Test,Numeric,,,,,No,%,30.0,60.0,0.0,100.0,,640
773c06ca-366e-4ba8-ab9d-6fded5357a8c,,Hemoglobin in umbilical cord blood (mg/mL),Concentration d'hémoglobine dans le sang du cordon ombilical (mg/mL),,,,,,,,Test,Numeric,,,,,Yes,mg/mL,,,0.0,,,641
785AAAAAAAAAAAAAAAAAAAAAAAAAAAAAAAAA,,Alkaline phosphatase,Phosphatase alcaline,Determinación de nivel sérico de fosfatasa alcalina,ALP,,,"Any of the phosphatases (as phosphomonoesterase from blood plasma or milk) optimally active in alkaline medium and occurring in especially high concentrations in bone, the liver, the kidneys, and the placenta. This is the test for the substance in serum.",,,Test,Numeric,,,,,No,U/L,0.0,270.0,,,,642
790AAAAAAAAAAAAAAAAAAAAAAAAAAAAAAAAA,,Serum creatinine (umol/L),Créatinine,,Cr,,,Laboratory test that determines a blood serum creatinine level.  Often used with BUN to assess kidney function.,CRÉATININE SANGUINE,,Test,Numeric,,,,,Yes,umol/L,,,0.0,,,643
7a53ccad-5fd7-4870-8289-24e1e5d48f63,,Troponin T high sensitivity rapid test,Test rapide troponine T haute sensibilité,,,,,,,,Test,Coded,,,,,,,,,,,,644
7e72dd92-4cab-4b22-a82e-73641f652951,,"Free prostate specific antigen (PSA) measurement, serum/plasma (ng/mL)",,,"f-PSA, serum/plasma",,,,,,Test,Numeric,,,,,Yes,ng/mL,,,,,,645
82021b16-36b4-4bf4-ad7b-2a21f0b0fb1d,,Body fluid bicarbonate measurement after secretin administration (mmol/L),,,,,,,,,Test,Numeric,,,,,Yes,mmol/L,,,0.0,,,646
830b4f60-4911-41c4-ad22-f23bac2127cc,,"Salmonella typhi H antibody titer by agglutination, serum","Titre anticorps Salmonella typhi H par agglutination, sérum",,Widal H,,,,,,Test,Numeric,,,,,No,,,,1.0,,,647
844AAAAAAAAAAAAAAAAAAAAAAAAAAAAAAAAA,,HIV DNA polymerase chain reaction,VIH ADN réaction en chaîne par polymérase,Prueba de reacción de la polimerasa en cadena para HIV 1,HIV DNA PCR,,,Test which is used to detect genetic information inserted into the DNA of human cells by HIV,,,Test,Coded,,,,,,,,,,,,648
848AAAAAAAAAAAAAAAAAAAAAAAAAAAAAAAAA,,Serum albumin,Albumine sérique,Nivel de albúmina del suero,,,,Laboratory test for measuring albumin levels in serum.,,,Test,Numeric,,,,,Yes,g/dL,2.8,5.4,0.0,,,649
849AAAAAAAAAAAAAAAAAAAAAAAAAAAAAAAAA,,Urinary albumin,Albumine urinaire,Medición de albúmina urinaria,,,,"Laboratory test for albumin in the urine in mass/volume units (mcg/ml, mg/L)",,,Test,Numeric,,,,,No,,,,0.0,,,650
851AAAAAAAAAAAAAAAAAAAAAAAAAAAAAAAAA,,Mean corpuscular volume,Volume globulaire moyen,Determinación del volumen corpuscular medio,Mcv,VGM,,The volume of the average red blood cell in a given blood sample that is found by multiplying the hematocrit by 10 and dividing by the estimated number of red blood cells .,,,Test,Numeric,,,,,No,fL,80.0,100.0,0.0,,,651
854AAAAAAAAAAAAAAAAAAAAAAAAAAAAAAAAA,,CD4/CD8,CD4/CD8,,,,,Measure of the ratio of CD4 cells to CD8 cells in the blood.,,,Test,Numeric,,,,,No,,,,0.0,,,652
855AAAAAAAAAAAAAAAAAAAAAAAAAAAAAAAAA,,Erythrocyte sedimentation rate,Vitesse de sédimentation,Determinación de la velocidad de eritrosedimentación,,,,Measurement of the sedimation rate of red blood cells in a blood specimen.,,,Test,Numeric,,,,,No,mm/hr,0.0,30.0,0.0,,,653
856AAAAAAAAAAAAAAAAAAAAAAAAAAAAAAAAA,,HIV viral load,VIH charge virale,Prueba de carga viral de virus de la inmunodeficiencia humana,,,,This is a measure of the number of copies/ml of DNA/RNA in patients with HIV.,CHARGE VIRALE VIH,,Test,Numeric,,,,,No,copies/ml,,,0.0,,,654
857AAAAAAAAAAAAAAAAAAAAAAAAAAAAAAAAA,,Blood urea nitrogen,Azote de l'uree,Nitrógeno ureico sanguíneo,Bun,,,Measure of urea levels in the blood often used to assess kidney status.,,,Test,Numeric,,,,,Yes,mmol/L,,,0.0,,,655
885AAAAAAAAAAAAAAAAAAAAAAAAAAAAAAAAA,,Papanicolaou smear,Frottis Papanicolaou,Pap,,,,"A test for cancer, especially of the female genital tract, in which a smear of exfoliated cells is specially stained and examined under a microscope for pathological changes. Also called Pap test.",,,Test,Coded,,,,,,,,,,,,656
887AAAAAAAAAAAAAAAAAAAAAAAAAAAAAAAAA,,Serum glucose,Glycémie,Medición de glucosa en suero,Glu,,,Laboratory measurement of the glucose level in the blood in mg/ml,,,Test,Numeric,,,,,No,mg/dl,,,0.0,,,657
8f4809e3-71ac-4de7-8ebf-83de895049e8,,Mpox clade II virus DNA detection by PCR,Détection ADN virus mpox clade II par PCR,,,,,,,,Test,Coded,,,,,,,,,,,,658
935bdd31-f0bb-4dc9-b7ae-56ed9fd21250,,Plasmodium falciparum DNA detection by probe and target amplification method in blood,,,,,,,,,Test,Coded,,,,,,,,,,,,659
a984c7e7-0f6d-402e-b2b9-0d675b5487e1,,Rickettsia species IgM antibody assay in serum (arb'U/mL),,,,,,,,,Test,Numeric,,,,,No,arb'U/mL,,,0.0,,,660
aa4130d6-61e1-4608-8c6b-d994e905a502,,Dengue virus IgM antibody detection by immunoassay in serum/plasma,,,,,,,,,Test,Coded,,,,,,,,,,,,661
ab8c6eba-fd9d-4696-8bd0-5c26a0fbf618,,Blood group antibody screen detection in serum/plasma,,,,,,,,,Test,Coded,,,,,,,,,,,,662
ae3c21f6-c156-4e42-84e6-050bf54bb774,,"Parathyroid hormone, serum/plasma (pg/mL)","Hormone parathyroïdienne, sérum/plasma (pg/mL)",,,,,,,,Test,Numeric,,,,,No,pg/mL,,,0.0,,,663
bbea8991-82e9-4488-9077-c49e314f2a53,,"Salmonella typhi O antibody titer by agglutination, serum",,,Widal O,,,,,,Test,Numeric,,,,,No,dilutions,,,1.0,,,664
be6a18fc-18fa-43e7-8861-75d975535715,,Cerebrospinal fluid white blood cells,Globules blancs du liquide céphalo-rachidien,,,,,,,,Test,Numeric,,,,,No,,,,0.0,,,665
c6ab13c2-ffac-4802-b9ca-047e8673d6be,,Count of acid-fast bacillus (AFB) in sputum,Dénombrement bacilles acido-résistants dans crachat,,,,,,,,Test,Numeric,,,,,No,,,,0.0,,,666
ca247755-2a2e-4fcf-b1ea-fa4cdd5e4395,,Rotavirus antigen presence in stool,Présence antigène rotavirus dans selles,,,,,,,,Test,Coded,,,,,,,,,,,,667
e50003da-49e4-4087-9c52-41a7092c6a2e,,Measles virus detection by organism specific culture,,,,,,,,,Test,Coded,,,,,,,,,,,,668
e8c1f71b-392a-4695-8c66-7686c5fee7a1,,"Cryptococcal antigen, serum titer","Antigène cryptococcique, sérum, titre",,Serum CrAg titer,,,,,,Test,Numeric,,,,,No,,,,1.0,,,669
e97657fe-a11b-4497-97df-7e410a5f94e4,,Yellow fever virus IgG antibody detection by immunoassay,,,,,,,,,Test,Coded,,,,,,,,,,,,670
ec2bb920-5f49-4f82-a91e-c1bafd7c60c7,,Mpox virus clade typing by sequencing,Typage virus mpox par séquençage,,,,,,,,Test,Coded,,,,,,,,,,,,671
f0a05386-c094-4971-a434-53bc8dbbeee7,,Urine appearance,Aspect urinaire,,,,,,,,Test,Coded,,,,,,,,,,,,672
f3e651ac-7cfa-482f-bd31-da4068050946,,Cerebrospinal fluid red blood cells,Globules rouges du liquide céphalo-rachidien,,,,,,,,Test,Numeric,,,,,No,,,,0.0,,,673
f41e4a2c-806d-4645-94fe-185a2b7b01df,,Rift valley fever virus detection by probe and target amplification method,,,,,,,,,Test,Coded,,,,,,,,,,,,674
f69212d6-375b-46d9-8f6e-ab43eb94bd98,,Microorganism identification by molecular genetics method,,,,,,,,,Test,Coded,,,,,,,,,,,,675
fb44445b-5638-4ad5-996b-b79fc2f90756,,"Troponin I measurement, rapid",Mesure rapide troponine I,,,,,,,,Test,Coded,,,,,,,,,,,,676
fe43c8ec-db8a-4925-912d-47077b8f145f,,Body fluid pancreatic exocrine function panel,,,,,,,,,Test,Coded,,,,,,,,,,,,677
ff75ee83-34ba-46f3-8076-153460291e20,,"Total prostate specific antigen (PSA) measurement, serum/plasma (ng/mL)",,,"T-PSA, serum/plasma",,,,,,Test,Numeric,,,,,Yes,ng/mL,,,,,,678
014f34f2-002d-42b8-92e0-bb5c75f3cbca,,Conversion disorder with weakness/paralysis,Trouble de conversion avec faiblesse et paralysie,,,,,,,,Diagnosis,N/A,,,,,,,,,,,,679
0464ea6a-a504-4451-95ad-ac6d597b8605,,Conversion disorder with swallowing difficulty,Trouble de conversion avec difficulté de déglutition,,,,,,,,Diagnosis,N/A,,,,,,,,,,,,680
04668e8f-8813-4fc9-bb9d-41298638e38c,,Intra-abdominal infection after surgical procedure,Péritonite post opératoire,,,,,,,,Diagnosis,N/A,,,,,,,,,,,,681
09095927-e0be-452e-8f90-88a16e8b66a5,,Palmoplantar keratoderma,Kératodermie palmoplantaire,,,,,,,,Diagnosis,N/A,,,,,,,,,,,,682
0b64340a-239c-484e-9b92-a93041f19830,,Moderate substance use disorder,Trouble modéré lié a une substances,,,,,,,,Diagnosis,N/A,,,,,,,,,,,,683
0d28a337-74b2-4a91-82c7-bbc780d0d76a,,Mild hallucinogen use disorder,Trouble léger lié aux hallucinogènes,,,,,,,,Diagnosis,N/A,,,,,,,,,,,,684
0de7c714-c7bf-49aa-bacf-76c307e05f39,,Fear of an accident,Peur d'un accident,,,,,,,,Diagnosis,N/A,,,,,,,,,,,,685
102AAAAAAAAAAAAAAAAAAAAAAAAAAAAAAAAA,,"Toxicity, drug",Toxicité au médicaments,Toxicidad farmacológica,,,,"Adverse reaction to a drug (oral, parenteral, topical).",,,Diagnosis,N/A,,,,,,,,,,,,686
106AAAAAAAAAAAAAAAAAAAAAAAAAAAAAAAAA,,Acute coryza,Coryza aiguë,resfrío común,,,,Common cold or head cold.,,,Diagnosis,N/A,,,,,,,,,,,,687
10AAAAAAAAAAAAAAAAAAAAAAAAAAAAAAAAAA,,Acute bronchitis,Bronchite aiguë,Bronquitis aguda,,,,"Lower respiratory infection of the bronchial tubes, acute.",,,Diagnosis,N/A,,,,,,,,,,,,688
110099AAAAAAAAAAAAAAAAAAAAAAAAAAAAAA,,Post-nasal discharge,,rinorrea posnasal,,,,,,,Diagnosis,N/A,,,,,,,,,,,,689
110103AAAAAAAAAAAAAAAAAAAAAAAAAAAAAA,,Mild cognitive disorder,Trouble neurocognitif léger,trastorno cognitivo leve,,,,,,,Diagnosis,N/A,,,,,,,,,,,,690
110104AAAAAAAAAAAAAAAAAAAAAAAAAAAAAA,,Mental Disability,Retard mental,deficiencia mental,,,,,,,Diagnosis,N/A,,,,,,,,,,,,691
110169AAAAAAAAAAAAAAAAAAAAAAAAAAAAAA,,"Urticaria, solar",Urticaire solaire,urticaria solar,,,,,,,Diagnosis,N/A,,,,,,,,,,,,692
110178AAAAAAAAAAAAAAAAAAAAAAAAAAAAAA,,Allergy to dog,Allergie aux chiens,alergia a la caspa de perro,,,,,,,Diagnosis,N/A,,,,,,,,,,,,693
110199AAAAAAAAAAAAAAAAAAAAAAAAAAAAAA,,Sleep disordered breathing,Troubles respiratoires du sommeil,trastorno del sueño relacionado con la respiración,,,,"Disorders characterized by multiple cessations of respirations during sleep that induce partial arousals and interfere with the maintenance of sleep. Sleep apnea syndromes are divided into central (see SLEEP APENA, CENTRAL), obstructive (see SLEEP APNEA, OBSTRUCTIVE), and mixed central-obstructive types.",,,Diagnosis,N/A,,,,,,,,,,,,694
110247AAAAAAAAAAAAAAAAAAAAAAAAAAAAAA,,History of allergy,Histoire d'allergie,alergia,,,,"Altered reactivity to an antigen, which can result in pathologic reactions upon subsequent exposure to that particular antigen.",,,Diagnosis,N/A,,,,,,,,,,,,695
110434AAAAAAAAAAAAAAAAAAAAAAAAAAAAAA,,Impaired cognition,Troubles cognitifs,cognición alterada,,,,,,,Diagnosis,Coded,,,,,,,,,,,,696
110516AAAAAAAAAAAAAAAAAAAAAAAAAAAAAA,,Herpes simplex esophagitis,Oesophagites a herpes simplex,infección esofágica por herpes simple,,,,,,,Diagnosis,N/A,,,,,,,,,,,,697
110521AAAAAAAAAAAAAAAAAAAAAAAAAAAAAA,,Fracture of great toe,Fracture du gros orteil,fractura del dedo gordo,,,,,,,Diagnosis,N/A,,,,,,,,,,,,698
110540AAAAAAAAAAAAAAAAAAAAAAAAAAAAAA,,Excessive crying,Pleurs excessifs,llanto excesivo,,,,,,,Diagnosis,N/A,,,,,,,,,,,,699
110771AAAAAAAAAAAAAAAAAAAAAAAAAAAAAA,,Stromal Tumor of Digestive System,Tumeur stromale gastro-intestinale,tumor del estroma gastrointestinal,,,,,,,Diagnosis,N/A,,,,,,,,,,,,700
110772AAAAAAAAAAAAAAAAAAAAAAAAAAAAAA,,Cervical intraepithelial glandular neoplasia,,neoplasia intraepitelial cervical grado III con displasia severa,,,,,,,Diagnosis,N/A,,,,,,,,,,,,701
110807AAAAAAAAAAAAAAAAAAAAAAAAAAAAAA,,Fracture of base of skull,Fracture de la base du crâne,fractura de la base del cráneo,,,,"Fractures of the skull which may result from penetrating or nonpenetrating head injuries or rarely BONE DISEASES (see also FRACTURES, SPONTANEOUS). Skull fractures may be classified by location (e.g., SKULL FRACTURE, BASILAR), radiographic appearance (e.g., linear), or based upon cranial integrity (e.g., SKULL FRACTURE, DEPRESSED).",,,Diagnosis,N/A,,,,,,,,,,,,702
110834AAAAAAAAAAAAAAAAAAAAAAAAAAAAAA,,Gastritis,Gastrite,Gastritis,,,,Inflammation of the stomach lining,,,Diagnosis,N/A,,,,,,,,,,,,703
111061AAAAAAAAAAAAAAAAAAAAAAAAAAAAAA,,Hives,Éruption urticaire,roncha,,,,"A vascular reaction of the skin characterized by erythema and wheal formation due to localized increase of vascular permeability. The causative mechanism may be allergy, infection, or stress.",,,Diagnosis,N/A,,,,,,,,,,,,704
111103AAAAAAAAAAAAAAAAAAAAAAAAAAAAAA,,Cerebrovascular accident,Accident celebro vasculaire,accidente cerebrovascular,,ACV,,"A sudden, nonconvulsive loss of neurologic function due to an ischemic or hemorrhagic intracranial vascular event. In general, cerebrovascular accidents are classified by anatomic location in the brain, vascular distribution, etiology, age of the affected individual, and hemorrhagic vs. nonhemorrhagic nature. (From Adams et al., Principles of Neurology, 6th ed, pp777-810)",,,Diagnosis,N/A,,,,,,,,,,,,705
111145AAAAAAAAAAAAAAAAAAAAAAAAAAAAAA,,Acute abscess,Abcès aiguë,Absceso agudo,,,,,,,Diagnosis,N/A,,,,,,,,,,,,706
111148AAAAAAAAAAAAAAAAAAAAAAAAAAAAAA,,Other sleep disturbances,Autres troubles du sommeil,disomnia,,,,,,,Diagnosis,N/A,,,,,,,,,,,,707
111154AAAAAAAAAAAAAAAAAAAAAAAAAAAAAA,,Abnormal pupillary function,Anomalies fonctionnelles de la pupille,función pupilar anormal,,,,"Conditions which affect the structure or function of the pupil of the eye, including disorders of innervation to the pupillary constrictor or dilator muscles, and disorders of pupillary reflexes.",,,Diagnosis,N/A,,,,,,,,,,,,708
111178AAAAAAAAAAAAAAAAAAAAAAAAAAAAAA,,Hymenoptera allergy,Allergie aux hyménoptères,alergia al veneno de abeja,,,,,,,Diagnosis,N/A,,,,,,,,,,,,709
111459AAAAAAAAAAAAAAAAAAAAAAAAAAAAAA,,Vitiligo,Vitiligo,vitiligo,,,,"A disorder consisting of areas of macular depigmentation, commonly on extensor aspects of extremities, on the face or neck, and in skin folds. Age of onset is often in young adulthood and the condition tends to progress gradually with lesions enlarging and extending until a quiescent state is reached.",,,Diagnosis,N/A,,,,,,,,,,,,710
111479AAAAAAAAAAAAAAAAAAAAAAAAAAAAAA,,Viral hepatitis,Hepatite virale,hepatitis viral sin coma hepático,,,,,,,Diagnosis,N/A,,,,,,,,,,,,711
111481AAAAAAAAAAAAAAAAAAAAAAAAAAAAAA,,Infectious viral hepatitis,Hépatite virale infectieuse,hepatitis viral,,,,,,,Diagnosis,N/A,,,,,,,,,,,,712
111523AAAAAAAAAAAAAAAAAAAAAAAAAAAAAA,,"Extreme prematurity, < 28 weeks gestation","Prématurité extrême, < 28 semaines",muy prematuro - inferior a 1000g o menor de 28 semanas,,,,,,,Diagnosis,N/A,,,,,,,,,,,,713
111525AAAAAAAAAAAAAAAAAAAAAAAAAAAAAA,,Vertigo,Vertige,vértigo,,,,"An illusion of movement, either of the external world revolving around the individual or of the individual revolving in space. Vertigo may be associated with disorders of the inner ear, vestibular nerve, brainstem, and cerebral cortex. Lesions in the temporal and parietal lobes may be associated with FOCAL SEIZURES that may feature vertigo as an ictal manifestation. (From Adams et al., Principles of Neurology, 6th ed, pp300-1)",,,Diagnosis,N/A,,,,,,,,,,,,714
111588AAAAAAAAAAAAAAAAAAAAAAAAAAAAAA,,Vaginal enterocele,Entérocèle vaginale,enterocele vaginal,,,,,,,Diagnosis,N/A,,,,,,,,,,,,715
111633AAAAAAAAAAAAAAAAAAAAAAAAAAAAAA,,Urinary tract infection,Infection urinaire,infección urinaria,,,,"Infections affecting those structures of the body which participate in the secretion and elimination of urine, i.e., the kidney, the ureters, the urinary bladder, and the urethra.",,,Diagnosis,N/A,,,,,,,,,,,,716
111636AAAAAAAAAAAAAAAAAAAAAAAAAAAAAA,,Urinary incontinence,Incontinence urinaire,vejiga: incontinente,,,,,,,Diagnosis,Coded,,,,,,,,,,,,717
111639AAAAAAAAAAAAAAAAAAAAAAAAAAAAAA,,Urethritis,Uretrite et syndrome urètral,uretritis,,,,,,,Diagnosis,N/A,,,,,,,,,,,,718
111687AAAAAAAAAAAAAAAAAAAAAAAAAAAAAA,,Unknown cause of morbidity or mortality,Cause inconnue mortalitie,tipo de muerte no determinada,,,,,,,Diagnosis,N/A,,,,,,,,,,,,719
111699AAAAAAAAAAAAAAAAAAAAAAAAAAAAAA,,Umbilical hernia,Hernie ombilicale,hernia umbilical,,,,"The protrusion of part of the intestine at the umbilicus (Dorland, 27th ed).",,,Diagnosis,N/A,,,,,,,,,,,,720
111705AAAAAAAAAAAAAAAAAAAAAAAAAAAAAA,,Umbilical cord complication during labour and delivery,Travail et accouchement compliqués d'anomalies du cordon ombilical,complicación del cordón umbilical,,,,,,,Diagnosis,N/A,,,,,,,,,,,,721
111721AAAAAAAAAAAAAAAAAAAAAAAAAAAAAA,,Mouth ulceration,Ulcération buccale,úlcera de la boca,,,,"A loss of mucous substance of the mouth showing local excavation of the surface, resulting from the sloughing of inflammatory necrotic tissue. It is the result of a variety of causes, e.g., denture irritation, aphthous stomatitis (STOMATITIS, APHTHOUS), NOMA, necrotizing gingivitis (GINGIVITIS, NECROTIZING, ULCERATIVE), TOOTHBRUSHING, and various irritants. (From Jablonski, Dictionary of Dentistry, 1992, p842)",,,Diagnosis,N/A,,,,,,,,,,,,722
111725AAAAAAAAAAAAAAAAAAAAAAAAAAAAAA,,Ulcer of lower limb,Ulcère du membre inferieur,úlcera de la extremidad inferior,,,,"Ulceration of the skin and underlying structures of the lower extremity. About 90% of the cases are due to venous insufficiency (VARICOSE ULCER), 5% to arterial disease, and the remaining 5% to other causes.",,,Diagnosis,N/A,,,,,,,,,,,,723
111759AAAAAAAAAAAAAAAAAAAAAAAAAAAAAA,,Hepatitis B,Hépatite B,hepatitis viral tipo B,,,,,,,Diagnosis,N/A,,,,,,,,,,,,724
111772AAAAAAAAAAAAAAAAAAAAAAAAAAAAAA,,Twin pregnancy,"Grossesse multiple, Jumeaux",embarazo gemelar,,,,,,,Diagnosis,N/A,,,,,,,,,,,,725
111785AAAAAAAAAAAAAAAAAAAAAAAAAAAAAA,,"Salpingitis and oophoritis not specified as acute, subacute, or chronic",Salpingite et ovarite,enfermedad inflamatoria tubo - ovárica,,,,,,,Diagnosis,N/A,,,,,,,,,,,,726
111873AAAAAAAAAAAAAAAAAAAAAAAAAAAAAA,,Tuberculous lymphadenitis,Lymphadénite tuberculeuse,adenitis tuberculosa,,,,Infection of the lymph nodes by tuberculosis. Tuberculous infection of the cervical lymph nodes is scrofula.,,,Diagnosis,N/A,,,,,,,,,,,,727
111939AAAAAAAAAAAAAAAAAAAAAAAAAAAAAA,,Tuberculosis of skin and subcutaneous cellular tissue,Tuberculose de la peau et du tissu cellulaire sous-cutané,tuberculosis de piel y tejido subcutáneo,,,,,,,Diagnosis,N/A,,,,,,,,,,,,728
111946AAAAAAAAAAAAAAAAAAAAAAAAAAAAAA,,Tuberculous pleurisy,Pleurésie tuberculeuse,tuberculosis de pleura,,,,Tuberculosis of the serous membrane lining the thoracic cavity and surrounding the lungs.,,,Diagnosis,N/A,,,,,,,,,,,,729
111967AAAAAAAAAAAAAAAAAAAAAAAAAAAAAA,,Tuberculous meningitis,Méningite tuberculeuse,meningitis tuberculosa,,,,"A form of bacterial meningitis caused by MYCOBACTERIUM TUBERCULOSIS or rarely MYCOBACTERIUM BOVIS. The organism seeds the meninges and forms microtuberculomas which subsequently rupture. The clinical course tends to be subacute, with progressions occurring over a period of several days or longer. Headache and meningeal irritation may be followed by SEIZURES, cranial neuropathies, focal neurologic deficits, somnolence, and eventually COMA.  The illness may occur in immunocompetent individuals or as an OPPORTUNISTIC INFECTION in the ACQUIRED IMMUNODEFICIENCY SYNDROME and other immunodeficiency syndromes. (From Adams et al., Principles of Neurology, 6th ed, pp717-9)",,,Diagnosis,N/A,,,,,,,,,,,,730
111981AAAAAAAAAAAAAAAAAAAAAAAAAAAAAA,,Tuberculosis of male genital organs,tuberculose organe génital masculin,tuberculosis de los órganos genitales masculinos,,,,,,,Diagnosis,N/A,,,,,,,,,,,,731
112030AAAAAAAAAAAAAAAAAAAAAAAAAAAAAA,,"Tuberculosis of intestines, peritoneum, and mesenteric glands",Tuberculose du péritoine,"tuberculosis de intestinos, peritoneo y ganglios mesentéricos",,,,Tuberculosis of the serous lining of the abdomen.,,,Diagnosis,N/A,,,,,,,,,,,,732
112115AAAAAAAAAAAAAAAAAAAAAAAAAAAAAA,,Tuberculosis of bones and joints,Tuberculose des os et des articulations,tuberculosis de los huesos Y/O las articulaciones,,,,,,,Diagnosis,N/A,,,,,,,,,,,,733
112116AAAAAAAAAAAAAAAAAAAAAAAAAAAAAA,,Bone tuberculosis,Tuberculose osseuse,tuberculosis del hueso,,,,Mycobacterial infection of the bone,,,Diagnosis,N/A,,,,,,,,,,,,734
112141AAAAAAAAAAAAAAAAAAAAAAAAAAAAAA,,Tuberculosis,Tuberculose,Tuberculosis,,,,Any of the infectious diseases of man and other animals caused by species of MYCOBACTERIUM.,,,Diagnosis,Coded,,,,,,,,,,,,735
112163AAAAAAAAAAAAAAAAAAAAAAAAAAAAAA,,Tuberculoid leprosy (Type T),Lèpre tuberculoide,lepra tuberculoide,,,,"A principal or polar form of LEPROSY in which the skin lesions are few and are sharply demarcated. Peripheral nerve involvement is pronounced and may be severe. Unlike lepromatous leprosy (LEPROSY, LEPROMATOUS), the lepromin test is positive. Tuberculoid leprosy is rarely a source of infection to others.",,,Diagnosis,N/A,,,,,,,,,,,,736
112188AAAAAAAAAAAAAAAAAAAAAAAAAAAAAA,,Triplet pregnancy,"Grossesse multiple, Triplés",embarazo de trillizos,,,,,,,Diagnosis,N/A,,,,,,,,,,,,737
112196AAAAAAAAAAAAAAAAAAAAAAAAAAAAAA,,Trichotillomania,Trichotillomanie,tricotilomanía,,,,Compulsion to pull out one's hair.,,,Diagnosis,N/A,,,,,,,,,,,,738
112232AAAAAAAAAAAAAAAAAAAAAAAAAAAAAA,,Traumatic arthropathy,Arthropathie traumatique,artropatía traumática,,,,,,,Diagnosis,N/A,,,,,,,,,,,,739
112243AAAAAAAAAAAAAAAAAAAAAAAAAAAAAA,,"Traumatic amputation of foot, unilateral",Amputation traumatique du pied,amputación traumática del pie,,,,General or unspecified injuries involving the foot.,,,Diagnosis,N/A,,,,,,,,,,,,740
112245AAAAAAAAAAAAAAAAAAAAAAAAAAAAAA,,Traumatic amputation of finger(s),Amputation traumatique d'un (des) doigt(s),amputación traumática de dedo de la mano,,,,General or unspecified injuries involving the fingers.,,,Diagnosis,N/A,,,,,,,,,,,,741
112250AAAAAAAAAAAAAAAAAAAAAAAAAAAAAA,,Amputation of arm,Amputation traumatique du membre supérieur,amputación traumática del brazo,,,,,,,Diagnosis,N/A,,,,,,,,,,,,742
112252AAAAAAAAAAAAAAAAAAAAAAAAAAAAAA,,Traumatic alopecia,Alopecie traumatique,alopecia traumática,,,,"A microscopically inflammatory, usually reversible, patchy hair loss occurring in sharply defined areas and usually involving the beard or scalp. (Dorland, 27th ed)",,,Diagnosis,N/A,,,,,,,,,,,,743
112259AAAAAAAAAAAAAAAAAAAAAAAAAAAAAA,,Transverse or oblique fetal presentation,Prezantasyon Fetal transvèrs oswa oblik,presentación transversa U oblicua del feto,,,,,,,Diagnosis,N/A,,,,,,,,,,,,744
112264AAAAAAAAAAAAAAAAAAAAAAAAAAAAAA,,Transient tachypnoea of newborn,Tachypnée transitoire du nouveau-né,taquipnea transitoria del recién nacido,,,,"A disorder affecting newborn infants (usually premature) characterized pathologically by the development of a hyaline-like membrane lining the terminal respiratory passages. Extensive atelectasis is attributed to the lack of surfactant. (Dorland, 27th ed)",,,Diagnosis,N/A,,,,,,,,,,,,745
112276AAAAAAAAAAAAAAAAAAAAAAAAAAAAAA,,Transient cerebral ischemia,Ischémie cérébrale transitoire,ataque isquémico transitorio,TIA,,,"Brief reversible episodes of focal, nonconvulsive ischemic dysfunction of the brain having a duration of less than 24 hours, and usually less than one hour, caused by transient thrombotic or embolic blood vessel occlusion or stenosis. Events may be classified by arterial distribution, temporal pattern, or etiology (e.g., embolic vs. thrombotic). (From Adams et al., Principles of Neurology, 6th ed, pp814-6)",,,Diagnosis,N/A,,,,,,,,,,,,746
112287AAAAAAAAAAAAAAAAAAAAAAAAAAAAAA,,Trachoma,Trachome,tracoma,,,,A chronic infection of the conjunctiva and cornea caused by CHLAMYDIA TRACHOMATIS.,,,Diagnosis,N/A,,,,,,,,,,,,747
112336AAAAAAAAAAAAAAAAAAAAAAAAAAAAAA,,Toxemia of pregnancy,Toxémie Gravédique,toxemia del embarazo,,,,"Pregnancy-induced hypertensive states, including EPH gestosis when edema and proteinuria accompany hypertension. Other hypertensive disorders that develop during pregnancy or the puerperium are pre-eclampsia and eclampsia, either of which may be superimposed upon chronic hypertensive vascular or renal disease.",Toxémie Gravédique,,Diagnosis,N/A,,,,,,,,,,,,748
112341AAAAAAAAAAAAAAAAAAAAAAAAAAAAAA,,Torticollis,Torticolis,tortícolis,,,,"A focal dystonia characterized by a sustained spasmodic contraction of neck muscles. The trapezius and sternocleidomastoid muscles are primarily involved, resulting in twisting of the neck and an unnatural position of the head. Torticollis may occur as a primary disease process or in association with another condition (e.g., NECK INJURIES, the use of ANTIPSYCHOTIC AGENTS, etc.). (From Adams et al., Principles of Neurology, 6th ed, p107)",,,Diagnosis,N/A,,,,,,,,,,,,749
112352AAAAAAAAAAAAAAAAAAAAAAAAAAAAAA,,Generalized tonic-clonic seizure,Crises généralisées tonico-cloniques,convulsiones tónico - clónicas,,,,"Clinical or subclinical disturbances of cortical function due to a sudden, abnormal, excessive, and disorganized discharge of brain cells. Clinical manifestations include abnormal motor, sensory and psychic phenomena. Recurrent seizures are usually referred to as EPILEPSY or seizure disorder",,,Diagnosis,N/A,,,,,,,,,,,,750
112385AAAAAAAAAAAAAAAAAAAAAAAAAAAAAA,,Thyroiditis,Thyroïdite,tiroiditis,,,,Inflammation of the thyroid gland.,,,Diagnosis,N/A,,,,,,,,,,,,751
112406AAAAAAAAAAAAAAAAAAAAAAAAAAAAAA,,Thrombocytopaenia,Thrombopénie,trastorno trombocitopénico,,,,A decrease in the number of blood platelets.,,,Diagnosis,N/A,,,,,,,,,,,,752
112412AAAAAAAAAAAAAAAAAAAAAAAAAAAAAA,,Suicidal behavior,Comportement suicidaire	,Conducta suicida,,,,Disorders in which the symptoms are distressing to the individual and recognized by him or her as being unacceptable. Social relationships may be greatly affected but usually remain within acceptable limits. The disturbance is relatively enduring or recurrent without treatment.,,,Diagnosis,N/A,,,,,,,,,,,,753
112416AAAAAAAAAAAAAAAAAAAAAAAAAAAAAA,,Threatened abortion,Menace d'avortement,amenaza de aborto,,,,Condition of vaginal bleeding with or without pain in early pregnancy which may presage an abortion.,,,Diagnosis,N/A,,,,,,,,,,,,754
112422AAAAAAAAAAAAAAAAAAAAAAAAAAAAAA,,"Third-stage postpartum haemorrhage, unspecified as to episode of care","Troisième etape Hemorragie post partum, sans precision",hemorragia de tercer estadio,,,,The presence of abnormal uterine bleeding immediately after labor or childbirth.,,,Diagnosis,N/A,,,,,,,,,,,,755
112423AAAAAAAAAAAAAAAAAAAAAAAAAAAAAA,,"Uterovaginal prolapse, complete",Prolapsus utéro-vaginal complet,prolapso uterino de tercer grado,,,,Downward displacement of the uterus. It is classified in various degrees: in the first degree the cervix is within the vaginal orifice; in the second degree the cervix is outside the orifice; in the third degree the entire uterus is outside the orifice.,,,Diagnosis,N/A,,,,,,,,,,,,756
112454AAAAAAAAAAAAAAAAAAAAAAAAAAAAAA,,Temporomandibular joint disorder,Lésions de l'articulation temporo-mandibulaire,trastorno de la articulación temporomandibular,TMJ disorder,,,"A variety of conditions affecting the anatomic and functional characteristics of the temporomandibular joint. Factors contributing to the complexity of temporomandibular diseases are its relation to dentition and mastication and the symptomatic effects in other areas which account for referred pain to the joint and the difficulties in applying traditional diagnostic procedures to temporomandibular joint pathology where tissue is rarely obtained and x-rays are often inadequate or nonspecific. Common diseases are developmental abnormalities, trauma, subluxation, luxation, arthritis, and neoplasia. (From Thoma's Oral Pathology, 6th ed, pp577-600)",,,Diagnosis,N/A,,,,,,,,,,,,757
112459AAAAAAAAAAAAAAAAAAAAAAAAAAAAAA,Yes,Torn meniscus,Ménisque déchiré,desgarro de menisco de la rodilla,,,,,,,Diagnosis,N/A,,,,,,,,,,,,758
112466AAAAAAAAAAAAAAAAAAAAAAAAAAAAAA,,Tardive dyskinesia,Dyskinesie tardive,discinesia tardía inducida por neurolépticos,,,,,,,Diagnosis,N/A,,,,,,,,,,,,759
112476AAAAAAAAAAAAAAAAAAAAAAAAAAAAAA,,Systemic lupus erythematosus,Lupus érythémateux disséminé,lupus eritematoso sistémico,,,,"A chronic, relapsing, inflammatory, and often febrile multisystemic disorder of connective tissue, characterized principally by involvement of the skin, joints, kidneys, and serosal membranes. It is of unknown etiology, but is thought to represent a failure of the regulatory mechanisms of the autoimmune system. The disease is marked by a wide range of system dysfunctions, an elevated erythrocyte sedimentation rate, and the formation of LE cells in the blood or bone marrow.",,,Diagnosis,N/A,,,,,,,,,,,,760
112480AAAAAAAAAAAAAAAAAAAAAAAAAAAAAA,,Severe sepsis,Sepsis sévère,Sepsis grave,,,,,,,Diagnosis,N/A,,,,,,,,,,,,761
112493AAAAAAAAAAAAAAAAAAAAAAAAAAAAAA,,Syphilis,Syphilis,sífilis,,,,,,,Diagnosis,N/A,,,,,,,,,,,,762
112495AAAAAAAAAAAAAAAAAAAAAAAAAAAAAA,,Unspecified synovitis and tenosynovitis,Synovite et ténosynovite,sinovitis y tenosinovitis,,,,,,,Diagnosis,N/A,,,,,,,,,,,,763
112586AAAAAAAAAAAAAAAAAAAAAAAAAAAAAA,,Suicide or self-inflicted injury by firearm or explosives,Lésion auto-infligée par décharge d'armes à feu,suicidio o lesión autoinfligida por armas de fuego y explosivos,,,,,,,Diagnosis,N/A,,,,,,,,,,,,764
112603AAAAAAAAAAAAAAAAAAAAAAAAAAAAAA,,Substance abuse,Abus de substance,consumo de sustancias,,,,"Disorders related to substance abuse, the side effects of a medication, toxin exposure, and alcohol related disorders",,,Diagnosis,Coded,,,,,,,,,,,,765
112652AAAAAAAAAAAAAAAAAAAAAAAAAAAAAA,,Subcorneal pustular dermatosis,Pustulose sous-cornée,dermatosis pustulosa subcorneal,,,,"Skin diseases characterized by local or general distributions of blisters. They are classified according to the site and mode of blister formation. Lesions can appear spontaneously or be precipitated by infection, trauma, or sunlight. Etiologies include immunologic and genetic factors. (From Scientific American Medicine, 1990)",,,Diagnosis,N/A,,,,,,,,,,,,766
112721AAAAAAAAAAAAAAAAAAAAAAAAAAAAAA,,Stiffness of neck,,Cuello rígido,,,,,,,Diagnosis,N/A,,,,,,,,,,,,767
112741AAAAAAAAAAAAAAAAAAAAAAAAAAAAAA,,Staphylococcal scalded skin syndrome,Syndrome d'épidermolyse staphylococcique du nourrisson,Síndrome de la piel escaldada por estafilococos,,,,"A disease of infants due to group 2 phage type 17 staphylococci that produce an epidermolytic exotoxin. Superficial fine vesicles and bullae form and rupture easily, resulting in loss of large sheets of epidermis.",,,Diagnosis,N/A,,,,,,,,,,,,768
112770AAAAAAAAAAAAAAAAAAAAAAAAAAAAAA,,Sprain,Entorse,Esguince,,,,A collective term for muscle and ligament injuries without dislocation or fracture. A sprain is a joint injury in which some of the fibers of a supporting ligament are ruptured but the continuity of the ligament remains intact. A strain is an overstretching or overexertion of some part of the musculature.,,,Diagnosis,N/A,,,,,,,,,,,,769
112783AAAAAAAAAAAAAAAAAAAAAAAAAAAAAA,,Ankle sprain or strain,Entorse et foulure de la cheville,esguince del tobillo,,,,Harm or hurt to the ankle or ankle joint usually inflicted by an external source.,,,Diagnosis,N/A,,,,,,,,,,,,770
112796AAAAAAAAAAAAAAAAAAAAAAAAAAAAAA,,Incomplete spontaneous abortion complicated by delayed or excessive hemorrhage,"Avortement spontané incomplet, avec hémorragie",aborto espontáneo complicado por hemorragia tardía Y/O excesiva,,,,,,,Diagnosis,N/A,,,,,,,,,,,,771
112845AAAAAAAAAAAAAAAAAAAAAAAAAAAAAA,Yes,Speech and language deficits,Déficits de parole et langage,trastorno del habla y el lenguaje,,,,,,,Diagnosis,N/A,,,,,,,,,,,,772
112846AAAAAAAAAAAAAAAAAAAAAAAAAAAAAA,,Speech/language disorder,Désordre de parler/du langage,trastorno del habla y el lenguaje (duplicate),,,,,,,Diagnosis,N/A,,,,,,,,,,,,773
112850AAAAAAAAAAAAAAAAAAAAAAAAAAAAAA,,Specific reading disorder,Trouble spécifique de la lecture,trastorno de la lectura específico,,,,"A cognitive disorder characterized by an impaired ability to comprehend written and printed words or phrases despite intact vision. This condition may be developmental or acquired. Developmental dyslexia is marked by reading achievement that falls substantially below that expected given the individual's chronological age, measured intelligence, and age-appropriate education. The disturbance in reading significantly interferes with academic achievement or with activities of daily living that require reading skills. (From DSM-IV)",,,Diagnosis,N/A,,,,,,,,,,,,774
112879AAAAAAAAAAAAAAAAAAAAAAAAAAAAAA,,Solitary bone cyst,Kyste solitaire des os,quiste óseo solitario,,,,,,,Diagnosis,N/A,,,,,,,,,,,,775
112917AAAAAAAAAAAAAAAAAAAAAAAAAAAAAA,,Foetus small-for-dates,Petits pour l'âge gestationnel,feto pequeño para la edad gestacional,,,,,,,Diagnosis,N/A,,,,,,,,,,,,776
112930AAAAAAAAAAAAAAAAAAAAAAAAAAAAAA,,Sleep disorder,Troubles du sommeil,trastorno del sueño,,,,"Conditions characterized by disturbances of usual sleep patterns or behaviors. Sleep disorders may be divided into three major categories: DYSSOMNIAS (i.e. disorders characterized by insomnia or hypersomnia), PARASOMNIAS (abnormal sleep behaviors), and sleep disorders secondary to medical or psychiatric disorders. (From Thorpy, Sleep Disorders Medicine, 1994, p187)",,,Diagnosis,N/A,,,,,,,,,,,,777
112961AAAAAAAAAAAAAAAAAAAAAAAAAAAAAA,,Fainting spells,Évanouissements,desmayo simple,,,,"A transient loss of consciousness and postural tone caused by diminished blood flow to the brain (i.e., BRAIN ISCHEMIA). Presyncope refers to the sensation of lightheadedness and loss of strength that precedes a syncopal event or accompanies an incomplete syncope. (From Adams et al., Principles of Neurology, 6th ed, pp367-9)",,,Diagnosis,N/A,,,,,,,,,,,,778
112981AAAAAAAAAAAAAAAAAAAAAAAAAAAAAA,,Shoulder (girdle) dystocia during labor and delivery,Dystocie due à une dystocie des épaules,distocia de hombro,,,,Difficult childbirth or labor.,,,Diagnosis,N/A,,,,,,,,,,,,779
112989AAAAAAAAAAAAAAAAAAAAAAAAAAAAAA,,Shock,Choc,choque,,,,"A pathological condition that can suddenly affect the hemodynamic equilibrium, usually manifested by failure to perfuse or oxygenate vital organs.",,,Diagnosis,N/A,,,,,,,,,,,,780
112990AAAAAAAAAAAAAAAAAAAAAAAAAAAAAA,,Personal history of allergy to shellfish,Antécédents personnels d'allergie aux crustacés,alergia a los mariscos,,,,,,,Diagnosis,N/A,,,,,,,,,,,,781
112992AAAAAAAAAAAAAAAAAAAAAAAAAAAAAA,,Sexually transmitted disease,Maladie sexuellement transmissible,enfermedad infecciosa transmitida por vía sexual,,,,Diseases due to or propagated by sexual contact.,,,Diagnosis,N/A,,,,,,,,,,,,782
112AAAAAAAAAAAAAAAAAAAAAAAAAAAAAAAAA,,Tonsillitis,Amygdalite,amigdalitis,,,,"Inflammation of the tonsils of varying degrees of severity and involving simple inflammation.  Associated with acute pharyngitis, streptococcus infection, or formation of an abscess (as quinsy).",,,Diagnosis,N/A,,,,,,,,,,,,783
113006AAAAAAAAAAAAAAAAAAAAAAAAAAAAAA,,Severe pre-eclampsia,Pré-éclampsie sévère,preeclampsia severa,,,,,,,Diagnosis,N/A,,,,,,,,,,,,784
113011AAAAAAAAAAAAAAAAAAAAAAAAAAAAAA,,"Bipolar I disorder, most recent episode manic, without psychotic features, severe","Trouble bipolaire de type I, severe, avec episode maniaque",trastorno bipolar I maníaco grave sin síntomas psicóticos,,,,A major affective disorder marked by severe mood swings (manic or major depressive episodes) and a tendency to remission and recurrence.,,,Diagnosis,N/A,,,,,,,,,,,,785
113015AAAAAAAAAAAAAAAAAAAAAAAAAAAAAA,,Severe depressed bipolar I disorder with psychotic features,"Trouble bipolaire de type I, leger, avec symptomes psychotiques et episode depressif",trastorno bipolar I depresivo grave con síntomas psicóticos,,,,A major affective disorder marked by severe mood swings (manic or major depressive episodes) and a tendency to remission and recurrence.,,,Diagnosis,N/A,,,,,,,,,,,,786
113020AAAAAAAAAAAAAAAAAAAAAAAAAAAAAA,,Pneumonia due to SARS-associated Coronavirus,Pneumonie due à coronavirus du SRAS,síndrome respiratorio agudo grave,,,,"Infection of the nose, sinuses, trachea (windpipe), bronchi, bronchioles or lungs.",,,Diagnosis,N/A,,,,,,,,,,,,787
113021AAAAAAAAAAAAAAAAAAAAAAAAAAAAAA,,SARS-associated Coronavirus infection,Infection à coronavirus du SRAS,Infección por coronavirus del síndrome respiratorio agudo grave,,,,,,,Diagnosis,N/A,,,,,,,,,,,,788
113027AAAAAAAAAAAAAAAAAAAAAAAAAAAAAA,,Neonatal septicemia,Septicemie neonatale,septicemia del recién nacido,,,,"Systemic disease associated with the presence and persistence of pathogenic microorganisms or their toxins in the blood. (Dorland, 27th ed)",,,Diagnosis,N/A,,,,,,,,,,,,789
113054AAAAAAAAAAAAAAAAAAAAAAAAAAAAAA,,Convulsions,Convulsions,Convulsions,,,,"A general term referring to sudden and often violent motor activity of cerebral or brainstem origin. Convulsions may also occur in the absence of an electrical cerebral discharge (e.g., in response to hypotension).",,,Diagnosis,Coded,,,,,,,,,,,,790
113087AAAAAAAAAAAAAAAAAAAAAAAAAAAAAA,,Secondary hypertension,Hypertension secondaire,hipertensión arterial secundaria,,,,,,,Diagnosis,N/A,,,,,,,,,,,,791
113116AAAAAAAAAAAAAAAAAAAAAAAAAAAAAA,,Seborrheic dermatitis,Dermatite seborrheique,dermatitis seborreica,,,,"A chronic inflammatory disease of the skin of unknown etiology. It is characterized by moderate erythema, dry, moist, or greasy scaling, and yellow crusted patches on various areas, especially the scalp. On the scalp, it generally appears first as small patches of scales, progressing to involve the entire scalp with exfoliation of excessive amounts of dry scales (dandruff).",,,Diagnosis,N/A,,,,,,,,,,,,792
113119AAAAAAAAAAAAAAAAAAAAAAAAAAAAAA,,Seasonal allergic rhinitis,Rhinite allergique saisonnière,rinitis alérgica estacional,,,,"Inflammation of the mucous membrane of the nose similar to that found in hay fever except that symptoms persist throughout the year. The causes are usually air-borne allergens, particularly dusts, feathers, molds, animal fur, etc.",,,Diagnosis,N/A,,,,,,,,,,,,793
113122AAAAAAAAAAAAAAAAAAAAAAAAAAAAAA,,Scrotal Mass,,masa escrotal,,,,,,,Diagnosis,N/A,,,,,,,,,,,,794
113129AAAAAAAAAAAAAAAAAAAAAAAAAAAAAA,,Sclerodactyly,Sclerodactylie,esclerodactilia,,,,"A chronic, progressive dermatosis characterized by boardlike hardening and immobility of the affected skin, with visceral involvement, especially of lungs, esophagus, kidneys and heart. It may be accompanied by calcinosis, Raynaud's phenomenon, and telangiectasis (CREST syndrome). It includes acrosclerosis and sclerodactyly.",,,Diagnosis,N/A,,,,,,,,,,,,795
113139AAAAAAAAAAAAAAAAAAAAAAAAAAAAAA,,Schizotypal personality disorder,Personnalité schizotypique,trastorno esquizotípico de la personalidad,,,,"A personality disorder in which there are oddities of thought (magical thinking, paranoid ideation, suspiciousness), perception (illusions, depersonalization), speech (digressive, vague, overelaborate), and behavior (inappropriate affect in social interactions, frequently social isolation) that are not severe enough to characterize schizophrenia.",,,Diagnosis,N/A,,,,,,,,,,,,796
113146AAAAAAAAAAAAAAAAAAAAAAAAAAAAAA,,Schizophreniform disorder,Trouble schizophreniforme,trastorno esquizofreniforme,,,,"Disorders in which there is a loss of ego boundaries or a gross impairment in reality testing with delusions or prominent hallucinations. (From DSM-IV, 1994)",,,Diagnosis,N/A,,,,,,,,,,,,797
113155AAAAAAAAAAAAAAAAAAAAAAAAAAAAAA,,Schizophrenia,Schizophrénie,esquizofrenia,,,,,,,Diagnosis,N/A,,,,,,,,,,,,798
113175AAAAAAAAAAAAAAAAAAAAAAAAAAAAAA,,Salmonella enteritis,Entérite à Salmonella,Infección por Salmonella enterica,,,,"Poisoning caused by ingestion of food harboring species of SALMONELLA. Conditions of raising, shipping, slaughtering, and marketing of domestic animals contribute to the spread of this bacterium in the food supply.",,,Diagnosis,N/A,,,,,,,,,,,,799
113180AAAAAAAAAAAAAAAAAAAAAAAAAAAAAA,,Rupture of achilles tendon,Lésion du tendon d'Achille,ruptura de tendón de Aquiles,,,,,,,Diagnosis,N/A,,,,,,,,,,,,800
113205AAAAAAAAAAAAAAAAAAAAAAAAAAAAAA,,Rubella,Rubeole,rubéola,,,,"An acute, usually benign, infectious disease caused by the RUBELLA VIRUS and most often affecting children and nonimmune young adults, in which the virus enters the respiratory tract via droplet nuclei and spreads to the lymphatic system. (From Dorland, 27th edition)",,,Diagnosis,N/A,,,,,,,,,,,,801
113208AAAAAAAAAAAAAAAAAAAAAAAAAAAAAA,,Rotator cuff rupture,Rupture de la coiffe des rotateurs,síndrome del manguito de los rotadores,,,,,,,Diagnosis,N/A,,,,,,,,,,,,802
113224AAAAAAAAAAAAAAAAAAAAAAAAAAAAAA,,Rhinitis,rhinite,rinitis,,,,,,,Diagnosis,N/A,,,,,,,,,,,,803
113227AAAAAAAAAAAAAAAAAAAAAAAAAAAAAA,,Rheumatic heart disease,Maladie rheumatismale des valves,cardiopatía reumática,,,,,,,Diagnosis,N/A,,,,,,,,,,,,804
113280AAAAAAAAAAAAAAAAAAAAAAAAAAAAAA,,Retained placenta postpartum condition or complication,Etat ou Complication lors de laConservation du placenta postpartum,placenta retenida sin hemorragia - nacido con problema posnatal,,,,,,,Diagnosis,N/A,,,,,,,,,,,,805
113292AAAAAAAAAAAAAAAAAAAAAAAAAAAAAA,,Foreign body in eye,Corps étranger dans l'oeil,cuerpo extraño retenido en el ojo,,,,,,,Diagnosis,N/A,,,,,,,,,,,,806
113304AAAAAAAAAAAAAAAAAAAAAAAAAAAAAA,Yes,Respiratory tract infection,Infection des voies respiratoires,infección de aparato respiratorio,,,,"Infection of the nose, sinuses, trachea (windpipe), bronchi, bronchioles or lungs.",,,Diagnosis,N/A,,,,,,,,,,,,807
113338AAAAAAAAAAAAAAAAAAAAAAAAAAAAAA,,Renal failure,L'Insufficience Rénale,síndrome de insuficiencia renal,,,,"The inability of a kidney to excrete metabolites at normal plasma levels under conditions of normal loading, or the inability to retain electrolytes under conditions of normal intake. In the acute form (KIDNEY FAILURE, ACUTE), it is marked by uremia and usually by oliguria or anuria, with hyperkalemia and pulmonary edema. The chronic form (KIDNEY FAILURE, CHRONIC) is irreversible and requires hemodialysis.",,,Diagnosis,N/A,,,,,,,,,,,,808
113377AAAAAAAAAAAAAAAAAAAAAAAAAAAAAA,,Decreased fetal movements,Diminution des mouvements foetaux,movimientos fetales disminuidos,,,,,,,Diagnosis,N/A,,,,,,,,,,,,809
113378AAAAAAAAAAAAAAAAAAAAAAAAAAAAAA,,Splenic sequestration,Séquestration splénique,secuestro de glóbulos rojos en el bazo,,,,"Condition characterized by splenomegaly, some reduction in the number of circulating blood cells in the presence of a normal or hyperactive bone marrow, and the potential for reversal by splenectomy.",,,Diagnosis,N/A,,,,,,,,,,,,810
113395AAAAAAAAAAAAAAAAAAAAAAAAAAAAAA,,Recurrent dislocation of joint,Luxation et subluxation articulaires récidivantes,luxación recidivante de una articulación,,,,,,,Diagnosis,N/A,,,,,,,,,,,,811
113437AAAAAAAAAAAAAAAAAAAAAAAAAAAAAA,,Radiation dermatitis,Radiodermite,dermatitis por radiación,,,,A cutaneous inflammatory reaction occurring as a result of exposure to ionizing radiation.,,,Diagnosis,N/A,,,,,,,,,,,,812
113469AAAAAAAAAAAAAAAAAAAAAAAAAAAAAA,,Pyoderma,Pyodermite,piodermitis,,,,,,,Diagnosis,N/A,,,,,,,,,,,,813
113478AAAAAAAAAAAAAAAAAAAAAAAAAAAAAA,,Purpura,Purpura,enfermedad purpúrica,,,,"Purplish or brownish red discoloration, easily visible through the epidermis, caused by hemorrhage into the tissues.",,,Diagnosis,N/A,,,,,,,,,,,,814
113489AAAAAAAAAAAAAAAAAAAAAAAAAAAAAA,,"Pulmonary tuberculosis, tubercle bacilli found (in sputum) by microscopy","Tuberculose pulmonaire, bacilles tuberculeux Trouvé (dans les crachats) par microscopie",tuberculosis pulmonar,,,,Tuberculosis of the lungs.,,,Diagnosis,N/A,,,,,,,,,,,,815
113491AAAAAAAAAAAAAAAAAAAAAAAAAAAAAA,,"Pulmonary tuberculosis, bacteriological or histological examination not done","Tuberculose respiratoire, non confirmée",tuberculosis pulmonar no confirmada,,,,Tuberculosis of the lungs.,,,Diagnosis,N/A,,,,,,,,,,,,816
113504AAAAAAAAAAAAAAAAAAAAAAAAAAAAAA,,Pulmonary embolism,Embolie pulmonaire,embolismo pulmonar,,,,Embolism in the pulmonary artery or one of its branches.,,,Diagnosis,N/A,,,,,,,,,,,,817
113506AAAAAAAAAAAAAAAAAAAAAAAAAAAAAA,,Pulmonary edema,Oedème pulmonaire,edema pulmonar,,,,,,,Diagnosis,N/A,,,,,,,,,,,,818
113516AAAAAAAAAAAAAAAAAAAAAAAAAAAAAA,,Ptosis of eyelid,Ptosis de la paupière,ptosis palpebral,,,,Drooping of the upper lid due to deficient development or paralysis of the levator palpebrae muscle.,,,Diagnosis,N/A,,,,,,,,,,,,819
113517AAAAAAAAAAAAAAAAAAAAAAAAAAAAAA,,Psychosis,Psychose,trastorno psicótico,,,,,,,Diagnosis,N/A,,,,,,,,,,,,820
11359788-8b33-4554-ace3-3e75296954cc,,Drug-induced acute dystonia,Dystinie aigue induite par des medicaments,,,,,,,,Diagnosis,N/A,,,,,,,,,,,,821
113602AAAAAAAAAAAAAAAAAAAAAAAAAAAAAA,,Prolonged labor,Travail prolongé,trabajo de parto prolongado,,,,,,,Diagnosis,Coded,,,,,,,,,,,,822
113612AAAAAAAAAAAAAAAAAAAAAAAAAAAAAA,,Genital prolapse,Prolapsus génital,prolapso de los órganos genitales femeninos,,,,,,,Diagnosis,N/A,,,,,,,,,,,,823
113629AAAAAAAAAAAAAAAAAAAAAAAAAAAAAA,,Profound mental retardation,Handicaps intellectuels profond,retraso mental profundo (C.I. inferior a 20),,,,"Subnormal intellectual functioning which originates during the developmental period. This has multiple potential etiologies, including genetic defects and perinatal insults. Intelligence quotient (IQ) scores are commonly used to determine whether an individual is mentally retarded. IQ scores between 70 and 79 are in the borderline mentally retarded range. Scores below 67 are in the retarded range. (Joynt, Clinical Neurology, 1992, Ch55, p28)",,,Diagnosis,N/A,,,,,,,,,,,,824
113656AAAAAAAAAAAAAAAAAAAAAAAAAAAAAA,,Chancre,Chancre syphilitique,sífilis primaria,,,,"The primary sore of syphilis, a painless indurated, eroded papule, occurring at the site of entry of the infection.",,,Diagnosis,N/A,,,,,,,,,,,,825
113670AAAAAAAAAAAAAAAAAAAAAAAAAAAAAA,,Malignant neoplasm of urinary organ,Tumeur maligne de l'appareil urinaire,neoplasia maligna primaria del aparato urinario,,,,,,,Diagnosis,N/A,,,,,,,,,,,,826
113676AAAAAAAAAAAAAAAAAAAAAAAAAAAAAA,,Malignant neoplasm of tongue,Tumeur maligne de la langue,tumor maligno de la lengua,,,,Tumors or cancer of the TONGUE.,,,Diagnosis,N/A,,,,,,,,,,,,827
113689AAAAAAAAAAAAAAAAAAAAAAAAAAAAAA,,Malignant neoplasm of small intestine,Tumeur maligne de l'intestin grêle,Neoplasia maligna del intestino delgado,,,,Tumors or cancer of the INTESTINES.,,,Diagnosis,N/A,,,,,,,,,,,,828
113696AAAAAAAAAAAAAAAAAAAAAAAAAAAAAA,,Malignant neoplasm of rectosigmoid junction,Tumeur maligne de la jonction recto-sigmoïdienne,tumor maligno de la unión rectosigmoidea,,,,"Tumors or cancer of the either the COLON or RECTUM or both. The most frequent malignant tumor in the United States. Etiological factors which increase the risk of colorectal cancer include chronic ulcerative colitis, familial polyposis of the colon, exposure to asbestos, irradiation of the cervix.",,,Diagnosis,N/A,,,,,,,,,,,,829
113732AAAAAAAAAAAAAAAAAAAAAAAAAAAAAA,,Malignant neoplasm of kidney,Tumeur maligne du rein,neoplasia maligna del riñón,Renal CA,,,Tumors or cancers of the KIDNEY.,,,Diagnosis,N/A,,,,,,,,,,,,830
113753AAAAAAAAAAAAAAAAAAAAAAAAAAAAAA,,Malignant neoplasm of female breast,Tumeur maligne du sein de la femme,neoplasia maligna de mama femenina,,,,Tumors or cancer of the breast.,,,Diagnosis,N/A,,,,,,,,,,,,831
113757AAAAAAAAAAAAAAAAAAAAAAAAAAAAAA,,"Malignant neoplasm of eye, part unspecified","Tumeur maligne de l'œil, partie non précisée",neoplasia maligna primaria del ojo,,,,Tumors or cancer of the EYE.,,,Diagnosis,N/A,,,,,,,,,,,,832
113763AAAAAAAAAAAAAAAAAAAAAAAAAAAAAA,,Malignant neoplasm of colon,Tumeur maligne du côlon,neoplasia maligna primaria de colon,,,,,,,Diagnosis,N/A,,,,,,,,,,,,833
113771AAAAAAAAAAAAAAAAAAAAAAAAAAAAAA,,Malignant brain tumour,Tumeur maligne de l'encephale,neoplasia maligna encefálica,,,,"Neoplasms of the intracranial components of the central nervous system, including the cerebral hemispheres, basal ganglia, hypothalamus, thalamus, brain stem, and cerebellum. Brain neoplasms are subdivided into primary (originating from brain tissue) and secondary (i.e., metastatic) forms. Primary neoplasms are subdivided into benign and malignant forms. In general, brain tumors may also be classified by age of onset, histologic type, or presenting location in the brain.",,,Diagnosis,N/A,,,,,,,,,,,,834
113778AAAAAAAAAAAAAAAAAAAAAAAAAAAAAA,,Malignant neoplasm of biliary tract,Tumeur maligne des voie biliaires,neoplasia maligna primaria de la vía biliar,,,,Tumors or cancer of the biliary tract.,,,Diagnosis,N/A,,,,,,,,,,,,835
113784AAAAAAAAAAAAAAAAAAAAAAAAAAAAAA,,Malignant neoplasm of accessory sinus,Tumeur maligne des sinus de la face,neoplasia maligna primaria de seno paranasal,,,,,,,Diagnosis,N/A,,,,,,,,,,,,836
113786AAAAAAAAAAAAAAAAAAAAAAAAAAAAAA,Yes,Malignant tumoral disease,Maladie tumorale maligne,neoplasia maligna primaria,,,,,,,Diagnosis,N/A,,,,,,,,,,,,837
113797AAAAAAAAAAAAAAAAAAAAAAAAAAAAAA,,Primary gout,Goutte primitive,gota primaria,,,,"Hereditary metabolic disorder characterized by recurrent acute arthritis, hyperuricemia and deposition of sodium urate in and around the joints, sometimes with formation of uric acid calculi.",,,Diagnosis,N/A,,,,,,,,,,,,838
113841AAAAAAAAAAAAAAAAAAAAAAAAAAAAAA,,Premature birth,Naissance prématurée,nacimiento prematuro,Preterm birth,,,"Onset of labor before term but after the fetus has become viable, usually sometime during the 29th through 38th week of gestation.",,,Diagnosis,Coded,,,,,,,,,,,,839
113858AAAAAAAAAAAAAAAAAAAAAAAAAAAAAA,,"Hypertension complicating pregnancy, childbirth, or the puerperium","Hypertension compliquant la grossesse, l'accouchement ou la puerpéralité","hipertensión que complica el embarazo, parto y puerperio",,,,,,,Diagnosis,N/A,,,,,,,,,,,,840
113859AAAAAAAAAAAAAAAAAAAAAAAAAAAAAA,,Pregnancy-induced hypertension,Hypertension gestationnelle,Hipertensión gestacional,,,,,,,Diagnosis,N/A,,,,,,,,,,,,841
113875AAAAAAAAAAAAAAAAAAAAAAAAAAAAAA,,Pre-existing hypertension in obstetric context,Hypertension preexistante dans le contexte obstetrique,hipertensión preexistente en el contexto obstétrico,,,,,,,Diagnosis,N/A,,,,,,,,,,,,842
113881AAAAAAAAAAAAAAAAAAAAAAAAAAAAAA,,Post-traumatic stress disorder,Etat de stress post-traumatique,trastorno por estrés postraumático,,,,Anxiety disorders manifested by the development of characteristic symptoms following a psychologically traumatic event that is outside the normal range of usual human experience. Symptoms include re-experiencing the traumatic event and numbing of responsiveness to or reduced involvement with the external world.,,,Diagnosis,N/A,,,,,,,,,,,,843
113888AAAAAAAAAAAAAAAAAAAAAAAAAAAAAA,,"Post-term infant, not heavy-for-dates",Postmaturité,"niño posmaduro, sin peso alto para edad gestacional",,,,,,,Diagnosis,N/A,,,,,,,,,,,,844
113918AAAAAAAAAAAAAAAAAAAAAAAAAAAAAA,,Peripartum cardiomyopathy,Myocardiopathie au cours de la puerpéralité,miocardiopatía postparto,,,,,,,Diagnosis,N/A,,,,,,,,,,,,845
113919AAAAAAAAAAAAAAAAAAAAAAAAAAAAAA,,Postoperative wound infection,"Infection après un acte à visée diagnostique et thérapeutique (inclus abcès de(s) plaie, de suture, et intra-abdominal)",infección de herida postoperatoria,,,,Infection occurring at the site of a surgical incision.,,,Diagnosis,N/A,,,,,,,,,,,,846
113AAAAAAAAAAAAAAAAAAAAAAAAAAAAAAAAA,,Furunculosis,Furonculose,forúnculo de la piel Y/O del tejido celular subcutáneo,,,,A skin condition characterized by the development of recurring boils.,,,Diagnosis,N/A,,,,,,,,,,,,847
114088AAAAAAAAAAAAAAAAAAAAAAAAAAAAAA,,Poisoning,Empoisonnement,intoxicación,,,,"A condition or physical state produced by the ingestion, injection or inhalation of, or exposure to a deleterious agent.",,,Diagnosis,Boolean,,,,,,,,,,,,848
114100AAAAAAAAAAAAAAAAAAAAAAAAAAAAAA,,Pneumonia,Peumonie,neumonía,,,,Inflammation of the lungs.,,,Diagnosis,N/A,,,,,,,,,,,,849
114108AAAAAAAAAAAAAAAAAAAAAAAAAAAAAA,,Pleural effusion,Épanchement pleural,derrame pleural,,,,,,,Diagnosis,N/A,,,,,,,,,,,,850
114120AAAAAAAAAAAAAAAAAAAAAAAAAAAAAA,,Plague,Peste,peste,,,,"An acute infectious disease caused by YERSINIA PESTIS that affects humans, wild rodents, and their ectoparasites. This condition persists due to its firm entrenchment in sylvatic rodent-flea ecosystems throughout the world. Bubonic plague is the most common form.",,,Diagnosis,N/A,,,,,,,,,,,,851
114127AAAAAAAAAAAAAAAAAAAAAAAAAAAAAA,,Placenta praevia,Placenta praevia,placenta previa,,,,"A placenta which develops in the lower uterine segment, in the zone of dilatation, so that it covers or adjoins the internal os. Painless hemorrhage in the last trimester, particularly during the eighth month, is the most common symptom. (Dorland, 27th ed)",,,Diagnosis,N/A,,,,,,,,,,,,852
114145AAAAAAAAAAAAAAAAAAAAAAAAAAAAAA,,Pigmented hairy epidermal nevus,Naevus de Becker,nevo epidérmico piloso pigmentado,,,,,,,Diagnosis,N/A,,,,,,,,,,,,853
114155AAAAAAAAAAAAAAAAAAAAAAAAAAAAAA,,Child physical abuse,Enfant victime de violence physique,maltrato físico infantil,,,,,,,Diagnosis,N/A,,,,,,,,,,,,854
114159AAAAAAAAAAAAAAAAAAAAAAAAAAAAAA,,Photoallergy,Photoallergie,fotoalergia,,,,"A delayed hypersensitivity involving the reaction between sunlight or other radiant energy source and a chemical substance to which the individual has been previously exposed and sensitized. It manifests as a papulovesicular, eczematous, or exudative dermatitis occurring chiefly on the light-exposed areas of the skin.",,,Diagnosis,N/A,,,,,,,,,,,,855
114164AAAAAAAAAAAAAAAAAAAAAAAAAAAAAA,,Phobia,Phobie,fobia,,,,"Anxiety disorders in which the essential feature is persistent and irrational fear of a specific object, activity, or situation that the individual feels compelled to avoid. The individual recognizes the fear as excessive or unreasonable.",,,Diagnosis,N/A,,,,,,,,,,,,856
114174AAAAAAAAAAAAAAAAAAAAAAAAAAAAAA,,Phlebitis and thrombophlebitis,Phlébite et thrombophlébite,flebitis y tromboflebitis,,,,Inflammation of a vein associated with thrombus formation.,,,Diagnosis,N/A,,,,,,,,,,,,857
114187AAAAAAAAAAAAAAAAAAAAAAAAAAAAAA,,"Pervasive developmental disorder, active","Trouble envahissant du développement, actif",trastorno generalizado del desarrollo,,,,,,,Diagnosis,N/A,,,,,,,,,,,,858
114190AAAAAAAAAAAAAAAAAAAAAAAAAAAAAA,,Whooping cough,Coqueluche,tos ferina,,,,A respiratory infection caused by BORDETELLA PERTUSSIS and characterized by paroxysmal coughing ending in a prolonged crowing intake of breath.,,,Diagnosis,N/A,,,,,,,,,,,,859
114193AAAAAAAAAAAAAAAAAAAAAAAAAAAAAA,,Personality disorder,Trouble de la personnalité,trastorno de la personalidad,,,,A major deviation from normal patterns of behavior.,,,Diagnosis,N/A,,,,,,,,,,,,860
114199AAAAAAAAAAAAAAAAAAAAAAAAAAAAAA,,Peritonitis,Péritonite,peritonitis,,,,Inflammation of the lining of the abdomen and pelvis.,,,Diagnosis,N/A,,,,,,,,,,,,861
114212AAAAAAAAAAAAAAAAAAAAAAAAAAAAAA,,Peripheral vascular disease,Maladie vasculaire périphérique,enfermedad vascular periférica,,,,General or unspecified diseases of the blood vessels outside the heart. It is for diseases of the peripheral as opposed to the cardiac circulation.,,,Diagnosis,N/A,,,,,,,,,,,,862
114221AAAAAAAAAAAAAAAAAAAAAAAAAAAAAA,,Compartment syndrome,Syndrome de loge,síndrome compartimental,,,,"Conditions in which increased pressure within a limited space compromises the circulation and function of tissue within that space. Compartmentation involves mainly the leg but also involved are the forearm, arm, thigh, shoulder, and buttock. Some of the causes of increased pressure are trauma, tight dressings, hemorrhage, and exercise. Sequelae include nerve compression, paralysis, and contracture.",,,Diagnosis,N/A,,,,,,,,,,,,863
114239AAAAAAAAAAAAAAAAAAAAAAAAAAAAAA,,Disorder of the teeth and supporting structures,Trouble des dents et parodontite,enfermedad periodontal,,,,,,,Diagnosis,N/A,,,,,,,,,,,,864
114240AAAAAAAAAAAAAAAAAAAAAAAAAAAAAA,,Periodontal disease,Maladie périodontale,enfermedad periodontal general,general,,,,Abnormal enlargement or overgrowth of the gingivae brought about by enlargement of existing cells.,,Diagnosis,N/A,N/A,N/A,,,,,,,,,,
114259AAAAAAAAAAAAAAAAAAAAAAAAAAAAAA,,Periapical abscess without sinus tract,Abcès périapical sans fistule,absceso periapical sin fístula,,,,,,,Diagnosis,N/A,,,,,,,,,,,,866
114262AAAAAAAAAAAAAAAAAAAAAAAAAAAAAA,,Peptic ulcer,Ulcère peptique,úlcera péptica,PUD,,,,,,Diagnosis,N/A,,,,,,,,,,,,867
114311AAAAAAAAAAAAAAAAAAAAAAAAAAAAAA,,Pathologic fracture,Fracture pathologique,fractura patológica,,,,"Fractures occurring as a result of disease of a bone or from some undiscoverable cause, and not due to trauma. (Dorland, 27th ed)",,,Diagnosis,N/A,,,,,,,,,,,,868
114320AAAAAAAAAAAAAAAAAAAAAAAAAAAAAA,,Focal epilepsy,crises partielles,convulsión parcial,,,,"Clinical or subclinical disturbances of cortical function due to a sudden, abnormal, excessive, and disorganized discharge of brain cells. Clinical manifestations include abnormal motor, sensory and psychic phenomena. Recurrent seizures are usually referred to as EPILEPSY or ""seizure disorder.""",,,Diagnosis,N/A,,,,,,,,,,,,869
114346AAAAAAAAAAAAAAAAAAAAAAAAAAAAAA,,Parasomnia,Parasomnie,parasomnia,,,,"Movements or behaviors associated with sleep, sleep stages, or partial arousals from sleep that may impair sleep maintenance. Parasomnias are generally divided into four groups: arousal disorders, sleep-wake transition disorders, parasomnias of REM sleep, and nonspecific parasomnias. (From Thorpy, Sleep Disorders Medicine, 1994, p191)",,,Diagnosis,N/A,,,,,,,,,,,,870
114395AAAAAAAAAAAAAAAAAAAAAAAAAAAAAA,,Leg pain,Douleur à la jambe,dolor de pierna,,,,,,,Diagnosis,N/A,,,,,,,,,,,,871
114403AAAAAAAAAAAAAAAAAAAAAAAAAAAAAA,,Pain,Douleur,dolor,,,,An unpleasant sensation induced by noxious stimuli and generally received by specialized nerve endings.,,,Diagnosis,N/A,,,,,,,,,,,,872
114412AAAAAAAAAAAAAAAAAAAAAAAAAAAAAA,,Mansonella ozzardi infection,Infection au Mansonella ozzardi,filariasis por Mansonella ozzardi,,,,A genus of parasitic nematodes whose organisms are distributed in Central and South America. Characteristics include a smooth cuticle and an enlarged anterior end.,,,Diagnosis,N/A,,,,,,,,,,,,873
114431AAAAAAAAAAAAAAAAAAAAAAAAAAAAAA,,Otitis externa,Otite externe,Otitis externa,,,,,,,Diagnosis,N/A,,,,,,,,,,,,874
114506AAAAAAAAAAAAAAAAAAAAAAAAAAAAAA,,Disease of salivary glands,Maladie des glandes salivaires,trastorno de glándula salival,,,,,,,Diagnosis,N/A,,,,,,,,,,,,875
114698AAAAAAAAAAAAAAAAAAAAAAAAAAAAAA,,Osteoarthritis of hip,Ostéo-arthrite de la hanche,artrosis de la cadera,,,,,,,Diagnosis,N/A,,,,,,,,,,,,876
114702AAAAAAAAAAAAAAAAAAAAAAAAAAAAAA,,Osteoarthrosis,Ostéoarthrose,artrosis,,,,"A progressive, degenerative joint disease, the most common form of arthritis, especially in older persons. The disease is thought to result not from the aging process but from biochemical changes and biomechanical stresses affecting articular cartilage. In the foreign literature it is often called osteoarthrosis deformans.",,,Diagnosis,N/A,,,,,,,,,,,,877
114719AAAAAAAAAAAAAAAAAAAAAAAAAAAAAA,,Organic personality disorder,Trouble organique de la personnalité,trastorno orgánico de personalidad,,,,"Cognitive disorders including delirium, dementia, and other cognitive disorders. These may be the result of substance use, trauma, or other causes.",,,Diagnosis,N/A,,,,,,,,,,,,878
114723AAAAAAAAAAAAAAAAAAAAAAAAAAAAAA,,Organic mental disorder,Trouble mental organique,trastorno mental orgánico,,,,"Cognitive disorders including delirium, dementia, and other cognitive disorders. These may be the result of substance use, trauma, or other causes.",,,Diagnosis,N/A,,,,,,,,,,,,879
114750AAAAAAAAAAAAAAAAAAAAAAAAAAAAAA,,Opioid abuse,,abuso de opiáceos,,,,,,,Diagnosis,N/A,,,,,,,,,,,,880
114751AAAAAAAAAAAAAAAAAAAAAAAAAAAAAA,,Narcotic abuse,Abus de stupéfiants,abuso de narcóticos,,,,Disorders related or resulting from abuse or mis-use of opioids.,,,Diagnosis,N/A,,,,,,,,,,,,881
114754AAAAAAAAAAAAAAAAAAAAAAAAAAAAAA,,Disruption of operation wound,Desunion d'une plaie operatoire,dehiscencia de una herida quirúrgica,,,,Pathologic process consisting of a partial or complete disruption of the layers of a surgical wound.,,,Diagnosis,N/A,,,,,,,,,,,,882
114764AAAAAAAAAAAAAAAAAAAAAAAAAAAAAA,,Open wound of nose,Plaie ouverte du nez,herida abierta de la nariz,,,,,,,Diagnosis,N/A,,,,,,,,,,,,883
114767AAAAAAAAAAAAAAAAAAAAAAAAAAAAAA,,"Open Wound of Other and Multiple Sites, without Mention of Complication","Plaie ouverte Autres et plusieurs sites, sans mention de complication",herida abierta no complicada de sitios múltiples de la nariz,,,,,,,Diagnosis,N/A,,,,,,,,,,,,884
114786AAAAAAAAAAAAAAAAAAAAAAAAAAAAAA,,Open wound of ear,Plaie ouverte de l'oreille,herida abierta del oído,,,,,,,Diagnosis,N/A,,,,,,,,,,,,885
114916AAAAAAAAAAAAAAAAAAAAAAAAAAAAAA,,Open fracture of lower leg,Fracture (ouverte) du membre inférieur,fractura expuesta de pierna,,,,,,,Diagnosis,N/A,,,,,,,,,,,,886
114930AAAAAAAAAAAAAAAAAAAAAAAAAAAAAA,,Open fracture of femur,Fracture du femur (ouverte),fractura expuesta del fémur,,,,,,,Diagnosis,N/A,,,,,,,,,,,,887
114931AAAAAAAAAAAAAAAAAAAAAAAAAAAAAA,,Femoral fracture,Fracture du fémur,fractura del fémur,,,,Fractures of the femur.,,,Diagnosis,N/A,,,,,,,,,,,,888
114978AAAAAAAAAAAAAAAAAAAAAAAAAAAAAA,,Patellar dislocation,Luxation de la rotule,luxación de la articulación femororrotuliana,,,,,,,Diagnosis,N/A,,,,,,,,,,,,889
114982AAAAAAAAAAAAAAAAAAAAAAAAAAAAAA,,Hip dislocation,Luxation de la hanche,Luxación de la cadera,,,,,,,Diagnosis,N/A,,,,,,,,,,,,890
114985AAAAAAAAAAAAAAAAAAAAAAAAAAAAAA,,Shoulder dislocation,Luxation de l'articulation de l'épaule,luxación de articulación del hombro,,,,,,,Diagnosis,N/A,,,,,,,,,,,,891
114989AAAAAAAAAAAAAAAAAAAAAAAAAAAAAA,,Dislocation of elbow,Luxation du coude,luxación traumática del codo,,,,,,,Diagnosis,N/A,,,,,,,,,,,,892
114997AAAAAAAAAAAAAAAAAAAAAAAAAAAAAA,,Oligomenorrhea,oligomenorrhea,oligomenorrea,,,,Abnormally infrequent menstruation.,,,Diagnosis,N/A,,,,,,,,,,,,893
115115AAAAAAAAAAAAAAAAAAAAAAAAAAAAAA,,Obesity,Obésité,obesidad,,,,"Increase in body weight beyond skeletal and physical standards as the result of an excessive accumulation of fat in the body. More than two times the ideal weight is considered OBESITY, MORBID.",,,Diagnosis,N/A,,,,,,,,,,,,894
115117AAAAAAAAAAAAAAAAAAAAAAAAAAAAAA,,Nystagmus,Nystagmus,nistagmo,,,,"Involuntary movements of the eye that are divided into two types, jerk and pendular. Jerk nystagmus has a slow phase in one direction followed by a corrective fast phase in the opposite direction, and is usually caused by central or peripheral vestibular dysfunction. Pendular nystagmus features oscillations that are of equal velocity in both directions and this condition is often associated with visual loss early in life. (Adams et al., Principles of Neurology, 6th ed, p272)",,,Diagnosis,N/A,,,,,,,,,,,,895
115122AAAAAAAAAAAAAAAAAAAAAAAAAAAAAA,,Malnutrition,Malnutrition,trastorno de la nutrición,,,,,,,Diagnosis,Coded,,,,,,,,,,,,896
115130AAAAAAAAAAAAAAAAAAAAAAAAAAAAAA,,Nummular eczema,Dermatite nummulaire,eccema numular,,,,,,,Diagnosis,N/A,,,,,,,,,,,,897
115145AAAAAAAAAAAAAAAAAAAAAAAAAAAAAA,,Nonunion of fracture,Fracture non consolidée,seudoartrosis de fractura,,,,"A fracture in which union fails to occur, the ends of the bone becoming rounded and eburnated, and a false joint occurs. (Stedman, 25th ed)",,,Diagnosis,N/A,,,,,,,,,,,,898
115146AAAAAAAAAAAAAAAAAAAAAAAAAAAAAA,,Malunion of fracture,Fracture mal consolidée,consolidación de fractura defectuosa,,,,"Union of the fragments of a fractured bone in a faulty or abnormal position. If two bones parallel to one another unite by osseous tissue, the result is a crossunion. (From Manual of Orthopaedic Terminology, 4th ed)",,,Diagnosis,N/A,,,,,,,,,,,,899
115153AAAAAAAAAAAAAAAAAAAAAAAAAAAAAA,,Haemoperitoneum (Nontraumatic),Hémopéritoine (nontraumatique),hemoperitoneo atraumático,,,,Hemorrhage into the peritoneal cavity.,,,Diagnosis,N/A,,,,,,,,,,,,900
115155AAAAAAAAAAAAAAAAAAAAAAAAAAAAAA,,Nontoxic uninodular goiter,"Goitre non toxique, uninodulaire",bocio uninodular no tóxico,,,,"An enlarged thyroid gland containing circumscribed nodules within its substance. (Dorland, 27th ed)",,,Diagnosis,N/A,,,,,,,,,,,,901
115170AAAAAAAAAAAAAAAAAAAAAAAAAAAAAA,,Nonorganic sleep disorder,Insomnie non organiques,trastorno no orgánico del sueño,,,,,,,Diagnosis,N/A,,,,,,,,,,,,902
115177AAAAAAAAAAAAAAAAAAAAAAAAAAAAAA,,"Noninflammatory disorder of ovary, fallopian tube, and broad ligament","Affections non inflammatoires de l'ovaire, de la trompe de Fallope et du ligament large","trastornos no inflamatorias de ovario, trompa de Falopio y ligamento ancho",,,,,,,Diagnosis,N/A,,,,,,,,,,,,903
115178AAAAAAAAAAAAAAAAAAAAAAAAAAAAAA,,"Other noninflammatory disorders of ovary, fallopian tube, and broad ligament","Autres troubles non inflammatoires de l'ovaire, des trompes de Fallope, et du ligament large","otros trastornos no inflamatorias de ovario, trompa de Falopio y ligamento ancho",,,,,,,Diagnosis,N/A,,,,,,,,,,,,904
115181AAAAAAAAAAAAAAAAAAAAAAAAAAAAAA,,Noninflammatory disorder of vagina,Affection non inflammatoire du vagin,enfermedad no inflamatoria de la vagina,,,,,,,Diagnosis,N/A,,,,,,,,,,,,905
115195AAAAAAAAAAAAAAAAAAAAAAAAAAAAAA,,"Malignant lymphoma, non-Hodgkin's",Lymphome non hodgkinien,linfoma no hodgkiniano,,,,,,,Diagnosis,N/A,,,,,,,,,,,,906
115198AAAAAAAAAAAAAAAAAAAAAAAAAAAAAA,,"Personal history of noncompliance with medical treatment, presenting hazards to health","Histoire personnelle de non-conformité avec traitement medical, présentant des dangers pour la santé",incumplimiento del régimen terapéutico,,,,"Patient or client refusal of or resistance to medical, psychological, or psychiatric treatment. (APA, Thesaurus of Psychological Index Terms, 8th ed.)",,,Diagnosis,Boolean,,,,,,,,,,,,907
115243AAAAAAAAAAAAAAAAAAAAAAAAAAAAAA,,Enuresis,Énurésie,enuresis nocturna,,,,"Involuntary discharge of urine after the age at which urinary control should have been achieved; often used alone with specific reference to involuntary discharge of urine occurring during sleep at night (bed-wetting; nocturnal enuresis). (Dorland, 27th ed)",,,Diagnosis,N/A,,,,,,,,,,,,908
115247AAAAAAAAAAAAAAAAAAAAAAAAAAAAAA,,Night blindness,Cécité nocturne,ceguera nocturna,,,,"Failure or imperfection of vision at night or in dim light, with good vision only on bright days. (Dorland, 27th ed)",,,Diagnosis,N/A,,,,,,,,,,,,909
115250AAAAAAAAAAAAAAAAAAAAAAAAAAAAAA,,Nicotine-related disorder,Trouble mental de la nicotine,trastornos mentales orgánicos inducidos por nicotina,,,,,,,Diagnosis,N/A,,,,,,,,,,,,910
115268AAAAAAAAAAAAAAAAAAAAAAAAAAAAAA,,Neuropathy,Neuropathie,trastorno del sistema nervioso periférico,,,,"Diseases of the peripheral nerves external to the brain and spinal cord, which includes diseases of the nerve roots, ganglia, plexi, autonomic nerves, sensory nerves, and motor nerves.",,,Diagnosis,N/A,,,,,,,,,,,,911
115285AAAAAAAAAAAAAAAAAAAAAAAAAAAAAA,,Neuritis,Névrite,neuritis,,,,A general term indicating inflammation of a peripheral or cranial nerve. Clinical manifestation may include PAIN; PARESTHESIAS; PARESIS; or HYPESTHESIA.,,,Diagnosis,N/A,,,,,,,,,,,,912
115292AAAAAAAAAAAAAAAAAAAAAAAAAAAAAA,,Nerve root and plexus disorder,Affections des racines et des plexus nerveux,"trastornos del nervio, plexo y raíz",,,,,,,Diagnosis,N/A,,,,,,,,,,,,913
115297AAAAAAAAAAAAAAAAAAAAAAAAAAAAAA,,Injury to nerves,Lesion de nerf(s),lesión traumática de nervio,,,,,,,Diagnosis,N/A,,,,,,,,,,,,914
115303AAAAAAAAAAAAAAAAAAAAAAAAAAAAAA,,Nephrotic syndrome,Syndrome néphrotique,síndrome nefrótico,,,,"Clinical association of heavy proteinuria, hypoalbuminemia, and generalized edema.",,,Diagnosis,N/A,,,,,,,,,,,,915
115327AAAAAAAAAAAAAAAAAAAAAAAAAAAAAA,,Neoplasm,Néoplasie,enfermedad neoplásica,,,,,,,Diagnosis,N/A,,,,,,,,,,,,916
115359AAAAAAAAAAAAAAAAAAAAAAAAAAAAAA,,Neoplasm of brain,Tumeur du cerveau,neoplasia del encéfalo,,,,"Neoplasms of the intracranial components of the central nervous system, including the cerebral hemispheres, basal ganglia, hypothalamus, thalamus, brain stem, and cerebellum. Brain neoplasms are subdivided into primary (originating from brain tissue) and secondary (i.e., metastatic) forms. Primary neoplasms are subdivided into benign and malignant forms. In general, brain tumors may also be classified by age of onset, histologic type, or presenting location in the brain.",,,Diagnosis,N/A,,,,,,,,,,,,917
115368AAAAAAAAAAAAAAAAAAAAAAAAAAAAAA,,Neonatal jaundice,Ictère néonatal,ictericia neonatal,,,,A transient unconjugated hyperbilirubinemia that occurs between the second and fifth days of life because the hepatic enzyme GLUCURONOSYLTRANSFERASE required for BILIRUBIN detoxification is inadquedate.,,,Diagnosis,Coded,,,,,,,,,,,,918
115378AAAAAAAAAAAAAAAAAAAAAAAAAAAAAA,,Fetal and newborn aspiration,Aspiration du nouveau-né,síndromes neonatales por aspiración,,,,,,,Diagnosis,N/A,,,,,,,,,,,,919
115400AAAAAAAAAAAAAAAAAAAAAAAAAAAAAA,,Nasal polyp,Polype nasal,pólipo nasal,,,,"Focal accumulations of edema fluid in the nasal mucosa accompanied by hyperplasia of the associated submucosal connective tissue. Polyps may be neoplasms, foci of inflammation, degenerative lesions, or malformations.",,,Diagnosis,N/A,,,,,,,,,,,,920
115403AAAAAAAAAAAAAAAAAAAAAAAAAAAAAA,,Rhinorrhoea,,Rinorrea,,,,"The viscous secretion of mucous membranes. It contains mucin, white blood cells, water, inorganic salts, and exfoliated cells.",,,Diagnosis,N/A,,,,,,,,,,,,921
115405AAAAAAAAAAAAAAAAAAAAAAAAAAAAAA,,Narcolepsy,Narcolepsie,narcolepsia,,,,"A condition characterized by recurrent episodes of daytime somnolence and lapses in consciousness (microsomnias) that may be associated with automatic behaviors and AMNESIA. CATAPLEXY; SLEEP PARALYSIS, and hypnagogic HALLUCINATIONS frequently accompany narcolepsy. The pathophysiology of this disorder includes sleep-onset rapid eye movement (REM) sleep, which normally follows stage III or IV sleep. (From Neurology 1998 Feb;50(2 Suppl 1):S2-S7)",,,Diagnosis,N/A,,,,,,,,,,,,922
115407AAAAAAAAAAAAAAAAAAAAAAAAAAAAAA,,Narcissistic personality disorder,Personnalité narcissique,trastorno narcisista de la personalidad,,,,A major deviation from normal patterns of behavior.,,,Diagnosis,N/A,,,,,,,,,,,,923
115428AAAAAAAAAAAAAAAAAAAAAAAAAAAAAA,,Myocarditis,Myocardite,miocarditis,,,,"Inflammation of the muscular walls of the heart. (Stedman, 25th ed)",,,Diagnosis,N/A,,,,,,,,,,,,924
115432AAAAAAAAAAAAAAAAAAAAAAAAAAAAAA,,Myocardial infarction,Infarctus du myocarde,infarto de miocardio,,,,"Gross necrosis of the myocardium, as a result of interruption of the blood supply to the area. (Dorland, 27th ed)",,,Diagnosis,N/A,,,,,,,,,,,,925
115438AAAAAAAAAAAAAAAAAAAAAAAAAAAAAA,,Myeloid leukemia,Leucémie myéloïde,leucemia mieloide,,,,Form of leukemia characterized by an uncontrolled proliferation of the myeloid lineage and their precursors in the bone marrow and other sites.,,,Diagnosis,N/A,,,,,,,,,,,,926
115451AAAAAAAAAAAAAAAAAAAAAAAAAAAAAA,,Mycetoma,Mycetome,micetoma,,,,"A disease caused by various fungi (Madurella mycetomi) or actinomycetes (Nocardia brasiliensis). It usually affects the foot, hand, and legs with tissues becoming necrosed and swollen after infection.",,,Diagnosis,N/A,,,,,,,,,,,,927
115476AAAAAAAAAAAAAAAAAAAAAAAAAAAAAA,,Muscle weakness,Faiblesse musculaire,debilidad muscular,,,,"A disorder of neuromuscular transmission characterized by weakness of cranial and skeletal muscles. Autoantibodies directed against acetylcholine receptors damage the motor endplate portion of the NEUROMUSCULAR JUNCTION, impairing the transmission of impulses to skeletal muscles. Clinical manifestations may include diplopia, ptosis, and weakness of facial, bulbar, respiratory, and proximal limb muscles. The disease may remain limited to the ocular muscles. THYMOMA is commonly associated with this condition. (Adams et al., Principles of Neurology, 6th ed, p1459)",,,Diagnosis,N/A,,,,,,,,,,,,928
115491AAAAAAAAAAAAAAAAAAAAAAAAAAAAAA,,Multiple gestation,Grossesse multiple,embarazo múltiple,,,,,,,Diagnosis,N/A,,,,,,,,,,,,929
115542AAAAAAAAAAAAAAAAAAAAAAAAAAAAAA,,Multiple fractures,Fractures multiples,fracturas múltiples,,,,Fractures in which the break in bone is not accompanied by an external wound.,,,Diagnosis,N/A,,,,,,,,,,,,930
115725AAAAAAAAAAAAAAAAAAAAAAAAAAAAAA,,"Bipolar I disorder, most recent episode (or current) manic, moderate","Trouble bipolaire de type I, modere, avec episode maniaque",trastorno bipolar I maníaco moderado,,,,A major affective disorder marked by severe mood swings (manic or major depressive episodes) and a tendency to remission and recurrence.,,,Diagnosis,N/A,,,,,,,,,,,,931
115735AAAAAAAAAAAAAAAAAAAAAAAAAAAAAA,,Mitral valve insufficiency,Insuffisance de la valvule mitrale,insuficiencia de la válvula mitral,,,,"Abnormal protrusion of one or both of the leaflets of the mitral valve into the left atrium during systole. This may be accompanied by mitral regurgitation, systolic murmur, nonejection click, or cardiac arrhythmia.",,,Diagnosis,N/A,,,,,,,,,,,,932
115753AAAAAAAAAAAAAAAAAAAAAAAAAAAAAA,,Miliary tuberculosis,Tuberculose miliaire,tuberculosis miliar,,,,An acute form of TUBERCULOSIS in which minute tubercles are formed in a number of organs of the body due to dissemination of the bacilli through the blood stream.,,,Diagnosis,N/A,,,,,,,,,,,,933
115768AAAAAAAAAAAAAAAAAAAAAAAAAAAAAA,,"Bipolar I disorder, most recent episode (or current) manic, mild","Trouble bipolaire de type I, leger, avec episode maniaque",trastorno bipolar I maníaco leve,,,,A major affective disorder marked by severe mood swings (manic or major depressive episodes) and a tendency to remission and recurrence.,,,Diagnosis,N/A,,,,,,,,,,,,934
115797AAAAAAAAAAAAAAAAAAAAAAAAAAAAAA,,Disorder of metabolism,Anomalies metaboliques,enfermedad metabólica,,,,"Generic term for diseases caused by an abnormal metabolic process. It can be congenital due to inherited enzyme abnormality (METABOLISM, INBORN ERRORS) or acquired due to disease of an endocrine organ or failure of a metabolically important organ such as the liver. (Stedman, 26th ed)",,,Diagnosis,N/A,,,,,,,,,,,,935
115809AAAAAAAAAAAAAAAAAAAAAAAAAAAAAA,Yes,Mental retardation,Retard mental (duplicate),retardo mental,,,,"Subnormal intellectual functioning which originates during the developmental period. This has multiple potential etiologies, including genetic defects and perinatal insults. Intelligence quotient (IQ) scores are commonly used to determine whether an individual is mentally retarded. IQ scores between 70 and 79 are in the borderline mentally retarded range. Scores below 67 are in the retarded range. (Joynt, Clinical Neurology, 1992, Ch55, p28)",,,Diagnosis,N/A,,,,,,,,,,,,936
115810AAAAAAAAAAAAAAAAAAAAAAAAAAAAAA,,Mild intellectual disability,Handicaps intellectuels leger,retardo mental (duplicate),,,,,,,Diagnosis,N/A,,,,,,,,,,,,937
115835AAAAAAAAAAAAAAAAAAAAAAAAAAAAAA,,Meningitis,Méningite,Meningitis,,,,"Inflammation of the coverings of the brain and/or spinal cord, which consist of the PIA MATER; ARACHNOID; and DURA MATER. Infections (viral, bacterial, and fungal) are the most common causes of this condition, but subarachnoid hemorrhage (HEMORRHAGES, SUBARACHNOID), chemical irritation (chemical MENINGITIS), granulomatous conditions, neoplastic conditions (e.g., carcinomatous meningitis), and other inflammatory conditions may produce this syndrome. (From Joynt, Clinical Neurology, 1994, Ch24, p6)",,,Diagnosis,N/A,,,,,,,,,,,,938
115838AAAAAAAAAAAAAAAAAAAAAAAAAAAAAA,,Memory impairment,Troubles de la mémoire,trastorno de la memoria,,,,"Disturbances in registering an impression, in the retention of an acquired impression, or in the recall of an impression. Memory impairments are associated with DEMENTIA; CRANIOCEREBRAL TRAUMA; ENCEPHALITIS; ALCOHOLISM (see also ALCOHOL AMNESTIC DISORDER); SCHIZOPHRENIA; and other conditions.",,,Diagnosis,N/A,,,,,,,,,,,,939
115844AAAAAAAAAAAAAAAAAAAAAAAAAAAAAA,,Skin mole,Naevus,nevus melanocítico de piel,,,,,,,Diagnosis,N/A,,,,,,,,,,,,940
115866AAAAAAAAAAAAAAAAAAAAAAAAAAAAAA,,Meconium aspiration,Aspiration de méconium,Aspiración de meconio,,,,"Syndrome caused by sucking of thick meconium into the lungs, usually by term or post-term infants (often small for gestational age) either in utero or with first breath. The resultant small airway obstruction may produce respiratory distress, tachypnea, cyanosis, pneumothorax, and/or pneumomediastinum.",,,Diagnosis,N/A,,,,,,,,,,,,941
115886AAAAAAAAAAAAAAAAAAAAAAAAAAAAAA,,Measles complications,Rougeole avec d'autres complications,sarampión complicado,,,,"A highly contagious infectious disease caused by MORBILLIVIRUS, common among children but also seen in the nonimmune of any age, in which the virus enters the respiratory tract via droplet nuclei and multiplies in the epithelial cells, spreading throughout the reticuloendothelial system. (From Dorland, 27th ed)",,,Diagnosis,N/A,,,,,,,,,,,,942
115953AAAAAAAAAAAAAAAAAAAAAAAAAAAAAA,,Malocclusion,Malocclusion,maloclusión de los dientes,,,,"Such malposition and contact of the maxillary and mandibular teeth as to interfere with the highest efficiency during the excursive movements of the jaw that are essential for mastication. (Jablonski, Illustrated Dictionary of Dentistry, 1982)",,,Diagnosis,N/A,,,,,,,,,,,,944
115961AAAAAAAAAAAAAAAAAAAAAAAAAAAAAA,,Malignant neoplasm of urinary bladder,Tumeur maligne de la vessie,tumor maligno de vejiga,,,,Cancer or tumors of the bladder.,,,Diagnosis,N/A,,,,,,,,,,,,945
115992AAAAAAAAAAAAAAAAAAAAAAAAAAAAAA,,Malignant neoplasm of major salivary glands,Tumeur maligne des glandes salivaires principales,tumor maligno de la glándula salival mayor,,,,Tumors or cancer of the SALIVARY GLANDS.,,,Diagnosis,N/A,,,,,,,,,,,,946
116004AAAAAAAAAAAAAAAAAAAAAAAAAAAAAA,,Malignant neoplasm of lip,Tumeur maligne de la lèvre,tumor maligno del labio,,,,Tumors or cancer of the LIP.,,,Diagnosis,N/A,,,,,,,,,,,,947
116011AAAAAAAAAAAAAAAAAAAAAAAAAAAAAA,,Gum cancer,Tumeur maligne de la gencive,tumor maligno gingival,,,,Cancer of the gums.,,,Diagnosis,N/A,,,,,,,,,,,,948
116023AAAAAAAAAAAAAAAAAAAAAAAAAAAAAA,,Malignant neoplasm of cervix uteri,Tumeur maligne du col uterin,tumor maligno del cuello uterino,,,,A primary or metastatic malignant neoplasm involving the uterine cervix.,,,Diagnosis,N/A,,,,,,,,,,,,949
116030AAAAAAAAAAAAAAAAAAAAAAAAAAAAAA,,Neoplasm/cancer,Cancer,neoplasia/cancer,,,,,,,Diagnosis,Coded,,,,,,,,,,,,950
116031AAAAAAAAAAAAAAAAAAAAAAAAAAAAAA,,Malignant neoplasm,Tumeur maligne,neoplasia maligna,,,,"New abnormal growth of tissue. Malignant neoplasms show a greater degree of anaplasia and have the properties of invasion and metastasis, compared to benign neoplasms.",,,Diagnosis,Coded,,,,,,,,,,,,951
116033AAAAAAAAAAAAAAAAAAAAAAAAAAAAAA,,Malignant neoplasm of uterus,Tumeur maligne de l'utérus,Neoplasia maligna del útero,,,,Tumors or cancer of the UTERUS.,,,Diagnosis,N/A,,,,,,,,,,,,952
116041AAAAAAAAAAAAAAAAAAAAAAAAAAAAAA,,Malignant neoplasm of stomach,Tumeur maligne de l'estomac,tumor maligno del estómago,,,,Tumors or cancer of the STOMACH.,,,Diagnosis,N/A,,,,,,,,,,,,953
116049AAAAAAAAAAAAAAAAAAAAAAAAAAAAAA,,Malignant neoplasm of pancreas,Tumeur maligne du pancréas,tumor maligno del páncreas,,,,Tumors or cancer of the pancreas.,,,Diagnosis,N/A,,,,,,,,,,,,954
116074AAAAAAAAAAAAAAAAAAAAAAAAAAAAAA,,Malignant neoplasm of endocrine gland,Tumeur maligne de la glande endocrine,Neoplasia maligna primaria de glándula endocrina,,,,Tumors or cancer of the endocrine glands in general or unspecified.,,,Diagnosis,N/A,,,,,,,,,,,,955
116077AAAAAAAAAAAAAAAAAAAAAAAAAAAAAA,,Malignant neoplasm of body of uterus,Tumeur maligne du corps uterin,neoplasia maligna del cuerpo uterino,,,,A primary or metastatic malignant neoplasm involving the uterine corpus.,,,Diagnosis,N/A,,,,,,,,,,,,956
116080AAAAAAAAAAAAAAAAAAAAAAAAAAAAAA,,Melanoma of skin,Mélanome malin de la peau,melanoma maligno de la piel,,,,"A malignant neoplasm derived from cells that are capable of forming melanin, which may occur in the skin of any part of the body, in the eye, or, rarely, in the mucous membranes of the genitalia, anus, oral cavity, or other sites. It occurs mostly in adults and may originate de novo or from a pigmented nevus or malignant lentigo. Melanomas frequently metastasize widely, and the regional lymph nodes, liver, lungs, and brain are likely to be involved. The incidence of malignant skin melanomas is rising rapidly in all parts of the world. (Stedman, 25th ed; from Rook et al., Textbook of Dermatology, 4th ed, p2445)",,,Diagnosis,N/A,,,,,,,,,,,,957
116123AAAAAAAAAAAAAAAAAAAAAAAAAAAAAA,,Male erectile disorder,Trouble de l'érection,trastorno eréctil,,,,,,,Diagnosis,N/A,,,,,,,,,,,,958
116125AAAAAAAAAAAAAAAAAAAAAAAAAAAAAA,,Malarial fever,Fièvre Paludéenne,fiebre palúdica,,,,"A protozoan disease caused by four species of the genus PLASMODIUM (P. falciparum (MALARIA, FALCIPARUM), P. vivax (MALARIA, VIVAX), P. ovale, and P. malariae) and transmitted by the bite of an infected female mosquito of the genus Anopheles. Malaria is endemic in parts of Asia, Africa, Central and South America, Oceania, and certain Caribbean islands. It is characterized by extreme exhaustion associated with paroxysms of high fever, sweating, shaking chills, and anemia.",,,Diagnosis,N/A,,,,,,,,,,,,959
116128AAAAAAAAAAAAAAAAAAAAAAAAAAAAAA,,Malaria,Paludisme,Paludismo,,,,"A protozoan disease caused by four species of the genus PLASMODIUM (P. falciparum (MALARIA, FALCIPARUM), P. vivax (MALARIA, VIVAX), P. ovale, and P. malariae) and transmitted by the bite of an infected female mosquito of the genus Anopheles. Malaria is endemic in parts of Asia, Africa, Central and South America, Oceania, and certain Caribbean islands. It is characterized by extreme exhaustion associated with paroxysms of high fever, sweating, shaking chills, and anemia.",,,Diagnosis,N/A,,,,,,,,,,,,960
116130AAAAAAAAAAAAAAAAAAAAAAAAAAAAAA,,Malaise,Malaise,malestar general,,,,,,,Diagnosis,N/A,,,,,,,,,,,,961
116174AAAAAAAAAAAAAAAAAAAAAAAAAAAAAA,,Lymphoid leukemia,Leucémie lymphoïde,leucemia linfoidea,,,,"Leukemia associated with hyperplasia and overactivity of the lymphoid tissue. There are increased numbers of circulating malignant lymphocytes and lymphoblasts. (Dorland, 28th ed, p919)",,,Diagnosis,N/A,,,,,,,,,,,,962
116222AAAAAAAAAAAAAAAAAAAAAAAAAAAAAA,,Low birth weight,Faible poids à la naissance,Bajo peso al nacer,LBW,,,,,,Diagnosis,N/A,,,,,,,,,,,,963
116230AAAAAAAAAAAAAAAAAAAAAAAAAAAAAA,,Lordosis,Lordoses,lordosis,,,,"The anterior concavity in the curvature of the lumbar and cervical spine as viewed from the side. The term usually refers to abnormally increased curvature (hollow back, saddle back, swayback). It does not include lordosis as normal mating posture in certain animals ( = POSTURE + SEX BEHAVIOR, ANIMAL).",,,Diagnosis,N/A,,,,,,,,,,,,964
116232AAAAAAAAAAAAAAAAAAAAAAAAAAAAAA,,Loose body in joint,Souris intra-articulaire,artrofito,,,,"Fibrous, bony, cartilaginous and osteocartilaginous fragments in a synovial joint. Major causes are osteochondritis dissecans, synovial chondromatosis, osteophytes, fractured articular surfaces and damaged menisci.",,,Diagnosis,N/A,,,,,,,,,,,,965
116246AAAAAAAAAAAAAAAAAAAAAAAAAAAAAA,,Localised salmonella infection,Infection localisée à Salmonella,infección localizada por Salmonella,,,,"A genus of gram-negative, facultatively anaerobic, rod-shaped bacteria that utilizes citrate as a sole carbon source. It is pathogenic for humans, causing enteric fevers, gastroenteritis, and bacteremia. Food poisoning is the most common clinical manifestation. Organisms within this genus are separated on the basis of antigenic characteristics, sugar fermentation patterns, and bacteriophage susceptibility.",,,Diagnosis,N/A,,,,,,,,,,,,966
116317AAAAAAAAAAAAAAAAAAAAAAAAAAAAAA,,Lichen sclerosus et atrophicus,Lichen sclero atrophique,liquen escleroso y atrófico,,,,"A chronic, atrophic skin disease characterized by white, angular, flat, well-defined, indurated papules with an erythematous halo and follicular, black, keratotic plugs. It is the most common cause of kraurosis vulvae in females and balanitis xerotica obliterans in males. It is called also white spot disease and Csillag's disease. (Dorland, 27th ed)",,,Diagnosis,N/A,,,,,,,,,,,,967
116334AAAAAAAAAAAAAAAAAAAAAAAAAAAAAA,,Lethargy,Léthargie,letargo,,,,"A syndrome characterized by persistent or recurrent fatigue, diffuse musculoskeletal pain, sleep disturbances, and subjective cognitive impairment of 6 months duration or longer. Symptoms are not caused by ongoing exertion; are not relieved by rest; and result in a substantial reduction of previous levels of occupational, educational, social, or personal activities. Minor alterations of immune, neuroendocrine, and autonomic function may be associated with this syndrome. There is also considerable overlap between this condition and FIBROMYALGIA. (From Semin Neurol 1998;18(2):237-42; Ann Intern Med 1994 Dec 15;121(12): 953-9)",,,Diagnosis,N/A,,,,,,,,,,,,968
116341AAAAAAAAAAAAAAAAAAAAAAAAAAAAAA,,Leptospirosis,Leptospirose,leptospirosis,,,,,,,Diagnosis,N/A,,,,,,,,,,,,969
116344AAAAAAAAAAAAAAAAAAAAAAAAAAAAAA,,Leprosy,Lèpre,lepra,,,,,,,Diagnosis,N/A,,,,,,,,,,,,970
116350AAAAAAAAAAAAAAAAAAAAAAAAAAAAAA,,Leishmaniasis,Leishmaniose,leishmaniasis,,,,"A disease caused by any of a number of species of protozoa in the genus LEISHMANIA. There are four major clinical types of this infection: cutaneous (Old and New World) (LEISHMANIASIS, CUTANEOUS), diffuse cutaneous (LEISHMANIASIS, DIFFUSE CUTANEOUS), mucocutaneous (LEISHMANIASIS, MUCOCUTANEOUS), and visceral (LEISHMANIASIS, VISCERAL).",,,Diagnosis,N/A,,,,,,,,,,,,971
116367AAAAAAAAAAAAAAAAAAAAAAAAAAAAAA,,Allergy to latex,Allergie au latex,Alergia al látex,,,,,,,Diagnosis,N/A,,,,,,,,,,,,972
116380AAAAAAAAAAAAAAAAAAAAAAAAAAAAAA,,Late effect of injury,Sequelles de lesions traumatiques,efecto tardío de una lesión traumática,,,,,,,Diagnosis,N/A,,,,,,,,,,,,973
116403AAAAAAAAAAAAAAAAAAAAAAAAAAAAAA,,Hyperostosis of skull,Hyperostose du crâne,cabeza grande,,,,Increase in the mass of bone per unit volume.,,,Diagnosis,N/A,,,,,,,,,,,,974
116414AAAAAAAAAAAAAAAAAAAAAAAAAAAAAA,,Hypoactive sexual desire disorder,Trouble du désir sexuel hypoactif,falta o pérdida de deseo sexual,,,,"Disturbances in sexual desire and the psychophysiologic changes that characterize the sexual response cycle and cause marked distress and interpersonal difficulty. (APA, DSM-IV, 1994)",,,Diagnosis,N/A,,,,,,,,,,,,975
116472AAAAAAAAAAAAAAAAAAAAAAAAAAAAAA,,Kyphosis,Cyphoses,deformidad de la columna vertebral - cifosis,,,,"Abnormally increased convexity in the curvature of the thoracic spine as viewed from the side. (Dorland, 27th ed)",,,Diagnosis,N/A,,,,,,,,,,,,976
116474AAAAAAAAAAAAAAAAAAAAAAAAAAAAAA,,Kwashiorkor,Kwashiorkor,kwashiorkor,,,,"The lack of sufficient energy or protein to meet the body's metabolic demands, as a result of either an inadequate dietary intake of protein, intake of poor quality dietary protein, increased demands due to disease, or increased nutrient losses.",,,Diagnosis,N/A,,,,,,,,,,,,977
116500AAAAAAAAAAAAAAAAAAAAAAAAAAAAAA,,Calculus of kidney,Lithiase renale,cálculo renal,,,,Calculi occurring in the kidney. Calculi too large to pass spontaneously range in size from 1 cm to the staghorn stones that occupy the renal pelvis and calyces.,,,Diagnosis,N/A,,,,,,,,,,,,978
116515AAAAAAAAAAAAAAAAAAAAAAAAAAAAAA,,Keratoderma punctata,Keratose ponctuee,queratodermia punctata,,,,"Symmetrical osteitis of the four limbs, chiefly localized to the phalanges and the terminal epiphyses of the long bones of the forearm and leg, sometimes extending to the proximal ends of the limbs and the flat bones, and accompanied by dorsal kyphosis and joint involvement. It is often secondary to chronic conditions of the lungs and heart. (Dorland, 27th ed)",,,Diagnosis,N/A,,,,,,,,,,,,979
116543AAAAAAAAAAAAAAAAAAAAAAAAAAAAAA,,Burn,Brûlure,Quemadura,Burn,,,"Injuries to tissues caused by contact with heat, steam, chemicals (BURNS, CHEMICAL), electricity (BURNS, ELECTRIC), or the like.",,,Diagnosis,Boolean,,,,,,,,,,,,980
116554AAAAAAAAAAAAAAAAAAAAAAAAAAAAAA,,Stiffness of joint,Raideur articulaire,rigidez articular,,,,,,,Diagnosis,N/A,,,,,,,,,,,,981
116557AAAAAAAAAAAAAAAAAAAAAAAAAAAAAA,,Pain in joints,Douleurs articulaires,Dolor articular difuso,,,,,,,Diagnosis,N/A,,,,,,,,,,,,982
116616AAAAAAAAAAAAAAAAAAAAAAAAAAAAAA,,Irregular menstrual cycle,Cycle menstruel irrégulier,ciclo menstrual irregular,Irregular menses,,,"Uterine bleeding, usually irregular or acyclic, between periods.",,,Diagnosis,N/A,,,,,,,,,,,,983
116677AAAAAAAAAAAAAAAAAAAAAAAAAAAAAA,,Intracerebral haemorrhage,Hémorragie intracérébrale,hemorragia intracraneal,,,,"Bleeding into a cerebral hemisphere of the brain, including lobar, subcortical white matter, and basal ganglia hemorrhages. Commonly associated conditions include HYPERTENSION; INTRACRANIAL ARTERIOSCLEROSIS; INTRACRANIAL ANEURYSM; CRANIOCEREBRAL TRAUMA; INTRACRANIAL ARTERIOVENOUS MALFORMATIONS; CEREBRAL AMYLOID ANGIOPATHY; and CEREBRAL INFARCTION.",,,Diagnosis,N/A,,,,,,,,,,,,984
116688AAAAAAAAAAAAAAAAAAAAAAAAAAAAAA,,"Abdominal or pelvic swelling, mass or lump",Tuméfaction et masse intra-abdominales et pelviennes,"masa, tumefacción y tumoración intrabdominales y pélvicas",,,,,,,Diagnosis,N/A,,,,,,,,,,,,985
116743AAAAAAAAAAAAAAAAAAAAAAAAAAAAAA,,Insomnia,Insomnie,insomnio,,,,,,,Diagnosis,N/A,,,,,,,,,,,,986
116786AAAAAAAAAAAAAAAAAAAAAAAAAAAAAA,,Stomach injury,Lésion traumatique de l'estomac,lesión traumática del estómago,,,,,,,Diagnosis,N/A,,,,,,,,,,,,987
116788AAAAAAAAAAAAAAAAAAAAAAAAAAAAAA,,Spleen injury,Lésion traumatique de la rate,lesión traumática del bazo,,,,,,,Diagnosis,N/A,,,,,,,,,,,,988
116793AAAAAAAAAAAAAAAAAAAAAAAAAAAAAA,,Small intestine injury,Lésion traumatique de l'intestin grêle,lesión traumática del intestino delgado,,,,,,,Diagnosis,N/A,,,,,,,,,,,,989
116824AAAAAAAAAAAAAAAAAAAAAAAAAAAAAA,,Hepatic trauma,Lésion traumatique du foie,lesión traumática del hígado,,,,This concept includes injury of liver or gallbladder,,,Diagnosis,N/A,,,,,,,,,,,,990
116838AAAAAAAAAAAAAAAAAAAAAAAAAAAAAA,,Head injury,Lésion traumatique de la tête,traumatismo craneoencefálico,,,,,,,Diagnosis,N/A,,,,,,,,,,,,991
116874AAAAAAAAAAAAAAAAAAAAAAAAAAAAAA,,Injury to cranial nerve,Lésion traumatique des nerfs crâniens,lesión traumática del nervio craneal,,,,Dysfunction of one or more cranial nerves causally related to a traumatic injury. Penetrating and nonpenetrating CRANIOCEREBRAL TRAUMA; NECK INJURIES; and trauma to the facial region are conditions associated with cranial nerve injuries.,,,Diagnosis,N/A,,,,,,,,,,,,992
116945AAAAAAAAAAAAAAAAAAAAAAAAAAAAAA,,Inhalant abuse,Abus de substances inhalées,abuso de inhalantes,,,,,,,Diagnosis,N/A,,,,,,,,,,,,993
116954AAAAAAAAAAAAAAAAAAAAAAAAAAAAAA,,Inguinal hernia,Hernie inguinale,hernia inguinal,,,,Abnormal protrusion of the intestine into the inguinal canal.,,,Diagnosis,N/A,,,,,,,,,,,,994
116958AAAAAAAAAAAAAAAAAAAAAAAAAAAAAA,,Influenza,,gripe,,,,"An acute viral infection involving the respiratory tract. It is marked by inflammation of the nasal mucosa, the pharynx, and conjunctiva, and by headache and severe, often generalized, myalgia.",,,Diagnosis,N/A,,,,,,,,,,,,995
116967AAAAAAAAAAAAAAAAAAAAAAAAAAAAAA,,Inflammatory polyarthropathy,Polyarthropathie inflammatoire,poliartropatía inflamatoria,,,,Inflammation of the joint space(s).,,,Diagnosis,N/A,,,,,,,,,,,,996
116976AAAAAAAAAAAAAAAAAAAAAAAAAAAAAA,,Inflammatory disorder of male genital organ,Trouble inflammatoire des organes genitaux masculin,trastorno inflamatorio de los órganos genitales masculinos,,,,,,,Diagnosis,N/A,,,,,,,,,,,,997
116981AAAAAAAAAAAAAAAAAAAAAAAAAAAAAA,,Inflammatory disease of uterus,Maladie inflammatoire de l'uterus,enfermedad inflamatoria del útero,,,,"Inflammation of the endometrium. (Dorland, 27th ed)",,,Diagnosis,N/A,,,,,,,,,,,,998
116986AAAAAAAAAAAAAAAAAAAAAAAAAAAAAA,,Hepatitis,Hépatite,enfermedad hepática inflamatoria,,,,Inflammation of the liver and liver disease involving degenerative or necrotic alterations of hepatocytes.,,,Diagnosis,N/A,,,,,,,,,,,,999
116994AAAAAAAAAAAAAAAAAAAAAAAAAAAAAA,,Inflammatory disease of the cervix,Maladie inflamatoires du col de l'uterus,enfermedad inflamatoria del cuello uterino,,,,Inflammation of the uterine cervix.,,,Diagnosis,N/A,,,,,,,,,,,,1000
117123AAAAAAAAAAAAAAAAAAAAAAAAAAAAAA,,Mycobacterium scrofulaceum,,infección por Mycobacterium scrofulaceum,,,,"A non-tuberculous mycobacterium causing cervical lymphadenitis in children. It very rarely causes pulmonary disease, and is believed to be non-pathogenic in animals.",,,Diagnosis,N/A,,,,,,,,,,,,1001
117146AAAAAAAAAAAAAAAAAAAAAAAAAAAAAA,,Trichomoniasis,Trichomoniase,infección por Trichomonas,,,,Infections in birds and mammals produced by various species of Trichomonas.,,,Diagnosis,N/A,,,,,,,,,,,,1002
117152AAAAAAAAAAAAAAAAAAAAAAAAAAAAAA,,Schistosomiasis,Schistosomiase,infección por Schistosoma,,,,,SCHISTOSOMIASE,,Diagnosis,N/A,,,,,,,,,,,,1003
117208AAAAAAAAAAAAAAAAAAAAAAAAAAAAAA,,Incontinence of feces,Incontinence fécale,alteración de la evacuación intestinal: incontinencia,,,,"Failure of voluntary control of the anal sphincters, with involuntary passage of feces and flatus.",,,Diagnosis,Coded,,,,,,,,,,,,1004
117242AAAAAAAAAAAAAAAAAAAAAAAAAAAAAA,,Incomplete abortion,Avortement incomplet,aborto retenido,,,,Abortion in which not all the products of conception have been expelled.,,,Diagnosis,N/A,,,,,,,,,,,,1005
117295AAAAAAAAAAAAAAAAAAAAAAAAAAAAAA,,Idiopathic thrombocytopenic purpura,Purpura thrombopénique idiopathique,púrpura trombocitopénica idiopática,,,,"Thrombocytopenia occurring in the absence of toxic exposure or a disease associated with decreased platelets. It is mediated by immune mechanisms, in most cases IgG autoantibodies which attach to platelets and subsequently undergo destruction by macrophages. The disease is seen in acute (affecting children) and chronic (adult) forms.",,,Diagnosis,N/A,,,,,,,,,,,,1006
117315AAAAAAAAAAAAAAAAAAAAAAAAAAAAAA,,Hypovolaemia,Hypovolémique,hipovolemia,,,,The condition that results from excessive loss of body water.,,,Diagnosis,N/A,,,,,,,,,,,,1007
117321AAAAAAAAAAAAAAAAAAAAAAAAAAAAAA,,Hypothyroidism,Hypothyroïdie,hipotiroidismo,,,,,,,Diagnosis,N/A,,,,,,,,,,,,1008
117386AAAAAAAAAAAAAAAAAAAAAAAAAAAAAA,,Hypertensive heart disease,Maladie hypertensive du coeur,cardiopatía hipertensiva,,,,Hypertrophy or enlargement of the heart.,,,Diagnosis,N/A,,,,,,,,,,,,1009
117399AAAAAAAAAAAAAAAAAAAAAAAAAAAAAA,,Hypertension,Hypertension artérielle,hipertensión arterial,,HTA,,Persistently high arterial blood pressure. Currently accepted threshold levels are 140 mm Hg systolic and 90 mm Hg diastolic pressure.,,,Diagnosis,N/A,,,,,,,,,,,,1010
117401AAAAAAAAAAAAAAAAAAAAAAAAAAAAAA,Yes,Hypertensive disorder,Hypertension,hipertensión arterial (duplicate),,,,Persistently high arterial blood pressure. Currently accepted threshold levels are 140 mm Hg systolic and 90 mm Hg diastolic pressure.,,,Diagnosis,N/A,,,,,,,,,,,,1011
117412AAAAAAAAAAAAAAAAAAAAAAAAAAAAAA,,Hypersomnia,Hypersomnie,hipersomnia,,,,"Disorders characterized by hypersomnolence during normal waking hours that may impair cognitive functioning. Subtypes include primary hypersomnia disorders (e.g., IDIOPATHIC HYPERSOMNOLENCE; NARCOLEPSY; and KLEINE-LEVIN SYNDROME) and secondary hypersomnia disorders where excessive somnolence can be attributed to a known cause (e.g., drug affect, MENTAL DISORDERS, and SLEEP APNEA SYNDROME). (From  J Neurol Sci 1998 Jan 8;153(2):192-202; Thorpy, Principles and Practice of Sleep Medicine, 2nd ed, p320)",,,Diagnosis,N/A,,,,,,,,,,,,1012
117441AAAAAAAAAAAAAAAAAAAAAAAAAAAAAA,,Hyperlipidemia,Hyperlipidemie,hiperlipidemia,,,,,,,Diagnosis,N/A,,,,,,,,,,,,1013
117468AAAAAAAAAAAAAAAAAAAAAAAAAAAAAA,,Hyperkinetic behavior,Trouble hyperkinétique,hiperactividad motora,,,,"A behavior disorder originating in childhood in which the essential features are signs of developmentally inappropriate inattention, impulsivity, and hyperactivity. Although most individuals have symptoms of both inattention and hyperactivity-impulsivity, one or the other pattern may be predominant. The disorder is more frequent in males than females. Onset is in childhood. Symptoms often attenuate during late adolescence although a minority experience the full complement of symptoms into mid-adulthood. (From DSM-IV)",,,Diagnosis,N/A,,,,,,,,,,,,1014
117474AAAAAAAAAAAAAAAAAAAAAAAAAAAAAA,,Hydrocele,Hydrocèle,hidrocele,,,,"A circumscribed collection of fluid, especially a collection of fluid in the tunica vaginalis of the testicle or along the spermatic cord. (Dorland, 27th ed)",,,Diagnosis,N/A,,,,,,,,,,,,1015
117501AAAAAAAAAAAAAAAAAAAAAAAAAAAAAA,,Hodgkin's disease,Maladie du Hodgkin,enfermedad de Hodgkin,,,,"A malignant disease characterized by progressive enlargement of the lymph nodes, spleen, and general lymphoid tissue, and the presence of large, usually multinucleate, cells (REED-STERNBERG CELLS) of unknown origin.",,,Diagnosis,N/A,,,,,,,,,,,,1016
117503AAAAAAAAAAAAAAAAAAAAAAAAAAAAAA,,Histrionic personality disorder,Personnalité histrionique,trastorno histriónico de la personalidad,,,,"A personality disorder characterized by overly reactive and intensely expressed or overly dramatic behavior, proneness to exaggeration, emotional excitability, and disturbances in interpersonal relationships.",,,Diagnosis,N/A,,,,,,,,,,,,1017
117543AAAAAAAAAAAAAAAAAAAAAAAAAAAAAA,,Herpes zoster,Zona,Herpes zoster,,,,,,,Diagnosis,N/A,,,,,,,,,,,,1018
117556AAAAAAAAAAAAAAAAAAAAAAAAAAAAAA,,Ventral hernia,Hernie ventrale,hernia de la pared abdominal anterior,,,,Abnormal protrusion of the intestine through the abdominal muscles.,,,Diagnosis,N/A,,,,,,,,,,,,1019
117559AAAAAAAAAAAAAAAAAAAAAAAAAAAAAA,,Abdominal hernia,Hernie abdominale,hernia de la cavidad abdominal,,,,Protrusion of a loop or knuckle of an organ or tissue through an abnormal opening.,,,Diagnosis,N/A,,,,,,,,,,,,1020
117598AAAAAAAAAAAAAAAAAAAAAAAAAAAAAA,,Liver failure,Insuffisance hépatique,insuficiencia hepática,,,,"Severe inability of the liver to function normally, as evidenced by severe jaundice and abnormal levels of ammonia, bilirubin, alkaline phosphatase, glutamic oxaloacetic transaminase, lactic dehydrogenase, and reversal of the albumin/globulin ratio. (Blakiston's Gould Medical Dictionary, 4th ed)",,,Diagnosis,N/A,,,,,,,,,,,,1021
117606AAAAAAAAAAAAAAAAAAAAAAAAAAAAAA,,Haemorrhagic disease of newborn,Maladie hémorragique du nouveau-né,enfermedad hemorrágica del recién nacido por deficiencia de vitamina K,,,,"A self-limited hemorrhagic disorder of the first days of life, caused by a deficiency of the vitamin K-dependent blood coagulation factors II, VII, IX, and X. (Dorland, 27th ed)",,,Diagnosis,N/A,,,,,,,,,,,,1022
117612AAAAAAAAAAAAAAAAAAAAAAAAAAAAAA,,"Hemorrhage in Early Pregnancy, Delivered","Hémorragie en début de grossesse, accouchement","hemorragia a principios del embarazo, con parto",,,,,,,Diagnosis,N/A,,,,,,,,,,,,1023
117617AAAAAAAAAAAAAAAAAAAAAAAAAAAAAA,,Haemorrhage in early pregnancy,Hémorragie du début de la grossesse,hemorragia a principios del embarazo,,,,,,,Diagnosis,N/A,,,,,,,,,,,,1024
117627AAAAAAAAAAAAAAAAAAAAAAAAAAAAAA,,Haemolytic anaemia due to malaria,Anémie hémolytique dûe au paludisme,anemia hemolítica por paludismo,,,,A form of anemia in which the bone marrow fails to produce adequate numbers of peripheral blood elements.,,,Diagnosis,N/A,,,,,,,,,,,,1025
117635AAAAAAAAAAAAAAAAAAAAAAAAAAAAAA,,Haemoglobinopathy,Hémoglobinopathie,hemoglobinopatía,,,,A group of inherited disorders characterized by structural alterations within the hemoglobin molecule.,,,Diagnosis,N/A,,,,,,,,,,,,1026
117655AAAAAAAAAAAAAAAAAAAAAAAAAAAAAA,,Hemiplegia,Hémiplégie,hemiplejía,,,,"Severe or complete loss of motor function on one side of the body. This condition is usually caused by BRAIN DISEASES that are localized to the cerebral hemisphere opposite to the side of weakness. Less frequently, BRAIN STEM lesions; cervical SPINAL CORD DISEASES; PERIPHERAL NERVOUS SYSTEM DISEASES; and other conditions may manifest as hemiplegia. The term hemiparesis (see PARESIS) refers to mild to moderate weakness involving one side of the body.",,,Diagnosis,N/A,,,,,,,,,,,,1027
117671AAAAAAAAAAAAAAAAAAAAAAAAAAAAAA,,Hematochezia,Hématochézie,hematoquezia,,,,Frank bleeding in the gastrointestinal tract.,,,Diagnosis,Coded,,,,,,,,,,,,1028
117677AAAAAAAAAAAAAAAAAAAAAAAAAAAAAA,,Haemarthrosis,Hémarthrose,hemartrosis,,,,Bleeding into the joints. It may arise from trauma or spontaneously in patients with hemophilia.,,,Diagnosis,N/A,,,,,,,,,,,,1029
117680AAAAAAAAAAAAAAAAAAAAAAAAAAAAAA,,Haemangioma,Hémangiome,hemangioma,,,,"An extremely common benign tumor, occurring most commonly in infancy and childhood, made up of newly formed blood vessels, and resulting from malformation of angioblastic tissue of fetal life. It can occur anywhere in the body but is most frequently noticed in the skin and subcutaneous tissues. About 75% are present at birth, and about 60% occur in the head and neck area. The majority in infancy will regress spontaneously. Some hemangiomas grow rapidly during the early months of life and may be a source of some concern, although virtually all disappear by about 5 years of age. They do not metastasize and simple excision will often be curative. (Dorland, 27th ed; from Stedman, 25th ed; DeVita Jr et al., Cancer: Principles & Practice of Oncology, 3d ed, p1355)",,,Diagnosis,N/A,,,,,,,,,,,,1030
117698AAAAAAAAAAAAAAAAAAAAAAAAAAAAAA,,Hearing loss,Perte auditive,pérdida auditiva,,,,"A condition in which the sense of hearing, although defective, is functional with or without a hearing aid. The hearing loss may affect one or both ears. The normal hearing level for speech is approximately 40-70 decibels I.S.O. (International Organization for Standardization) or 30-60 db A.S.A. (American Standards Association).",,,Diagnosis,N/A,,,,,,,,,,,,1031
117703AAAAAAAAAAAAAAAAAAAAAAAAAAAAAA,,Sickle-cell anemia,Anémie falciforme,anemia drepanocítica,,,,"A disease characterized by chronic hemolytic anemia, episodic painful crises, and pathologic involvement of many organs. It is the clinical expression of homozygosity for hemoglobin S.",,,Diagnosis,N/A,,,,,,,,,,,,1032
117711AAAAAAAAAAAAAAAAAAAAAAAAAAAAAA,,Hallux valgus,Hallux valgus,deformidad en valgo del primer dedo del pie,,,,"Lateral displacement of the great toe, producing deformity of the first metatarsophalangeal joint with callous, bursa, or bunion formation over the bony prominence.",,,Diagnosis,N/A,,,,,,,,,,,,1033
117746AAAAAAAAAAAAAAAAAAAAAAAAAAAAAA,,Gunshot wound,Blessure par balle,herida de arma de fuego,GSW,,,Disruption of structural continuity of the body as a result of the discharge of firearms.,,,Diagnosis,N/A,,,,,,,,,,,,1034
117762AAAAAAAAAAAAAAAAAAAAAAAAAAAAAA,,Gout,Goutte,Gout,,,,"Hereditary metabolic disorder characterized by recurrent acute arthritis, hyperuricemia and deposition of sodium urate in and around the joints, sometimes with formation of uric acid calculi.",,,Diagnosis,N/A,,,,,,,,,,,,1035
117767AAAAAAAAAAAAAAAAAAAAAAAAAAAAAA,,Gonorrhea,Gonorrhée,gonorrea,,,,,,,Diagnosis,N/A,,,,,,,,,,,,1036
117769AAAAAAAAAAAAAAAAAAAAAAAAAAAAAA,,Gonococcal arthritis,Arthrite gonococcique,infección articular gonocócica,,,,"Acute infectious disease characterized by primary invasion of the urogenital tract. The etiologic agent, NEISSERIA GONORRHOEAE, was isolated by Neisser in 1879.",,,Diagnosis,N/A,,,,,,,,,,,,1037
117772AAAAAAAAAAAAAAAAAAAAAAAAAAAAAA,,Goiter,Goitre,bocio,,,,"Swelling of the thyroid gland, mainly due to iodine deficiency",,,Diagnosis,N/A,,,,,,,,,,,,1038
117789AAAAAAAAAAAAAAAAAAAAAAAAAAAAAA,,Glaucoma,Glaucome,glaucoma,,,,"An ocular disease, occurring in many forms, having as its primary characteristics an unstable or a sustained increase in the intraocular pressure which the eye cannot withstand without damage to its structure or impairment of its function. The consequences of the increased pressure may be manifested in a variety of symptoms, depending upon type and severity, such as excavation of the optic disk, hardness of the eyeball, corneal anesthesia, reduced visual acuity, seeing of colored halos around lights, disturbed dark adaptation, visual field defects, and headaches. (Dictionary of Visual Science, 4th ed)",,,Diagnosis,N/A,,,,,,,,,,,,1039
117796AAAAAAAAAAAAAAAAAAAAAAAAAAAAAA,,Gingival recession,Recession gingivale,recesión gingival,,,,The exposure of root surface by an apical shift in the position of the gingiva.,,,Diagnosis,N/A,,,,,,,,,,,,1040
117829AAAAAAAAAAAAAAAAAAAAAAAAAAAAAA,,Genital herpes,Herpès génital,herpes simple genital,,,,Herpes simplex of the genitals.,,,Diagnosis,N/A,,,,,,,,,,,,1041
117863AAAAAAAAAAAAAAAAAAAAAAAAAAAAAA,,Gender identity disorder,Trouble de l'identité sexuelle,trastorno de la identidad sexual,,,,,,,Diagnosis,N/A,,,,,,,,,,,,1042
117889AAAAAAAAAAAAAAAAAAAAAAAAAAAAAA,,Gastroenteritis,Gastro entérite,Gastroenteritis,,,,"Inflammation of the lining of the stomach and intestines, often accompanied by diarrhea.",,,Diagnosis,N/A,,,,,,,,,,,,1043
117902AAAAAAAAAAAAAAAAAAAAAAAAAAAAAA,,Gastric ulcer with hemorrhage,,úlcera gástrica con hemorragia,,,,Bleeding from a peptic ulcer.,,,Diagnosis,N/A,,,,,,,,,,,,1044
117903AAAAAAAAAAAAAAAAAAAAAAAAAAAAAA,Yes,Bleeding stomach ulcer,,úlcera gástrica con hemorragia (duplicate),,,,,,,Diagnosis,N/A,,,,,,,,,,,,1045
117905AAAAAAAAAAAAAAAAAAAAAAAAAAAAAA,,Gastric ulcer,Ulcère de l'estomac,úlcera gástrica,GUD,,,,,,Diagnosis,N/A,,,,,,,,,,,,1046
117947AAAAAAAAAAAAAAAAAAAAAAAAAAAAAA,,Functional disorder of intestine,Troubles fonctionnels de l'intestin,trastorno funcional del intestino,,,,,,,Diagnosis,N/A,,,,,,,,,,,,1047
117969AAAAAAAAAAAAAAAAAAAAAAAAAAAAAA,,Fracture of spinal vertebra,Fracture du rachis,fractura de la columna vertebral,,,,Broken bones in the vertebral column.,,,Diagnosis,N/A,,,,,,,,,,,,1048
117975AAAAAAAAAAAAAAAAAAAAAAAAAAAAAA,,Fracture of upper end of tibia,Fracture de l'extrémité supérieure du tibia,fractura del extremo superior de la tibia,,,,,,,Diagnosis,N/A,,,,,,,,,,,,1049
117978AAAAAAAAAAAAAAAAAAAAAAAAAAAAAA,,Proximal humeral fracture,Fracture de l'extrémité supérieure de l'humérus,fractura del extremo superior del húmero,,,,"Fractures of the proximal humerus, including the head, anatomic and surgical necks, and tuberosities.",,,Diagnosis,N/A,,,,,,,,,,,,1050
117986AAAAAAAAAAAAAAAAAAAAAAAAAAAAAA,,Fracture of breast bone,Fracture du sternum,fractura del esternón,,,,Fractures in which the break in bone is not accompanied by an external wound.,,,Diagnosis,N/A,,,,,,,,,,,,1051
117993AAAAAAAAAAAAAAAAAAAAAAAAAAAAAA,,Fracture of shaft of tibia,Fracture de la diaphyse du tibia,fractura de la diáfisis de la tibia,,,,,,,Diagnosis,N/A,,,,,,,,,,,,1052
118001AAAAAAAAAAAAAAAAAAAAAAAAAAAAAA,,Fracture of scapula,Fracture de l'omoplate,fractura del omóplato,,,,,,,Diagnosis,N/A,,,,,,,,,,,,1053
118012AAAAAAAAAAAAAAAAAAAAAAAAAAAAAA,,Fracture of toe,Fracture de l'orteil,fractura de la falange del pie,,,,,,,Diagnosis,N/A,,,,,,,,,,,,1054
118014AAAAAAAAAAAAAAAAAAAAAAAAAAAAAA,,Fracture of pelvis,Fracture du bassin,fractura de la pelvis,,,,Fracture of the lower end of the radius in which the lower fragment is displaced posteriorly.,,,Diagnosis,N/A,,,,,,,,,,,,1055
118016AAAAAAAAAAAAAAAAAAAAAAAAAAAAAA,,Patella fracture,Fracture de la rotule,fractura de la rótula,,,,,,,Diagnosis,N/A,,,,,,,,,,,,1056
118025AAAAAAAAAAAAAAAAAAAAAAAAAAAAAA,,Fracture of multiple ribs,Fractures multiples de côtes,fractura de múltiples costillas,,,,,,,Diagnosis,N/A,,,,,,,,,,,,1057
118039AAAAAAAAAAAAAAAAAAAAAAAAAAAAAA,,Forearm fracture,Fracture de l'avant-bras,fractura del antebrazo,,,,Fractures of the larger bone of the forearm.,,,Diagnosis,N/A,,,,,,,,,,,,1058
118040AAAAAAAAAAAAAAAAAAAAAAAAAAAAAA,,Fracture of foot,Fracture du pied,fractura del pie,,,,General or unspecified injuries involving the foot.,,,Diagnosis,N/A,,,,,,,,,,,,1059
118044AAAAAAAAAAAAAAAAAAAAAAAAAAAAAA,,Fibula fracture,Fracture du péroné seul,fractura del peroné,,,,,,,Diagnosis,N/A,,,,,,,,,,,,1060
118047AAAAAAAAAAAAAAAAAAAAAAAAAAAAAA,,Fracture of lower end of humerus,Fracture de l'extrémité inférieure de l'humérus,fractura del extremo distal del húmero,,,,,,,Diagnosis,N/A,,,,,,,,,,,,1061
118048AAAAAAAAAAAAAAAAAAAAAAAAAAAAAA,,Fracture of clavicle,Fracture de la clavicule,fractura de la clavícula,,,,,,,Diagnosis,N/A,,,,,,,,,,,,1062
118050AAAAAAAAAAAAAAAAAAAAAAAAAAAAAA,,Fracture of cervical vertebra,Fracture du cou,fractura de la columna vertebral cervical,,,,Broken bones in the vertebral column.,,,Diagnosis,N/A,,,,,,,,,,,,1063
118072AAAAAAAAAAAAAAAAAAAAAAAAAAAAAA,,Foreign object left in body during procedure,Corps étranger accidentellement laissé dans l'organisme au cours d'actes médicaux et chirurgicaux,cuerpo extraño dejado en el cuerpo durante procedimiento,,,,,,,Diagnosis,N/A,,,,,,,,,,,,1064
118120AAAAAAAAAAAAAAAAAAAAAAAAAAAAAA,,Folliculitis decalvans,Folliculite decalvante,foliculitis decalvante,,,,,,,Diagnosis,N/A,,,,,,,,,,,,1065
118176AAAAAAAAAAAAAAAAAAAAAAAAAAAAAA,,Fibrous dysplasia of bone,,displasia fibrosa del hueso,Fibrous dysplasia,,,"A disease of bone marked by thinning of the cortex and replacement of bone marrow by gritty fibrous tissue containing bony spicules, producing pain, disability, and gradually increasing deformity. Only one bone may be involved (FIBROUS DYSPLASIA, MONOSTOTIC) or several (FIBROUS DYSPLASIA, POLYOSTOTIC). (From Dorland, 28th ed)",,,Diagnosis,N/A,,,,,,,,,,,,1066
118189AAAAAAAAAAAAAAAAAAAAAAAAAAAAAA,,Diffuse cystic mastopathy,Mastopathie kystique diffuse,enfermedad fibroquística de la mama,,,,A chronic disorder comprising three variants which range from lesions consisting primarily of an overgrowth of fibrous tissue to those characterized by dominance of the proliferation of the epithelial parenchyma to a form of dysplasia characterized by both stromal and epithelial hyperplasia with the formation of cysts.,,,Diagnosis,N/A,,,,,,,,,,,,1067
118245AAAAAAAAAAAAAAAAAAAAAAAAAAAAAA,,Fetal growth restriction,Retard de croissance intra-utérin,retardo del crecimiento fetal,,,,The failure of a fetus to attain its expected growth potential at any gestational stage.,,,Diagnosis,N/A,,,,,,,,,,,,1068
118246AAAAAAAAAAAAAAAAAAAAAAAAAAAAAA,,Poor fetal growth,Retard de croissance fœtale,retardo del crecimiento fetal leve,,,,,,,Diagnosis,N/A,,,,,,,,,,,,1069
118256AAAAAAAAAAAAAAAAAAAAAAAAAAAAAA,,Fetal distress,Souffrance fœtale aiguë (SFA),sufrimiento fetal,,,,Adverse or threatening condition of the fetus identified by fetal bradycardia or tachycardia and passage of meconium in vertex presentation.,,,Diagnosis,N/A,,,,,,,,,,,,1070
118289AAAAAAAAAAAAAAAAAAAAAAAAAAAAAA,,Femoral hernia,Hernie crurale,hernia femoral,,,,Abnormal protrusion of the intestine into the femoral canal.,,,Diagnosis,N/A,,,,,,,,,,,,1071
118293AAAAAAAAAAAAAAAAAAAAAAAAAAAAAA,,Female infertility,Stérilité de la femme,infertilidad femenina,,,,Diminished or absent ability of a female to achieve conception.,,,Diagnosis,N/A,,,,,,,,,,,,1072
118350AAAAAAAAAAAAAAAAAAAAAAAAAAAAAA,,Fall,Chute,caída,,,,Falls due to slipping or tripping which result in injury.,,,Diagnosis,Boolean,,,,,,,,,,,,1073
118353AAAAAAAAAAAAAAAAAAAAAAAAAAAAAA,,Falciparum malaria,Paludisme à plasmodium Falciparum,paludismo por Plasmodium falciparum,,,,"Malaria caused by PLASMODIUM FALCIPARUM. This is the severest form of malaria and is associated with the highest levels of parasites in the blood. This disease is characterized by irregularly recurring febrile paroxysms that in extreme cases occur with acute cerebral, renal, or gastrointestinal manifestations.",Paludisme Falciparum,,Diagnosis,N/A,,,,,,,,,,,,1074
118364AAAAAAAAAAAAAAAAAAAAAAAAAAAAAA,,Failed trial of labour,Echec de l'épreuve de travail,ensayo del trabajo de parto fracasado,,,,,,,Diagnosis,N/A,,,,,,,,,,,,1075
118377AAAAAAAAAAAAAAAAAAAAAAAAAAAAAA,,Factitious illness,Trouble factice,trastorno facticio,,,,"Disorders characterized by physical or psychological symptoms that are not real, genuine, or natural.",,,Diagnosis,N/A,,,,,,,,,,,,1076
118478AAAAAAAAAAAAAAAAAAAAAAAAAAAAAA,,Sialorrhea,Hypersialorrheé,sialorrea,,,,Increased salivary flow.,,,Diagnosis,N/A,,,,,,,,,,,,1077
118483AAAAAAAAAAAAAAAAAAAAAAAAAAAAAA,,Polyphagia,Polyphagie,ingestión excesiva - polifagia,,,,"Reflux of gastric juice and/or duodenal contents (bile acids, pancreatic juice) into the distal esophagus, commonly due to incompetence of the lower esophageal sphincter. Gastric regurgitation is an extension of this process with entry of fluid into the pharynx or mouth.",,,Diagnosis,N/A,,,,,,,,,,,,1078
118510AAAAAAAAAAAAAAAAAAAAAAAAAAAAAA,,Oesophagitis,Oesphagites,esofagitis,,,,"Inflammation, acute or chronic, of the esophagus caused by bacteria, chemicals, or trauma.",,,Diagnosis,N/A,,,,,,,,,,,,1079
118536AAAAAAAAAAAAAAAAAAAAAAAAAAAAAA,,Erythema,Érythème,eritema,,,,,,,Diagnosis,N/A,,,,,,,,,,,,1080
118557AAAAAAAAAAAAAAAAAAAAAAAAAAAAAA,,Epileptic seizure,Crise d'épilepsie,Convulsión epiléptica,,,,"A disorder characterized by recurrent episodes of paroxysmal brain dysfunction due to a sudden, disorderly, and excessive neuronal discharge. Epilepsy classification systems are generally based upon: (1) clinical features of the seizure episodes (e.g., motor seizure), (2) etiology (e.g., post-traumatic), (3) anatomic site of seizure origin (e.g., frontal lobe seizure), (4) tendency to spread to other structures in the brain, and (5) temporal patterns (e.g., nocturnal epilepsy). (From Adams et al., Principles of Neurology, 6th ed, p313)",,,Diagnosis,N/A,,,,,,,,,,,,1081
118629AAAAAAAAAAAAAAAAAAAAAAAAAAAAAA,,Endometriosis of uterus,Endométriose de l'utérus,endometriosis del útero,,,,A condition in which tissue more or less perfectly resembling the uterine mucous membrane (the endometrium) and containing typical endometrial granular and stromal elements occurs aberrantly in various locations in the pelvic cavity.,,,Diagnosis,N/A,,,,,,,,,,,,1082
118631AAAAAAAAAAAAAAAAAAAAAAAAAAAAAA,,Endometriosis,Endométriose,endometriosis (trastorno clínico),,,,A condition in which tissue more or less perfectly resembling the uterine mucous membrane (the endometrium) and containing typical endometrial granular and stromal elements occurs aberrantly in various locations in the pelvic cavity.,,,Diagnosis,N/A,,,,,,,,,,,,1083
118644AAAAAAAAAAAAAAAAAAAAAAAAAAAAAA,,Endemic goiter,Goitre endémique,bocio endémico,,,,Enlargement of the thyroid gland.,,,Diagnosis,N/A,,,,,,,,,,,,1084
118647AAAAAAAAAAAAAAAAAAAAAAAAAAAAAA,,"Chronic renal insufficiency, stage V","Insuffisance rénale chronique, scène V",insuficiencia renal en estadio terminal,,,,,,,Diagnosis,N/A,,,,,,,,,,,,1085
118661AAAAAAAAAAAAAAAAAAAAAAAAAAAAAA,,Dental caries limited to enamel,Carie limitée à l'émail,caries del esmalte,,,,"Localized destruction of the tooth surface initiated by decalcification of the enamel followed by enzymatic lysis of organic structures and leading to cavity formation. If left unchecked, the cavity may penetrate the enamel and dentin and reach the pulp. The three most prominent theories used to explain the etiology of the disase are that acids produced by bacteria lead to decalcification; that micro-organisms destroy the enamel protein; or that keratolytic micro-organisms produce chelates that lead to decalcification.",,,Diagnosis,N/A,,,,,,,,,,,,1086
118678AAAAAAAAAAAAAAAAAAAAAAAAAAAAAA,,Elective mutism,Mutisme sélectif,mutismo electivo,,,,"The inability to generate oral-verbal expression, despite normal comprehension of speech. This may be associated with BRAIN DISEASES or MENTAL DISORDERS. Organic mutism may be associated with damage to the FRONTAL LOBE; BRAIN STEM; THALAMUS; and CEREBELLUM. Selective mutism is a psychological condition that usually affects children characterized by continuous refusal to speak in social situations by a child who is able and willing to speak to selected persons. Kussmal aphasia refers to mutism in psychosis. (From Fortschr Neurol Psychiatr 1994; 62(9):337-44)",,,Diagnosis,N/A,,,,,,,,,,,,1087
118697AAAAAAAAAAAAAAAAAAAAAAAAAAAAAA,,Effusion of joint,Epanchement articulaire,derrame articular,,,,"Accumulation of watery fluid in the cavity of a joint. (Dorland, 27th ed)",,,Diagnosis,N/A,,,,,,,,,,,,1088
118738AAAAAAAAAAAAAAAAAAAAAAAAAAAAAA,,"Eclampsia, antepartum","Eclampsie, antepartum",Eclampsia durante el embarazo,,,,,,,Diagnosis,N/A,,,,,,,,,,,,1089
118744AAAAAAAAAAAAAAAAAAAAAAAAAAAAAA,,Eclampsia,Eclampsie,Eclampsia,,,,Onset of convulsions or coma in a previously diagnosed pre-eclamptic patient.,,,Diagnosis,N/A,,,,,,,,,,,,1090
118764AAAAAAAAAAAAAAAAAAAAAAAAAAAAAA,,Eating disorder,Troubles de l'alimentation,trastorno de la conducta alimentaria,,,,A group of disorders characterized by physiological and psychological disturbances in appetite or food intake.,,,Diagnosis,N/A,,,,,,,,,,,,1091
118769AAAAAAAAAAAAAAAAAAAAAAAAAAAAAA,,Early congenital syphilis,Syphilis congenitale precoce,"sífilis congénita temprana, (menos de 2 años)",,,,Syphilis acquired in utero and manifested by any of several characteristic tooth (Hutchinson's teeth) or bone malformations and by active mucocutaneous syphilis at birth or shortly thereafter. Ocular and neurologic changes may also occur.,,,Diagnosis,N/A,,,,,,,,,,,,1092
118771AAAAAAAAAAAAAAAAAAAAAAAAAAAAAA,,Dysuria,Dysurie,disuria,,,,,,,Diagnosis,N/A,,,,,,,,,,,,1093
118772AAAAAAAAAAAAAAAAAAAAAAAAAAAAAA,,Voiding pain,Douleur à la miction,dolor al orinar,,,,,,,Diagnosis,N/A,,,,,,,,,,,,1094
118773AAAAAAAAAAAAAAAAAAAAAAAAAAAAAA,,Dystonia,Dystonie,distonía,,,,,,,Diagnosis,N/A,,,,,,,,,,,,1095
118779AAAAAAAAAAAAAAAAAAAAAAAAAAAAAA,,Dysthymic disorder,Dysthymie,distimia,,,,"Chronically depressed mood that occurs for most of the day more days than not for at least 2 years. The required minimum duration in children to make this diagnosis is 1 year. During periods of depressed mood, at least 2 of the following additional symptoms are present: poor appetite or overeating, insomnia or hypersomnia, low energy or fatigue, low self esteem, poor concentration or difficulty making decisions, and feelings of hopelessness. (DSM-IV)",,,Diagnosis,N/A,,,,,,,,,,,,1096
118788AAAAAAAAAAAAAAAAAAAAAAAAAAAAAA,,Dysphasia due to cerebrovascular disease,Dysphasie à cause de une maladie cérébrovasculaire,disfasia,,,,,,,Diagnosis,N/A,,,,,,,,,,,,1097
118789AAAAAAAAAAAAAAAAAAAAAAAAAAAAAA,,Dysphagia,Dysphagie,disfagia,,,,Difficulty in swallowing.,,,Diagnosis,N/A,,,,,,,,,,,,1098
118821AAAAAAAAAAAAAAAAAAAAAAAAAAAAAA,,Duodenal ulcer,Ulcère du duodénum,enfermedad ulcerosa del duodeno,,,,,,,Diagnosis,N/A,,,,,,,,,,,,1099
118829AAAAAAAAAAAAAAAAAAAAAAAAAAAAAA,,Drug-induced psychotic disorder,Trouble psychotique induit par une substance/medicament,psicosis inducida por fármacos,,,,Psychotic organic mental disorders resulting from the toxic effect of drugs and chemicals or other harmful substance.,,,Diagnosis,N/A,,,,,,,,,,,,1100
118872AAAAAAAAAAAAAAAAAAAAAAAAAAAAAA,,Alteration of sensation,Altération de la sensation,trastorno de la percepción sensitiva,,,,"Disorders of the special senses (i.e., vision, hearing, taste, and smell) or somatosensory system (i.e., afferent components of the peripheral nervous system).",,,Diagnosis,N/A,,,,,,,,,,,,1101
118876AAAAAAAAAAAAAAAAAAAAAAAAAAAAAA,,Alteration of consciousness,Altération de la conscience,alteración de la consciencia,,,,Organic mental disorders in which there is impairment of the ability to maintain awareness of self and environment and to respond to environmental stimuli. Dysfunction of the cerebral hemispheres or brain stem RETICULAR FORMATION may result in this condition.,,,Diagnosis,N/A,,,,,,,,,,,,1102
118877AAAAAAAAAAAAAAAAAAAAAAAAAAAAAA,,Decreased consciousness,Niveau de conscience réduite,alteración de la consciencia (duplicate),,,,,,,Diagnosis,N/A,,,,,,,,,,,,1103
118883AAAAAAAAAAAAAAAAAAAAAAAAAAAAAA,,Dissociative disorder,Trouble dissociatif (de conversion),trastorno disociativo,,,,"State in which an individual perceives or experiences a sensation of unreality concerning the self or the environment; it is seen in disorders such as schizophrenia, affection disorders, organic mental disorders, and personality disorders. (APA, Thesaurus of Psychological Index Terms, 8th ed.)",,,Diagnosis,N/A,,,,,,,,,,,,1104
118890AAAAAAAAAAAAAAAAAAAAAAAAAAAAAA,,Disseminated tuberculosis,Tuberculose diseminee,tuberculosis diseminada,,,,An acute form of TUBERCULOSIS in which minute tubercles are formed in a number of organs of the body due to dissemination of the bacilli through the blood stream.,,,Diagnosis,N/A,,,,,,,,,,,,1105
118905AAAAAAAAAAAAAAAAAAAAAAAAAAAAAA,,Disruptive behavior disorder,Trouble disruptif,trastorno de comportamiento perturbador,,,,"A repetitive and persistent pattern of behavior in which the basic rights of others or major age-appropriate societal norms or rules are violated. These behaviors include aggressive conduct that causes or threatens physical harm to other people or animals, nonagressive conduct that causes property loss or damage, deceitfulness or theft, and serious violations of rules. The onset is before age 18. (From DSM-IV, 1994)",,,Diagnosis,N/A,,,,,,,,,,,,1106
118906AAAAAAAAAAAAAAAAAAAAAAAAAAAAAA,,Conduct disorder of unspecified onset,Trouble des conduites d'apparition indéterminée,trastorno de comportamiento perturbador (duplicate),,,,,,,Diagnosis,N/A,,,,,,,,,,,,1107
118938AAAAAAAAAAAAAAAAAAAAAAAAAAAAAA,,Vision Problem,Troubles visuels,trastorno de la visión,,,,DEF: Disturbance of vision,,,Diagnosis,N/A,,,,,,,,,,,,1108
118951AAAAAAAAAAAAAAAAAAAAAAAAAAAAAA,,Disorder of urinary tract,Affection de l'appareil urinaire,trastorno de las vías urinarias,,,,Diseases of the urinary tract in both male and female. It does not include the male genitalia for which UROGENITAL DISEASES is used for general discussions of diseases of both the urinary tract and the genitalia.,,,Diagnosis,N/A,,,,,,,,,,,,1109
118970AAAAAAAAAAAAAAAAAAAAAAAAAAAAAA,,Disorder of tongue,Maladies de la langue,trastorno de la lengua,,,,,,,Diagnosis,N/A,,,,,,,,,,,,1110
118976AAAAAAAAAAAAAAAAAAAAAAAAAAAAAA,,Disorder of thyroid,Maladie thyroidienne,trastorno de la glándula tiroides,,,,,,,Diagnosis,N/A,,,,,,,,,,,,1111
118983AAAAAAAAAAAAAAAAAAAAAAAAAAAAAA,,Peripheral neuropathy,Neuropathie peripherique,Enfermedad de nervio periférico,,,,,,,Diagnosis,Coded,,,,,,,,,,,,1112
119019AAAAAAAAAAAAAAAAAAAAAAAAAAAAAA,,Disorder of skin and subcutaneous tissue,Affection de la peau et du tissu sous cutane,trastorno de la piel Y/O del tejido celular subcutáneo,,,,,,,Diagnosis,N/A,,,,,,,,,,,,1113
119022AAAAAAAAAAAAAAAAAAAAAAAAAAAAAA,,Skin disorder,Dermatose,trastorno de la piel,,,,,,,Diagnosis,N/A,,,,,,,,,,,,1114
119029AAAAAAAAAAAAAAAAAAAAAAAAAAAAAA,Yes,Muscle Stiffiness,,trastorno de músculo esquelético,,,,,,,Diagnosis,N/A,,,,,,,,,,,,1115
119089AAAAAAAAAAAAAAAAAAAAAAAAAAAAAA,,Disorder of peritoneum,Maladie du péritoine,trastorno del peritoneo,,,,Conditions or disorders affecting the PERITONEUM.,,,Diagnosis,N/A,,,,,,,,,,,,1116
119112AAAAAAAAAAAAAAAAAAAAAAAAAAAAAA,,Disorder of nervous system,Trouble neurologique,trastorno del sistema nervioso,,,,"Diseases of the central and peripheral nervous system. This includes disorders of the brain, spinal cord, cranial nerves, peripheral nerves, nerve roots, autonomic nervous system, neuromuscular junction, and muscle.",,,Diagnosis,N/A,,,,,,,,,,,,1117
119117AAAAAAAAAAAAAAAAAAAAAAAAAAAAAA,,Disease of nail,Maladies des ongles,trastorno de la uña,,,,Diseases of the nail plate and tissues surrounding it. The concept is limited to primates.,,,Diagnosis,N/A,,,,,,,,,,,,1118
119125AAAAAAAAAAAAAAAAAAAAAAAAAAAAAA,,Menstrual disorder,Menstrual disorder,trastorno menstrual,,,,Variations of menstruation which may be indicative of disease.,,,Diagnosis,N/A,,,,,,,,,,,,1119
119137AAAAAAAAAAAAAAAAAAAAAAAAAAAAAA,,Disease of lung,Pneumopathie,trastorno de pulmón,,,,"A form of bronchial disorder associated with airway obstruction, marked by recurrent attacks of paroxysmal dyspnea, with wheezing due to spasmodic contraction of the bronchi.",,,Diagnosis,N/A,,,,,,,,,,,,1120
119149AAAAAAAAAAAAAAAAAAAAAAAAAAAAAA,,Disorder of ligament,Lesion ligamentaire,trastorno de ligamento,,,,,,,Diagnosis,N/A,,,,,,,,,,,,1121
119175AAAAAAAAAAAAAAAAAAAAAAAAAAAAAA,,Disorder of intestine,Entéropathie,trastorno del intestino,,,,Disease of the gastrointestinal tract.,,,Diagnosis,N/A,,,,,,,,,,,,1122
119183AAAAAAAAAAAAAAAAAAAAAAAAAAAAAA,,Disease of hard tissues of teeth,Maladies non spécifiques des tissus durs,trastorno de los tejidos duros de los dientes,,,,,,,Diagnosis,N/A,,,,,,,,,,,,1123
119216AAAAAAAAAAAAAAAAAAAAAAAAAAAAAA,,Disorder of eyelid,Trouble de la paupière,trastorno del párpado,,,,,,,Diagnosis,N/A,,,,,,,,,,,,1124
119235AAAAAAAAAAAAAAAAAAAAAAAAAAAAAA,,Endocrine disorder,Anomalie endocrinienne,trastorno de las gónadas endocrinas,,,,,,,Diagnosis,N/A,,,,,,,,,,,,1125
119270AAAAAAAAAAAAAAAAAAAAAAAAAAAAAA,,Cardiovascular disease,Maladie cardiovasculaire,trastorno del aparato cardiovascular,,,,"DEF: Disease of the cardiovascular system, that is, the heart and blood vessels.",,,Diagnosis,Coded,,,,,,,,,,,,1126
119279AAAAAAAAAAAAAAAAAAAAAAAAAAAAAA,,Disorder of bursa,Affection de bourse séreuse,trastorno de bolsas serosas,,,,,,,Diagnosis,N/A,,,,,,,,,,,,1127
119288AAAAAAAAAAAAAAAAAAAAAAAAAAAAAA,,Encephalopathy,Encéphalopathie,trastorno del encéfalo,,,,"Cognitive disorders including delirium, dementia, and other cognitive disorders. These may be the result of substance use, trauma, or other causes.",,,Diagnosis,N/A,,,,,,,,,,,,1128
119296AAAAAAAAAAAAAAAAAAAAAAAAAAAAAA,,Disorder of biliary tract,,trastorno del tracto biliar,,,,,,,Diagnosis,N/A,,,,,,,,,,,,1129
119343AAAAAAAAAAAAAAAAAAAAAAAAAAAAAA,,Dislocation of cervical vertebra,Luxation d'une vertèbre cervicale,luxación de vértebra cervical,,,,,,,Diagnosis,N/A,,,,,,,,,,,,1130
119354AAAAAAAAAAAAAAAAAAAAAAAAAAAAAA,,Filariasis,Filariose,enfermedad causada por la superfamilia Filarioidea,,,,"Infections with nematodes of the superfamily FILARIOIDEA. The presence of living worms in the body is mainly asymptomatic but the death of adult worms leads to granulomatous inflammation and permanent fibrosis. Organisms of the genus Elaeophora infect wild elk and domestic sheep causing ischaemic necrosis of the brain, blindness, and dermatosis of the face.",,,Diagnosis,N/A,,,,,,,,,,,,1131
119356AAAAAAAAAAAAAAAAAAAAAAAAAAAAAA,,Hookworm disease,Ankylostomiase,enfermedad causada por la superfamilia Ancylostomatoidea,,,,"Infection of humans or animals with hookworms other than those caused by the genus Ancylostoma or Necator, for which the specific terms ANCYLOSTOMIASIS and NECATORIASIS are available.",,,Diagnosis,N/A,,,,,,,,,,,,1132
119387AAAAAAAAAAAAAAAAAAAAAAAAAAAAAA,,Infestation,Infestation,enfermedad parasitaria,,,,"Infections or infestations with parasitic organisms. They are often contracted through contact with an intermediate vector, but may occur as the result of direct exposure.",,,Diagnosis,N/A,,,,,,,,,,,,1133
119394AAAAAAAAAAAAAAAAAAAAAAAAAAAAAA,,Transposition of great vessels,Transposition des gros vaisseaux,conexión ventriculoarterial discordante,,,,"A congenital cardiovascular malformation in which the aorta arises entirely from the right ventricle and the pulmonary artery from the left ventricle, so that the venous return from the peripheral circulation is recirculated by the right ventricle via the aorta to the systemic circulation without being oxygenated in the lungs.",,,Diagnosis,N/A,,,,,,,,,,,,1134
119399AAAAAAAAAAAAAAAAAAAAAAAAAAAAAA,,Diphtheria,Diphtérie,difteria,,,,"A localized infection of mucous membranes or skin caused by toxigenic strains of CORYNEBACTERIUM DIPHTHERIAE. It is characterized by the presence of a pseudomembrane at the site of infection. DIPHTHERIA TOXIN, produced by C. diphtheriae, can cause myocarditis, polyneuritis, and other systemic toxic effects.",,,Diagnosis,N/A,,,,,,,,,,,,1135
119418AAAAAAAAAAAAAAAAAAAAAAAAAAAAAA,,Diffuse axonal brain injury,Lésion traumatique cérébrale diffuse,lesión cerebral difusa,,,,"Acute and chronic (see also BRAIN INJURIES, CHRONIC) injuries to the brain, including the cerebral hemispheres, CEREBELLUM, and BRAIN STEM. Clinical manifestations depend on the nature of injury. Diffuse trauma to the brain is frequently associated with DIFFUSE AXONAL INJURY or COMA, POST-TRAUMATIC. Localized injuries may be associated with NEUROBEHAVIORAL MANIFESTATIONS; HEMIPARESIS, or other focal neurologic deficits.",,,Diagnosis,N/A,,,,,,,,,,,,1136
119420AAAAAAAAAAAAAAAAAAAAAAAAAAAAAA,,Dysphonia,Trouble de la phonation,dificultad para hablar,,,,"Disorders of voice pitch, loudness, or quality. Dysphonia refers to impaired utterance of sounds by the vocal folds.",,,Diagnosis,N/A,,,,,,,,,,,,1137
119441AAAAAAAAAAAAAAAAAAAAAAAAAAAAAA,,Diabetic ketoacidosis,Diabete avec acidocetose,cetoacidosis diabética,,,,Complication of diabetes resulting from severe insulin deficiency coupled with an absolute or relative increase in glucagon concentration. The metabolic acidosis is caused by the breakdown of adipose stores and resulting increased levels of free fatty acids. Glucagon accelerates the oxidation of the free fatty acids producing excess ketone bodies (ketosis).,,,Diagnosis,N/A,,,,,,,,,,,,1138
119457AAAAAAAAAAAAAAAAAAAAAAAAAAAAAA,,Type II diabetes mellitus with peripheral circulatory disorder,Diabète sucré non insulino-dépendant (Type 2) avec complications vasculaires périphériques,trastorno circulatorio periférico asociado con diabetes mellitus tipo 2,,,,Diabetes characterized by the ability to survive without ketoacidosis in the absence of insulin therapy. It is usually of slow onset and patients exhibit a tendency to obesity.,,,Diagnosis,N/A,,,,,,,,,,,,1139
119476AAAAAAAAAAAAAAAAAAAAAAAAAAAAAA,,Diabetes with pregnancy,Diabète avec la grossesse,"diabetes mellitus durante el embarazo, el parto y el puerperio",,,,,,,Diagnosis,N/A,,,,,,,,,,,,1140
119481AAAAAAAAAAAAAAAAAAAAAAAAAAAAAA,,Diabetes mellitus,Diabète mellitus,Diabetes mellitus,,,,A heterogeneous group of disorders that share glucose intolerance in common.,,,Diagnosis,Coded,,,,,,,,,,,,1141
119483AAAAAAAAAAAAAAAAAAAAAAAAAAAAAA,,Developmental speech disorder,Trouble du développement de la parole,trastorno del desarrollo del habla,,,,"Conditions characterized by language abilities (comprehension and expression of speech and writing) that are below the expected level for a given age, generally in the absence of an intellectual impairment. These conditions may be associated with DEAFNESS; BRAIN DISEASES; MENTAL DISORDERS; or environmental factors.",,,Diagnosis,N/A,,,,,,,,,,,,1142
119487AAAAAAAAAAAAAAAAAAAAAAAAAAAAAA,,Developmental expressive writing disorder,Trouble de l'acquisition de l'expression écrite,trastorno del desarrollo de la expresión escrita,,,,,,,Diagnosis,N/A,,,,,,,,,,,,1143
119508AAAAAAAAAAAAAAAAAAAAAAAAAAAAAA,,Dermatophytosis,Dermatophytose,dermatofitosis,,,,,,,Diagnosis,N/A,,,,,,,,,,,,1144
119514AAAAAAAAAAAAAAAAAAAAAAAAAAAAAA,,Dermatitis herpetiformis,Dermatite herpetiforme,dermatitis herpetiforme,,,,"Rare, chronic, papulo-vesicular disease characterized by an intensely pruritic eruption consisting of various combinations of symmetrical, erythematous, papular, vesicular, or bullous lesions. The disease is strongly associated with the presence of HLA-B8 and HLA-DR3 antigens. A variety of different autoantibodies has been detected in small numbers in patients with dermatitis herpetiformis.",,,Diagnosis,N/A,,,,,,,,,,,,1145
119525AAAAAAAAAAAAAAAAAAAAAAAAAAAAAA,,Fungal skin infection,Mycose cutanée,micosis dérmica,,,,Superficial infections of the skin or its appendages by any of various fungi.,,,Diagnosis,N/A,,,,,,,,,,,,1146
119533AAAAAAAAAAAAAAAAAAAAAAAAAAAAAA,,Lack of food,Manque de nourriture,privación de alimento,,,,"Lengthy and continuous deprivation of food. (Stedman, 25th ed)",,,Diagnosis,N/A,,,,,,,,,,,,1147
119537AAAAAAAAAAAAAAAAAAAAAAAAAAAAAA,,Depression,Dépression,trastornos depresivos,,,,,,,Diagnosis,N/A,,,,,,,,,,,,1148
119544AAAAAAAAAAAAAAAAAAAAAAAAAAAAAA,,Substance Addiction,Toxicomanie	,drogadependencia,,,,"Disorders related to substance abuse, the side effects of a medication, toxin exposure, and ALCOHOL-RELATED DISORDERS.",,,Diagnosis,N/A,,,,,,,,,,,,1149
119558AAAAAAAAAAAAAAAAAAAAAAAAAAAAAA,,Dental caries,Carie dentaire,caries dental,,,,"Localized destruction of the tooth surface initiated by decalcification of the enamel followed by enzymatic lysis of organic structures and leading to cavity formation. If left unchecked, the cavity may penetrate the enamel and dentin and reach the pulp. The three most prominent theories used to explain the etiology of the disase are that acids produced by bacteria lead to decalcification; that micro-organisms destroy the enamel protein; or that keratolytic micro-organisms produce chelates that lead to decalcification.",,,Diagnosis,N/A,,,,,,,,,,,,1150
119566AAAAAAAAAAAAAAAAAAAAAAAAAAAAAA,,Dementia,Démence,demencia,,,,,,,Diagnosis,N/A,,,,,,,,,,,,1151
119570AAAAAAAAAAAAAAAAAAAAAAAAAAAAAA,,Delusional disorder,Trouble délirant,trastorno delirante,,,,"A chronic form of schizophrenia characterized primarily by the presence of persecutory or grandiose delusions, often associated with hallucination.",,,Diagnosis,N/A,,,,,,,,,,,,1152
119574AAAAAAAAAAAAAAAAAAAAAAAAAAAAAA,,Delirium,Délire,delirio,,,,"A disorder characterized by CONFUSION; inattentiveness; disorientation; ILLUSIONS; HALLUCINATIONS; agitation; and in some instances autonomic nervous system overactivity. It may result from toxic/metabolic conditions or structural brain lesions. (From Adams et al., Principles of Neurology, 6th ed, pp411-2)",,,Diagnosis,N/A,,,,,,,,,,,,1153
119601AAAAAAAAAAAAAAAAAAAAAAAAAAAAAA,,Cerebral degeneration,Dégénérescence cérébrale,trastorno cerebral degenerativo,,,,"An acquired organic mental disorder with loss of intellectual abilities of sufficient severity to interfere with social or occupational functioning. The dysfunction is multifaceted and involves memory, behavior, personality, judgment, attention, spatial relations, language, abstract thought, and other executive functions. The intellectual decline is usually progressive, and initially spares the level of consciousness.",,,Diagnosis,N/A,,,,,,,,,,,,1154
119614AAAAAAAAAAAAAAAAAAAAAAAAAAAAAA,,Protein-calorie malnutrition,Malnutrition protéino-calorifique,deficiencia de macronutrientes,,,,"A syndrome produced by severe protein deficiency, characterized by retarded growth, changes in skin and hair pigment, edema, and pathologic changes in the liver, including fatty infiltration, necrosis, and fibrosis. The word is a local name in Gold Coast, Africa, meaning ""displaced child"". Although first reported from Africa, kwashiorkor is now known throughout the world, but mainly in the tropics and subtropics. It is considered to be related to marasmus. (From Dorland, 27th ed)",,,Diagnosis,N/A,,,,,,,,,,,,1155
119685AAAAAAAAAAAAAAAAAAAAAAAAAAAAAA,,Cystitis,Cystite,cistitis,,,,"Inflammation of the urinary bladder. (Dorland, 27th ed)",,,Diagnosis,N/A,,,,,,,,,,,,1156
119702AAAAAAAAAAAAAAAAAAAAAAAAAAAAAA,,Ovarian cyst,Kyste de l’ovaire,quiste ovárico,,,,General term for cysts and cystic diseases of the ovary.,,,Diagnosis,N/A,,,,,,,,,,,,1157
119706AAAAAAAAAAAAAAAAAAAAAAAAAAAAAA,,Cyclothymic disorder,Trouble cyclothymique,ciclotimia,,,,An affective disorder characterized by periods of depression and hypomania. These may be separated by periods of normal mood.,,,Diagnosis,N/A,,,,,,,,,,,,1158
119779AAAAAAAAAAAAAAAAAAAAAAAAAAAAAA,,History of allergy to milk products,Antécédents d'allergie aux produits laitiers,alergia a la leche de vaca,,,,,,,Diagnosis,N/A,,,,,,,,,,,,1159
119816AAAAAAAAAAAAAAAAAAAAAAAAAAAAAA,,Coronary heart disease,Coronaropathies,ateroesclerosis coronaria,,,,Disorder of cardiac function due to an imbalance between myocardial function and the capacity of the coronary vessels to supply sufficient flow for normal function. It is a form of MYOCARDIAL ISCHEMIA (insufficient blood supply to the heart muscle) caused by a decreased capacity of the coronary vessels.,,,Diagnosis,N/A,,,,,,,,,,,,1160
119844AAAAAAAAAAAAAAAAAAAAAAAAAAAAAA,,Convalescence,Convalescence après un traitement non précisé,convalecencia,,,,The period of recovery following an illness.,,,Diagnosis,N/A,,,,,,,,,,,,1161
119870AAAAAAAAAAAAAAAAAAAAAAAAAAAAAA,,Joint contracture,Contracture articulaire,contractura de una articulación,,,,,,,Diagnosis,N/A,,,,,,,,,,,,1162
119905AAAAAAAAAAAAAAAAAAAAAAAAAAAAAA,,Conjunctivitis,Conjonctivite,conjuntivitis,,,,"DEF: Inflammation of the conjunctiva, most commonly due to an allergic reaction or an infection. REF: {http://en.wikipedia.org/wiki/Conjunctivitis }",,,Diagnosis,N/A,,,,,,,,,,,,1163
119938AAAAAAAAAAAAAAAAAAAAAAAAAAAAAA,,Omphalocele,Omphalocèle,onfalocele congénito,,,,"The protrusion of part of the intestine at the umbilicus (Dorland, 27th ed).",,,Diagnosis,N/A,,,,,,,,,,,,1164
119964AAAAAAAAAAAAAAAAAAAAAAAAAAAAAA,,Traffic accident,Accident de la circulation,Accidente que involucra un vehículo de transporte terrestre,,,,"Accidents on streets, roads, and highways involving drivers, passengers, pedestrians, or vehicles. Traffic accidents refer to AUTOMOBILES (passenger cars, buses, and trucks), BICYCLING, and MOTORCYCLES but not OFF-ROAD MOTOR VEHICLES, RAILROADS nor snowmobiles.",,,Diagnosis,N/A,,,,,,,,,,,,1165
119975AAAAAAAAAAAAAAAAAAAAAAAAAAAAAA,,Congenital abnormality,Anormalité congénitale,anomalías congénitas del feto,,,,,,,Diagnosis,N/A,,,,,,,,,,,,1166
11AAAAAAAAAAAAAAAAAAAAAAAAAAAAAAAAAA,,"Bronchitis, recurrent","Bronchite, récurrente",,,,,"Lower respiratory infection of the bronchial tubes, recurrent.",,,Diagnosis,N/A,,,,,,,,,,,,1167
120038AAAAAAAAAAAAAAAAAAAAAAAAAAAAAA,,Congenital deformity of hand,Anomalie morphologique congénitale de la main,anomalía congénita de la mano,,,,Alterations or deviations from normal shape or size which result in a disfigurement of the hand occurring at or before birth.,,,Diagnosis,N/A,,,,,,,,,,,,1168
120049AAAAAAAAAAAAAAAAAAAAAAAAAAAAAA,,Congenital anomaly of spinal cord,Malformation congénitale de la moelle épinière,anomalía congénita de la médula espinal,,,,,,,Diagnosis,N/A,,,,,,,,,,,,1169
120073AAAAAAAAAAAAAAAAAAAAAAAAAAAAAA,,Congenital anomaly of musculoskeletal system,Malformations congénitales du système ostéo-articulaire et des muscles,anomalía congénita del sistema musculoesquelético,,,,,,,Diagnosis,N/A,,,,,,,,,,,,1170
120080AAAAAAAAAAAAAAAAAAAAAAAAAAAAAA,,Congenital anomaly of limb,Malformation congénitale d'un (des) membre(s),anomalía congénita de una extremidad,,,,Congenital structural deformities of the upper and lower extremities collectively or unspecified.,,,Diagnosis,N/A,,,,,,,,,,,,1171
120146AAAAAAAAAAAAAAAAAAAAAAAAAAAAAA,,Condyloma acuminatum,Condylomes ano-génitaux,verrugas venéreas,,,,Sexually transmitted form of anogenital warty growth caused by the human papillomaviruses.,,,Diagnosis,N/A,,,,,,,,,,,,1172
120148AAAAAAAAAAAAAAAAAAAAAAAAAAAAAA,,Arrhythmia,Arythmie,Arritmia cardíaca,,,,Any variation from the normal rhythm or rate of the heart beat.,,,Diagnosis,N/A,,,,,,,,,,,,1173
120169AAAAAAAAAAAAAAAAAAAAAAAAAAAAAA,,Dental caries extending into dentine,Carie de la dentine,caries dental compuesta,,,,"Localized destruction of the tooth surface initiated by decalcification of the enamel followed by enzymatic lysis of organic structures and leading to cavity formation. If left unchecked, the cavity may penetrate the enamel and dentin and reach the pulp. The three most prominent theories used to explain the etiology of the disase are that acids produced by bacteria lead to decalcification; that micro-organisms destroy the enamel protein; or that keratolytic micro-organisms produce chelates that lead to decalcification.",,,Diagnosis,N/A,,,,,,,,,,,,1174
120202AAAAAAAAAAAAAAAAAAAAAAAAAAAAAA,,Complication of procedure,Complication de la procédure,complicación de un procedimiento,,,,,,,Diagnosis,Coded,,,,,,,,,,,,1175
120295AAAAAAAAAAAAAAAAAAAAAAAAAAAAAA,,Complete abortion,Avortement complet,aborto consumado,,,,,,,Diagnosis,N/A,,,,,,,,,,,,1176
120573AAAAAAAAAAAAAAAAAAAAAAAAAAAAAA,,Chronic respiratory failure,Insuffisance respiratoire chronique,Falla respiratoria crónica,,,,"Failure to adequately provide oxygen to cells of the body and to remove excess carbon dioxide from them. (Stedman, 25th ed)",,,Diagnosis,N/A,,,,,,,,,,,,1177
120574AAAAAAAAAAAAAAAAAAAAAAAAAAAAAA,,"Chronic kidney disease, stage II (mild)","Insuffisance renale chronique, stade 2","Enfermedad renal crónica, estadio 2","CKD, stage 2",,,,,,Diagnosis,N/A,,,,,,,,,,,,1178
120575AAAAAAAAAAAAAAAAAAAAAAAAAAAAAA,,"Chronic kidney disease, stage I","Insuffisance renale chronique, stade 1","Enfermedad renal crónica, estadio 1","CKD, stage 1",,,,,,Diagnosis,N/A,,,,,,,,,,,,1179
120576AAAAAAAAAAAAAAAAAAAAAAAAAAAAAA,,Chronic kidney insufficiency,Insuffisance renale chronique,insuficiencia renal crónica,,,,"An irreversible and usually progressive reduction in renal function in which both kidneys have been damaged by a variety of diseases to the extent that they are unable to adequately remove the metabolic products from the blood and regulate the body's electrolyte composition and acid-base balance. Chronic kidney failure requires HEMODIALYSIS or surgery, usually KIDNEY TRANSPLANTATION.",,,Diagnosis,N/A,,,,,,,,,,,,1180
120577AAAAAAAAAAAAAAAAAAAAAAAAAAAAAA,,"Chronic kidney disease, stage V","Insuffisance renale chronique, stade 5",Enfermedad renal crónica estadio 5,"CKD, stage 5",,,,,,Diagnosis,N/A,,,,,,,,,,,,1181
120578AAAAAAAAAAAAAAAAAAAAAAAAAAAAAA,,"Chronic kidney disease, stage IV (severe)","Insuffisance renale chronique, stade 4",Enfermedad renal crónica estadio 4,"CKD, stage 4",,,,,,Diagnosis,N/A,,,,,,,,,,,,1182
120579AAAAAAAAAAAAAAAAAAAAAAAAAAAAAA,,"Chronic kidney disease, stage III (moderate)","Insuffisance renale chronique, stade 3","Enfermedad renal crónica, estadio 3","CKD, stage 3",,,,,,Diagnosis,N/A,,,,,,,,,,,,1183
120581AAAAAAAAAAAAAAAAAAAAAAAAAAAAAA,,Chronic pyelonephritis,Pyélonéphrite chronique,pielonefritis crónica,,,,Inflammation or infection of the kidney.,,,Diagnosis,N/A,,,,,,,,,,,,1184
120626AAAAAAAAAAAAAAAAAAAAAAAAAAAAAA,,Chronic ischaemic heart disease,Cardiopathie ischemique chronique,cardiopatía isquémica crónica,,,,Atherosclerosis of the coronary arteries.,,,Diagnosis,N/A,,,,,,,,,,,,1185
120637AAAAAAAAAAAAAAAAAAAAAAAAAAAAAA,,Chronic hepatitis,Hépatite chronique,hepatitis crónica,,,,"A collective term for a clinical and pathological syndrome which has several causes and is characterized by varying degrees of hepatocellular necrosis and inflammation. Specific forms of chronic hepatitis include autoimmune hepatitis (HEPATITIS, AUTOIMMUNE), chronic hepatitis B (HEPATITIS B, CHRONIC), chronic hepatitis C (HEPATITIS C, CHRONIC), chronic hepatitis D (HEPATITIS D, CHRONIC), indeterminate chronic viral hepatitis, cryptogenic chronic hepatitis and drug-related chronic hepatitis (HEPATITIS, CHRONIC, DRUG-INDUCED).",,,Diagnosis,N/A,,,,,,,,,,,,1186
120655AAAAAAAAAAAAAAAAAAAAAAAAAAAAAA,,Chronic fatigue,Fatigue chronique,,,,,,,,Diagnosis,N/A,,,,,,,,,,,,1187
120661AAAAAAAAAAAAAAAAAAAAAAAAAAAAAA,,Chronic disease of tonsils and adenoids,Maladies chroniques des amygdales et des végétations adénoïdes,enfermedad crónica de las amígdalas Y/O adenoides,,,,,,,Diagnosis,N/A,,,,,,,,,,,,1188
120669AAAAAAAAAAAAAAAAAAAAAAAAAAAAAA,,Chronic bronchitis,Bronchite chronique,bronquitis crónica,,,,,,,Diagnosis,N/A,,,,,,,,,,,,1189
120674AAAAAAAAAAAAAAAAAAAAAAAAAAAAAA,,"Bipolar I disorder, most recent episode (or current) depressed",Trouble bipolaire de type I avec episode depressif,trastorno bipolar I depresivo,,,,,,,Diagnosis,N/A,,,,,,,,,,,,1190
120697AAAAAAAAAAAAAAAAAAAAAAAAAAAAAA,,Chondromalacia of patella,Rotule chondromalacique,condromalacia de la rótula,,,,,,,Diagnosis,N/A,,,,,,,,,,,,1191
120718AAAAAAAAAAAAAAAAAAAAAAAAAAAAAA,,Cholecystitis,Cholécystite,colecistitis,,,,,,,Diagnosis,N/A,,,,,,,,,,,,1192
120742AAAAAAAAAAAAAAAAAAAAAAAAAAAAAA,,Chikungunya fever,Fièvre de Chikungunya,fiebre de Chikungunya,,,,,,,Diagnosis,N/A,,,,,,,,,,,,1193
120749AAAAAAAAAAAAAAAAAAAAAAAAAAAAAA,,Chest pain,Douleur thoracique,dolor de pecho,,,,,,,Diagnosis,N/A,,,,,,,,,,,,1194
120750AAAAAAAAAAAAAAAAAAAAAAAAAAAAAA,,Thoracic injury,Lésion traumatique du thorax,lesión traumática torácica,,,,General or unspecified injuries to the chest area.,,,Diagnosis,N/A,,,,,,,,,,,,1195
120759AAAAAAAAAAAAAAAAAAAAAAAAAAAAAA,,Cestode infection,Infection par les cestodes,infección por cestodos,,,,A subclass of segmented worms comprising the tapeworms.,,,Diagnosis,N/A,,,,,,,,,,,,1196
120773AAAAAAAAAAAAAAAAAAAAAAAAAAAAAA,,Cervical spinal cord injury,Lésions traumatiques de la moelle cervicale,lesión traumática de la médula espinal cervical,,,,,,,Diagnosis,N/A,,,,,,,,,,,,1197
120780AAAAAAAAAAAAAAAAAAAAAAAAAAAAAA,,Cervical intraepithelial neoplasia,,neoplasia intraepitelial cervical,,,,A spectrum of histologic changes in the epithelium of the cervix uteri which may begin as a superficial lesion and progress to invasive carcinoma.,,,Diagnosis,N/A,,,,,,,,,,,,1198
120781AAAAAAAAAAAAAAAAAAAAAAAAAAAAAA,,Cervical intraepithelial neoplasm,Néoplasie intraépithéliale cervicale,neoplasia intraepitelial cervical (duplicate),,,,"A malignancy arising in uterine cervical epithelium and confined thereto, representing a continuum of histological changes ranging from well-differentiated CIN 1 (formerly, mild dysplasia) to severe dysplasia/carcinoma in situ, CIN 3. The lesion arises at the squamocolumnar cell junction at the transformation zone of the endocervical canal, with a variable tendency to develop invasive epidermoid carcinoma, a tendency that is enhanced by concomitant human papillomaviral infection. (Segen, Dictionary of Modern Medicine, 1992)",,,Diagnosis,N/A,,,,,,,,,,,,1199
120804AAAAAAAAAAAAAAAAAAAAAAAAAAAAAA,,Cerebral oedema,Oedème cérébral,edema cerebral,,,,"Increased intracellular or extracellular fluid in brain tissue. Cytotoxic brain edema (swelling due to increased intracellular fluid) is indicative of a disturbance in cell metabolism, and is commonly associated with hypoxic or ischemic injuries (see HYPOXIA, BRAIN). An increase in extracellular fluid may be caused by increased brain capillary permeability (vasogenic edema), an osmotic gradient, local blockages in interstitial fluid pathways, or by obstruction of CSF flow (e.g., obstructive HYDROCEPHALUS). (From Childs Nerv Syst 1992 Sep; 8(6):301-6)",,,Diagnosis,N/A,,,,,,,,,,,,1200
120845AAAAAAAAAAAAAAAAAAAAAAAAAAAAAA,,Cementum caries,Carie du cément,caries cementaria,,,,"Localized destruction of the tooth surface initiated by decalcification of the enamel followed by enzymatic lysis of organic structures and leading to cavity formation. If left unchecked, the cavity may penetrate the enamel and dentin and reach the pulp. The three most prominent theories used to explain the etiology of the disase are that acids produced by bacteria lead to decalcification; that micro-organisms destroy the enamel protein; or that keratolytic micro-organisms produce chelates that lead to decalcification.",,,Diagnosis,N/A,,,,,,,,,,,,1201
120860AAAAAAAAAAAAAAAAAAAAAAAAAAAAAA,,Cataract,Cataracte,catarata,,,,,,,Diagnosis,N/A,,,,,,,,,,,,1202
120928AAAAAAAAAAAAAAAAAAAAAAAAAAAAAA,,Carcinoma in situ,Carcinome in situ,carcinoma in situ,,,,A malignant tumor that has not yet invaded the basement membrane of the epithelial cell of origin and has not spread to other tissues.,,,Diagnosis,N/A,,,,,,,,,,,,1203
120939AAAAAAAAAAAAAAAAAAAAAAAAAAAAAA,,Candidiasis,Candidose,Candidiasis,,,,,,,Diagnosis,N/A,,,,,,,,,,,,1204
120945AAAAAAAAAAAAAAAAAAAAAAAAAAAAAA,,Calculus of lower urinary tract,Calcul des voies urinaires inférieures,cálculo de la vía urinaria inferior,,,,,,,Diagnosis,N/A,,,,,,,,,,,,1205
120972AAAAAAAAAAAAAAAAAAAAAAAAAAAAAA,,Burn of trunk,Brûlure du tronc,quemadura del tronco,,,,,,,Diagnosis,N/A,,,,,,,,,,,,1206
120977AAAAAAAAAAAAAAAAAAAAAAAAAAAAAA,,"Burn of face, head and neck",Brûlure de la tête et du cou,"quemadura de cara, cabeza Y/O cuello",,,,,,,Diagnosis,N/A,,,,,,,,,,,,1207
121016AAAAAAAAAAAAAAAAAAAAAAAAAAAAAA,,Painful breathing,Respiration douloureuse,respiración dolorosa,,,,"Pressure, burning, or numbness in the chest.",,,Diagnosis,N/A,,,,,,,,,,,,1208
121057AAAAAAAAAAAAAAAAAAAAAAAAAAAAAA,,Borderline personality disorder,Personnalité borderline,trastorno limítrofe de la personalidad,,,,"A personality disorder marked by a pattern of instability of interpersonal relationships, self-image, and affects, and marked impulsivity beginning by early adulthood and present in a variety of contexts. (DSM-IV)",,,Diagnosis,N/A,,,,,,,,,,,,1209
121107AAAAAAAAAAAAAAAAAAAAAAAAAAAAAA,,Bladder pain,Douleur vésicale,dolor vesical,,,,,,,Diagnosis,N/A,,,,,,,,,,,,1210
121121AAAAAAAAAAAAAAAAAAAAAAAAAAAAAA,,Bipolar II disorder,Trouble bipolaire de type II,trastorno bipolar II,,,,,,,Diagnosis,N/A,,,,,,,,,,,,1211
121131AAAAAAAAAAAAAAAAAAAAAAAAAAAAAA,,Bipolar disorder,Trouble affectif bipolaire,trastorno bipolar,,,,A major affective disorder marked by severe mood swings (manic or major depressive episodes) and a tendency to remission and recurrence.,,,Diagnosis,N/A,,,,,,,,,,,,1212
121166AAAAAAAAAAAAAAAAAAAAAAAAAAAAAA,,Benign neoplasm of uterus,Tumeur bénigne de l'utérus,neoplasia benigna del útero,,,,"A benign neoplasm composed of glandular and fibrous tissues, with a relatively large proportion of glands. (Stedman, 25th ed)",,,Diagnosis,N/A,,,,,,,,,,,,1213
121179AAAAAAAAAAAAAAAAAAAAAAAAAAAAAA,,Lipoma,Lipome,lipoma (clínico),,,,A benign tumor composed of fat cells.,,,Diagnosis,N/A,,,,,,,,,,,,1214
121190AAAAAAAAAAAAAAAAAAAAAAAAAAAAAA,,Benign neoplasm of urinary organ,Tumeur bénigne de système urinaire,neoplasia benigna del aparato urinario,,,,,,,Diagnosis,N/A,,,,,,,,,,,,1215
1211AAAAAAAAAAAAAAAAAAAAAAAAAAAAAAAA,,Verruca planus,Planus verrues,verruga plana,,,,A small smooth slightly elevated wart found especially on the face and back of the hands. Occurs chiefly in children and adolescents.,,,Diagnosis,N/A,,,,,,,,,,,,1216
121207AAAAAAAAAAAAAAAAAAAAAAAAAAAAAA,,Benign neoplasm of endocrine gland,Tumeur bénigne de la glandes endocrine,neoplasia benigna de glándula endocrina,,,,,,,Diagnosis,N/A,,,,,,,,,,,,1217
121212AAAAAAAAAAAAAAAAAAAAAAAAAAAAAA,,Benign mucous membrane pemphigoid,Pemphigoide cicatricielle,penfigoide benigno de membranas mucosas,,,,"A chronic blistering disease with predilection for mucous membranes and less frequently the skin, and with a tendency to scarring. It is sometimes called ocular pemphigoid because of conjunctival mucous membrane involvement.",,,Diagnosis,N/A,,,,,,,,,,,,1218
121213AAAAAAAAAAAAAAAAAAAAAAAAAAAAAA,,Benign mammary dysplasia,Dysplasie mammaire bénigne,displasia mamaria benigna,,,,A chronic disorder comprising three variants which range from lesions consisting primarily of an overgrowth of fibrous tissue to those characterized by dominance of the proliferation of the epithelial parenchyma to a form of dysplasia characterized by both stromal and epithelial hyperplasia with the formation of cysts.,,,Diagnosis,N/A,,,,,,,,,,,,1219
121249AAAAAAAAAAAAAAAAAAAAAAAAAAAAAA,,Barbiturate abuse,Abus de barbituriques,abuso de barbitúricos,,,,,,,Diagnosis,N/A,,,,,,,,,,,,1220
121252AAAAAAAAAAAAAAAAAAAAAAAAAAAAAA,,Bacterial pneumonia,Pneumonie bacterienne,neumonía bacteriana,,,,Pneumonia caused by various species of bacteria. Bacterial pneumonia commonly results from bronchogenic spread of infection following microaspiration of secretions. The largest category of this disease arises from community-acquired pneumonias.,,,Diagnosis,N/A,,,,,,,,,,,,1221
121255AAAAAAAAAAAAAAAAAAAAAAAAAAAAAA,,Bacterial meningitis,Méningite bactérienne,meningitis bacteriana,,,,"Bacterial infections of the leptomeninges and subarachnoid space, frequently involving the cerebral cortex, cranial nerves, cerebral blood vessels, spinal cord, and nerve roots. The type of causative organism varies with age and clinical status (e.g., post-operative, immunodeficient, or post-traumatic states). Clinical manifestations include the acute onset of fever, stiff neck, altered mentation, seizures, and focal neurologic deficits. Death may occur within 24 hours of disease onset. Pathologic features include a purulent exudate in the subarachnoid space, and diffuse inflammation of neural and vascular structures. (From Joynt, Clinical Neurology, 1994, Ch24, pp1-5)",,,Diagnosis,N/A,,,,,,,,,,,,1222
121262AAAAAAAAAAAAAAAAAAAAAAAAAAAAAA,,Bacterial infection,Infection bactérienne,enfermedad infecciosa bacteriana,,,,"Infections by bacteria, general or unspecified.",,,Diagnosis,N/A,,,,,,,,,,,,1223
121283AAAAAAAAAAAAAAAAAAAAAAAAAAAAAA,,Avoidant disorder of childhood,Anxiété sociale de l'enfance,trastorno de evitación en la niñez,,,,,,,Diagnosis,N/A,,,,,,,,,,,,1224
1212AAAAAAAAAAAAAAAAAAAAAAAAAAAAAAAA,,Molluscum contagiosum,Molluscum contagiosum,infección por molusco contagioso,,,,"An infectious disease of the skin caused by a virus of the family Poxviridae and characterized by the appearance of small, pearly, umbilicated papular epithelial lesions containing many inclusion bodies.",,,Diagnosis,N/A,,,,,,,,,,,,1225
121303AAAAAAAAAAAAAAAAAAAAAAAAAAAAAA,,"Autistic disorder, active",Autisme,trastorno autista,,,,A disorder beginning in childhood. It is marked by the presence of markedly abnormal or impaired development in social interaction and communication and a markedly restricted repertoire of activity and interest. Manifestations of the disorder vary greatly depending on the developmental level and chronological age of the individual. (DSM-IV),,,Diagnosis,N/A,,,,,,,,,,,,1226
121317AAAAAAAAAAAAAAAAAAAAAAAAAAAAAA,,Attention deficit disorder with hyperactivity,Trouble déficitaire de l'attention avec hyperactivité,"trastorno por déficit de atención con hiperactividad, con predominio del déficit de atención",,,,"A behavior disorder originating in childhood in which the essential features are signs of developmentally inappropriate inattention, impulsivity, and hyperactivity. Although most individuals have symptoms of both inattention and hyperactivity-impulsivity, one or the other pattern may be predominant. The disorder is more frequent in males than females. Onset is in childhood. Symptoms often attenuate during late adolescence although a minority experience the full complement of symptoms into mid-adulthood. (From DSM-IV)",,,Diagnosis,N/A,,,,,,,,,,,,1227
121321AAAAAAAAAAAAAAAAAAAAAAAAAAAAAA,,Hyperkinetic syndrome of childhood,Syndrome hyperkinetic de l'enfance,trastorno de hiperactividad con déficit de atención,,,,"Excessive movement of muscles of the body as a whole, which may be associated with organic or psychological disorders.",,,Diagnosis,N/A,,,,,,,,,,,,1228
121342AAAAAAAAAAAAAAAAAAAAAAAAAAAAAA,,Skin atrophy,Affections atrophiques de la peau,condición atrófica de la piel,,,,,,,Diagnosis,N/A,,,,,,,,,,,,1229
121348AAAAAAAAAAAAAAAAAAAAAAAAAAAAAA,,Atopic dermatitis and related condition,Dermatite atopique et condition connexes,dermatitis atópica,,,,"A chronic inflammatory genetically determined disease of the skin marked by increased ability to form reagin (IgE), with increased susceptibility to allergic rhinitis and asthma, and hereditary disposition to a lowered threshold for pruritus. It is manifested by lichenification, excoriation, and crusting, mainly on the flexural surfaces of the elbow and knee. In infants it is known as infantile eczema.",,,Diagnosis,N/A,,,,,,,,,,,,1230
121363AAAAAAAAAAAAAAAAAAAAAAAAAAAAAA,,"Brain tumor, astrocytoma","Tumeur cérébrale, astrocytome",astrocitoma cerebral,,,,"Neoplasms of the brain and spinal cord derived from glial cells which vary from histologically benign forms to highly anaplastic and malignant tumors. Fibrillary astrocytomas are the most common type and may be classified in order of increasing malignancy (grades I through IV). In the first two decades of life, astrocytomas tend to originate in the cerebellar hemispheres; in adults, they most frequently arise in the cerebrum and frequently undergo malignant transformation. (From Devita et al., Cancer: Principles and Practice of Oncology, 5th ed, pp2013-7; Holland et al., Cancer Medicine, 3d ed, p1082)",,,Diagnosis,N/A,,,,,,,,,,,,1231
121372AAAAAAAAAAAAAAAAAAAAAAAAAAAAAA,,Asthma with status asthmaticus,Etat de mal asthmatique,asma con estado de mal asmático,,,,"A sudden intense and continuous aggravation of a state of asthma, marked by dyspnea to the point of exhaustion and collapse and not responding to the usual therapeutic efforts.",,,Diagnosis,N/A,,,,,,,,,,,,1232
121375AAAAAAAAAAAAAAAAAAAAAAAAAAAAAA,,Asthma,Asthme,asma,,,,,,,Diagnosis,Coded,,,,,,,,,,,,1233
121377AAAAAAAAAAAAAAAAAAAAAAAAAAAAAA,Yes,Asthenia,Asthénie,astenia,,,,"The state of weariness following a period of exertion, mental or physical, characterized by a decreased capacity for work and reduced efficiency to respond to stimuli.",,,Diagnosis,N/A,,,,,,,,,,,,1234
121384AAAAAAAAAAAAAAAAAAAAAAAAAAAAAA,,Assault by firearm,Agression par des armes à feu,agresión por armas de fuego,,,,,,,Diagnosis,N/A,,,,,,,,,,,,1235
1213AAAAAAAAAAAAAAAAAAAAAAAAAAAAAAAA,,Human papillomavirus,papillome humain,infección por papilomavirus humano,,,,"Any of various strains of papovavirus that cause warts, especially of the hands, feet, and genitals, with some strains believed to be a causative factor in cancer of the cervix, vagina, and vulva.",,,Diagnosis,N/A,,,,,,,,,,,,1236
121402AAAAAAAAAAAAAAAAAAAAAAAAAAAAAA,,Non-Infectious Destruction of Bone,Ostéonécrose aseptique,necrosis ósea aséptica,,,,"Death of a bone or part of a bone, either atraumatic or posttraumatic.",,,Diagnosis,N/A,,,,,,,,,,,,1237
121482AAAAAAAAAAAAAAAAAAAAAAAAAAAAAA,,Atherosclerosis,Artherosclerose,arterioesclerosis,,,,"A common form of arteriosclerosis characterized by deposits of plaques (atheromas) containing lipids, carbohydrates, blood and blood products, fibrous tissue, and calcium deposits. These plaques are found in the intima of large- and medium-sized arteries.",,,Diagnosis,N/A,,,,,,,,,,,,1238
121493AAAAAAAAAAAAAAAAAAAAAAAAAAAAAA,,Embolism and thrombosis of artery,Embolie et thrombose arterielle,émbolo y trombosis arterial,,,,,,,Diagnosis,N/A,,,,,,,,,,,,1239
121518AAAAAAAAAAAAAAAAAAAAAAAAAAAAAA,,Appendicitis,Appendicite,apendicitis,,,,,,,Diagnosis,N/A,,,,,,,,,,,,1240
121519AAAAAAAAAAAAAAAAAAAAAAAAAAAAAA,,Apnea of newborn,Apnées du nouveau-né,apnea en el recién nacido,,,,A transient absence of spontaneous respiration.,,,Diagnosis,N/A,,,,,,,,,,,,1241
121529AAAAAAAAAAAAAAAAAAAAAAAAAAAAAA,,Aphasia,Aphasie,afasia,,,,"A cognitive disorder marked by an impaired ability to comprehend or express language in its written or spoken form. This condition is caused by diseases which affect the language areas of the dominant hemisphere. Clinical features are used to classify the various subtypes of this condition. General categories include receptive, expressive, and mixed forms of aphasia.",,,Diagnosis,N/A,,,,,,,,,,,,1242
121532AAAAAAAAAAAAAAAAAAAAAAAAAAAAAA,,Aortic valve stenosis,Sténose de la valvule aortique,estenosis de la válvula aórtica,,,,"Narrowing of the orifice of the aortic valve or of the supravalular or subvalvular regions. (Dorland, 28th ed)",,,Diagnosis,N/A,,,,,,,,,,,,1243
121540AAAAAAAAAAAAAAAAAAAAAAAAAAAAAA,,Anxiety disorder,Trouble anxieux,trastorno de ansiedad,,,,"Disorders in which anxiety (persistent feelings of apprehension, tension, or uneasiness) is the predominant disturbance.",,,Diagnosis,N/A,,,,,,,,,,,,1244
121541AAAAAAAAAAAAAAAAAAAAAAAAAAAAAA,,Anxiety disorder in conditions classified elsewhere,Autre trouble anxieux spécifié,trastorno de ansiedad (duplicate),,,,,,,Diagnosis,N/A,,,,,,,,,,,,1245
121543AAAAAAAAAAAAAAAAAAAAAAAAAAAAAA,,Anxiety,Anxiété,ansiedad,,,,"Persistent feeling of dread, apprehension, and impending disaster.",,,Diagnosis,N/A,,,,,,,,,,,,1246
121547AAAAAAAAAAAAAAAAAAAAAAAAAAAAAA,,Antisocial personality disorder,Personnalité antisociale,trastorno de la personalidad antisocial,,,,"A personality disorder whose essential feature is a pervasive pattern of disregard for, and violation of, the rights of others that begins in childhood or early adolescence and continues into adulthood. The individual must be at least age 18 and must have a history of some symptoms of CONDUCT DISORDER before age 15. (From DSM-IV, 1994)",,,Diagnosis,N/A,,,,,,,,,,,,1247
121555AAAAAAAAAAAAAAAAAAAAAAAAAAAAAA,,Anthrax,Charbon,carbunco,,,,An acute bacterial infection caused by ingestion of BACILLUS organisms. Carnivores may become infected from ingestion of infected carcasses. It is transmitted to humans by contact with infected animals or contaminated animal products. The most common form in humans is cutaneous anthrax.,,,Diagnosis,N/A,,,,,,,,,,,,1248
121596AAAAAAAAAAAAAAAAAAAAAAAAAAAAAA,,Anodontia,Anodontie,anodontia,,,,"Congenital absence of the teeth; it may involve all (total anodontia) or only some of the teeth (partial anodontia, hypodontia), and both the deciduous and the permanent dentition, or only teeth of the permanent dentition. (Dorland, 27th ed)",,,Diagnosis,N/A,,,,,,,,,,,,1249
121597AAAAAAAAAAAAAAAAAAAAAAAAAAAAAA,,Ankylosis of joint,Ankylose articulaire,anquilosis de articulación,,,,Fixation and immobility of a joint.,,,Diagnosis,N/A,,,,,,,,,,,,1250
1215AAAAAAAAAAAAAAAAAAAAAAAAAAAAAAAA,,Stadification VIH - recurrent bacterial pneumonia,Stadification VIH - pneumonie bactérienne récurrente,,,,,"WHO Peds Stage 3 - Recurrent severe bacterial pneumonia, responsive to standard therapy.",,,Diagnosis,N/A,,,,,,,,,,,,1251
121605AAAAAAAAAAAAAAAAAAAAAAAAAAAAAA,,Bite by animal,Morsure d'animal,herida por mordedura de animal,,,,,,,Diagnosis,N/A,,,,,,,,,,,,1252
121610AAAAAAAAAAAAAAAAAAAAAAAAAAAAAA,,Angina pectoris,Angine de poitrine,Angor,,,,"The symptom of paroxysmal pain consequent to myocardial ischemia usually of distinctive character, location and radiation, and provoked by a transient stressful situation during which the oxygen requirements of the myocardium exceed the capacity of the coronary circulation to supply it.",,,Diagnosis,N/A,,,,,,,,,,,,1253
121629AAAAAAAAAAAAAAAAAAAAAAAAAAAAAA,,Anaemia,Anémie,Anemia,,,,A reduction in the number of circulating erythrocytes or in the quantity of hemoglobin.,,,Diagnosis,N/A,,,,,,,,,,,,1254
121657AAAAAAAAAAAAAAAAAAAAAAAAAAAAAA,,Memory loss,Perte de mémoire,amnesia,,,,"Disturbances in registering an impression, in the retention of an acquired impression, or in the recall of an impression. Memory impairments are associated with DEMENTIA; CRANIOCEREBRAL TRAUMA; ENCEPHALITIS; ALCOHOLISM (see also ALCOHOL AMNESTIC DISORDER); SCHIZOPHRENIA; and other conditions.",,,Diagnosis,N/A,,,,,,,,,,,,1255
121677AAAAAAAAAAAAAAAAAAAAAAAAAAAAAA,,Mental status change,Le changement de l'état mental,estado mental alterado,,,,,,,Diagnosis,N/A,,,,,,,,,,,,1256
121682AAAAAAAAAAAAAAAAAAAAAAAAAAAAAA,,Allergy-sensitivity to fungi syndrome,Syndrome d'allergie-sensibilité aux champignons,sensibilidad alérgica a síndrome micótico,,,,Superficial infections of the skin or its appendages by any of various fungi.,,,Diagnosis,N/A,,,,,,,,,,,,1257
121684AAAAAAAAAAAAAAAAAAAAAAAAAAAAAA,,Personal history of allergy to anti-infective agent,Antécédents personnels d'allergie aux agents anti-infectieux,alergia a un agente antinfeccioso,,,,,,,Diagnosis,N/A,,,,,,,,,,,,1258
121689AAAAAAAAAAAAAAAAAAAAAAAAAAAAAA,,Allergy,Allergie,alergia (duplicate),,,,,,,Diagnosis,N/A,,,,,,,,,,,,1259
121692AAAAAAAAAAAAAAAAAAAAAAAAAAAAAA,,Allergic rhinitis,Rhinite allergique,rinitis alérgica,,,,"Inflammation of the mucous membrane of the nose similar to that found in hay fever except that symptoms persist throughout the year. The causes are usually air-borne allergens, particularly dusts, feathers, molds, animal fur, etc.",,,Diagnosis,N/A,,,,,,,,,,,,1260
121712AAAAAAAAAAAAAAAAAAAAAAAAAAAAAA,,Alcoholism,Alcoolisme	,alcoholismo,,,,"A primary, chronic disease with genetic, psychosocial, and environmental factors influencing its development and manifestations. The disease is often progressive and fatal. It is characterized by impaired control over drinking, preoccupation with the drug alcohol, use of alcohol despite adverse consequences, and distortions in thinking, most notably denial. Each of these symptoms may be continuous or periodic. (Morse & Flavin for the Joint Commission of the National Council on Alcoholism and Drug Dependence and the American Society of Addiction Medicine to Study the Definition and Criteria for the Diagnosis of Alcoholism: in JAMA 1992;268:1012-4)",,,Diagnosis,N/A,,,,,,,,,,,,1261
121716AAAAAAAAAAAAAAAAAAAAAAAAAAAAAA,,Alcohol-induced mental disorder,Troubles mentaux de l'alcool,trastorno mental orgánico inducido por alcohol,,,,Disorders related to or resulting from abuse or misuse of alcohol.,,,Diagnosis,N/A,,,,,,,,,,,,1262
121725AAAAAAAAAAAAAAAAAAAAAAAAAAAAAA,,Alcohol abuse,Abus d'alcool,abuso de alcohol,,,,"A primary, chronic disease with genetic, psychosocial, and environmental factors influencing its development and manifestations. The disease is often progressive and fatal. It is characterized by impaired control over drinking, preoccupation with the drug alcohol, use of alcohol despite adverse consequences, and distortions in thinking, most notably denial. Each of these symptoms may be continuous or periodic. (Morse & Flavin for the Joint Commission of the National Council on Alcoholism and Drug Dependence and the American Society of Addiction Medicine to Study the Definition and Criteria for the Diagnosis of Alcoholism: in JAMA 1992;268:1012-4)",,,Diagnosis,N/A,,,,,,,,,,,,1263
121748AAAAAAAAAAAAAAAAAAAAAAAAAAAAAA,,Aggressive behavior,Comportement agressif	,conducta agresiva,,,,"A form of behavior which leads to self-assertion; it may arise from innate drives and/or a response to frustration; may be manifested by destructive and attacking behavior, by covert attitudes of hostility and obstructionism, or by healthy self-expressive drive to mastery. (Dorland 27th ed)",,,Diagnosis,N/A,,,,,,,,,,,,1264
121792AAAAAAAAAAAAAAAAAAAAAAAAAAAAAA,,Adjustment reaction,Troubles de l'adaptation,trastorno de adaptación,,,,"Maladaptive reactions to identifiable psychosocial stressors occurring within a short time after onset of the stressor. They are manifested by either impairment in social or occupational functioning or by symptoms (depression, anxiety, etc.) that are in excess of a normal and expected reaction to the stressor.",,,Diagnosis,N/A,,,,,,,,,,,,1265
121809AAAAAAAAAAAAAAAAAAAAAAAAAAAAAA,,Acute vaginitis,Vaginite aiguë,vaginitis aguda,,,,Inflammation of the vagina characterized by pain and a purulent discharge.,,,Diagnosis,N/A,,,,,,,,,,,,1266
121812AAAAAAAAAAAAAAAAAAAAAAAAAAAAAA,,Acute type B viral hepatitis,Hépatite aiguë B,hepatitis viral aguda tipo B,,,,Hepatitis caused by hepatitis B virus. It may be transmitted by transfusion of contaminated blood or blood products.,,,Diagnosis,N/A,,,,,,,,,,,,1267
121849AAAAAAAAAAAAAAAAAAAAAAAAAAAAAA,,Acute renal failure,Insuffisance rénale aiguë,síndrome de insuficiencia renal aguda,,,,,,,Diagnosis,N/A,,,,,,,,,,,,1268
121856AAAAAAAAAAAAAAAAAAAAAAAAAAAAAA,,Acute pulmonary edema,Oedème pulmonaire aigu,edema agudo de pulmón,,,,,,,Diagnosis,N/A,,,,,,,,,,,,1269
121873AAAAAAAAAAAAAAAAAAAAAAAAAAAAAA,,Acute periodontitis,Périodontite aiguë,periodontitis aguda,,,,,,,Diagnosis,N/A,,,,,,,,,,,,1270
121875AAAAAAAAAAAAAAAAAAAAAAAAAAAAAA,,Acute pericarditis,Péricardite aiguë,pericarditis aguda,,,,"Inflammation of the pericardium. (Dorland, 27th ed). Excluding myocarditis in diseases classified elsewhere (bacterial, viral, parasitic, rhumatoid diseases)",,,Diagnosis,N/A,,,,,,,,,,,,1271
121897AAAAAAAAAAAAAAAAAAAAAAAAAAAAAA,,Acute otitis externa,Otite externe aiguë,otitis externa aguda,,,,,,,Diagnosis,N/A,,,,,,,,,,,,1272
121921AAAAAAAAAAAAAAAAAAAAAAAAAAAAAA,,Non-ST elevation myocardial infarction (NSTEMI),Infarctus du myocarde sans élévation du segment ST,infarto agudo de miocardio sin elevación del segmento ST,,,,,,,Diagnosis,N/A,,,,,,,,,,,,1273
121936AAAAAAAAAAAAAAAAAAAAAAAAAAAAAA,,Acute myocarditis,Myocardite aiguë,miocarditis aguda,,,,"Inflammation of the muscular walls of the heart. (Stedman, 25th ed)",,,Diagnosis,N/A,,,,,,,,,,,,1274
121960AAAAAAAAAAAAAAAAAAAAAAAAAAAAAA,,Acute myocardial infarction,Infarctus aigu du myocarde,infarto agudo de miocardio,AMI,,,"Gross necrosis of the myocardium, as a result of interruption of the blood supply to the area. (Dorland, 27th ed)",,,Diagnosis,N/A,,,,,,,,,,,,1275
121999AAAAAAAAAAAAAAAAAAAAAAAAAAAAAA,,Acute lymphadenitis,Lymphadénite aiguë,linfadenitis aguda excepto mesentérica,,,,Inflammation of the lymph nodes.,,,Diagnosis,N/A,,,,,,,,,,,,1276
1219AAAAAAAAAAAAAAAAAAAAAAAAAAAAAAAA,,Cryptococcosis,Cryptococcose,criptococosis,,,,Infection with a fungus of the species Cryptococcus neoformans.,,,Diagnosis,N/A,,,,,,,,,,,,1277
122002AAAAAAAAAAAAAAAAAAAAAAAAAAAAAA,,Acute leukaemia in remission,Leucémie aiguë en rémission,"Leucemia aguda, en remisión",,,,"A progressive, malignant disease of the blood-forming organs, characterized by distorted proliferation and development of leukocytes and their precursors in the blood and bone marrow. It is classified according to degree of cell differentiation as acute or chronic, and according to predominant type of cell involved as myelogenous or lymphocytic. (Dorland, 28th ed)",,,Diagnosis,N/A,,,,,,,,,,,,1278
122004AAAAAAAAAAAAAAAAAAAAAAAAAAAAAA,,Acute leukaemia,Leucémie aiguë,leucemia aguda,,,,"A progressive, malignant disease of the blood-forming organs, characterized by distorted proliferation and development of leukocytes and their precursors in the blood and bone marrow. It is classified according to degree of cell differentiation as acute or chronic, and according to predominant type of cell involved as myelogenous or lymphocytic. (Dorland, 28th ed)",,,Diagnosis,N/A,,,,,,,,,,,,1279
122007AAAAAAAAAAAAAAAAAAAAAAAAAAAAAA,,Acute laryngotracheitis without mention of obstruction,Laryngotrachéite aiguë sans mention d'obstruction,Laringotraqueítis aguda sin obstrucción,,,,,,,Diagnosis,N/A,,,,,,,,,,,,1280
122009AAAAAAAAAAAAAAAAAAAAAAAAAAAAAA,,Acute ischaemic heart disease,Ischémie cardiaque aiguë,Cardiopatía isquémica aguda,,,,"Precordial pain at rest, which may precede a myocardial infarction.",,,Diagnosis,N/A,,,,,,,,,,,,1281
122011AAAAAAAAAAAAAAAAAAAAAAAAAAAAAA,,Acute ischaemic enteritis,Entérite ischémique aiguë,Enteritis isquémica aguda,,,,,,,Diagnosis,N/A,,,,,,,,,,,,1282
122041AAAAAAAAAAAAAAAAAAAAAAAAAAAAAA,,Acute glomerulonephritis,glomerulonephrite aiguë,glomerulonefritis aguda,,,,"Glomerular disease characterized by an inflammatory reaction, with leukocyte infiltration and cellular proliferation of the glomeruli, or that appears to be the result of immune glomerular injury.",,,Diagnosis,N/A,,,,,,,,,,,,1283
122043AAAAAAAAAAAAAAAAAAAAAAAAAAAAAA,,Acute gingivitis,Gingivite aiguë,gingivitis aguda,,,,Inflammation of the gums.,,,Diagnosis,N/A,,,,,,,,,,,,1284
122093AAAAAAAAAAAAAAAAAAAAAAAAAAAAAA,,Acute coronary syndrome,Syndrome coronarien aigu,síndrome coronario agudo,,,,"Precordial pain at rest, which may precede a myocardial infarction.",,,Diagnosis,N/A,,,,,,,,,,,,1285
122260AAAAAAAAAAAAAAAAAAAAAAAAAAAAAA,,Accidental drowning or submersion,Noyade et submersion non mortalle,ahogamiento y sumersión accidentales,,,,,,,Diagnosis,N/A,,,,,,,,,,,,1286
122355AAAAAAAAAAAAAAAAAAAAAAAAAAAAAA,,"Twin, whether mate stillborn or liveborn, born in hospital, Delivered","Jumeaux, nés à l'hôpital",,,,,,,,Diagnosis,N/A,,,,,,,,,,,,1287
122432AAAAAAAAAAAAAAAAAAAAAAAAAAAAAA,,Personal history of cardiovascular disorder,Histoire Personnelle de Cardiopathie,antecedente de: enfermedad cardiovascular,,,,,,,Diagnosis,N/A,,,,,,,,,,,,1288
122496AAAAAAAAAAAAAAAAAAAAAAAAAAAAAA,,Dyspnea,Dyspnée,disnea,,,,Difficult or labored breathing.,,,Diagnosis,Coded,,,,,,,,,,,,1289
122604AAAAAAAAAAAAAAAAAAAAAAAAAAAAAA,,Cholera due to Vibrio cholerae,Cholera,cólera,,,,An acute diarrheal disease endemic in India and Southeast Asia whose causative agent is VIBRIO CHOLERAE. This condition can lead to severe dehydration in a matter of hours unless quickly treated.,,,Diagnosis,N/A,,,,,,,,,,,,1290
122657AAAAAAAAAAAAAAAAAAAAAAAAAAAAAA,,Pneumothorax,Pneumothorax,neumotórax,,,,"An accumulation of air or gas in the pleural space, which may occur spontaneously or as a result of trauma or a pathological process, or be introduced deliberately ( = PNEUMOTHORAX, ARTIFICIAL). (Dorland, 27th ed)",,,Diagnosis,N/A,,,,,,,,,,,,1291
122659AAAAAAAAAAAAAAAAAAAAAAAAAAAAAA,,Pulmonary atelectasis,Atélectasie pulmonaire,atelectasia,,,,,,,Diagnosis,N/A,,,,,,,,,,,,1292
1226AAAAAAAAAAAAAAAAAAAAAAAAAAAAAAAA,,"Anemia, iron deficiency","Anemie, carence en fer",anemia ferropénica,,,,"Anemia, due to nutritional deficiencies in iron uptake. Anemia characterized by decreased or absent iron stores, low serum iron concentration, low transferrin saturation, and low hemoglobin concentration or hematocrit value. The erythrocytes are hypochromic and microcytic and the iron binding capacity is increased.",,,Diagnosis,N/A,,,,,,,,,,,,1293
122746AAAAAAAAAAAAAAAAAAAAAAAAAAAAAA,,Zika virus disease,Virus Zika,enfermedad por virus Zika,,,,,,,Diagnosis,N/A,,,,,,,,,,,,1294
122759AAAAAAAAAAAAAAAAAAAAAAAAAAAAAA,,Yellow fever,Fièvre jaune,fiebre amarilla,,,,,,,Diagnosis,N/A,,,,,,,,,,,,1295
122793AAAAAAAAAAAAAAAAAAAAAAAAAAAAAA,,Xerophthalmia,Xerophtalmie,hipovitaminosis A con xeroftalmía,,,,"Dryness of the eye surfaces caused by deficiency of tears or conjunctival secretions. It may be associated with vitamin A deficiency, trauma, or any condition in which the eyelids do not close completely.",,,Diagnosis,N/A,,,,,,,,,,,,1296
122813AAAAAAAAAAAAAAAAAAAAAAAAAAAAAA,,Xanthelasma of eyelid,Xanthélasma de la paupière,xantoma del párpado,,,,A condition of morphologic change in which there is accumulation of lipids in the large foam cells of tissues. It is the cutaneous manifestation of lipidosis in which plasma fatty acids and lipoproteins are quantitatively changed. The xanthomatous eruptions have several different distinct morphologies dependent upon the specific form taken by the disease.,,,Diagnosis,N/A,,,,,,,,,,,,1297
122825AAAAAAAAAAAAAAAAAAAAAAAAAAAAAA,,Wristdrop,Poignet tombant,carpoptosia,,,,"Deformities of the hand, or a part of the hand, acquired after birth as the result of injury or disease.",,,Diagnosis,N/A,,,,,,,,,,,,1298
122832AAAAAAAAAAAAAAAAAAAAAAAAAAAAAA,,Postoperative seroma,Sérome post-opératoire,seroma posquirúrgico,,,,"Pathologic processes that affect patients after a surgical procedure. They may or may not be related to the disease for which the surgery was done, and they may or may not be direct results of the surgery.",,,Diagnosis,N/A,,,,,,,,,,,,1299
122834AAAAAAAAAAAAAAAAAAAAAAAAAAAAAA,,Worms in Stool,Vers intestinaux dans les selles,gusanos en la materia fecal,,,,Infestation with parasitic worms of the helminth class.,,,Diagnosis,N/A,,,,,,,,,,,,1300
122863AAAAAAAAAAAAAAAAAAAAAAAAAAAAAA,,Wheezing,Sifflement,sibilancias,,,,"Noises, normal and abnormal, heard on auscultation over any part of the respiratory tract.",,,Diagnosis,N/A,,,,,,,,,,,,1301
122864AAAAAAAAAAAAAAAAAAAAAAAAAAAAAA,,Wheeze - rhonchi,Sifflements - ronchus,sibilancias - roncus,,,,,,,Diagnosis,N/A,,,,,,,,,,,,1302
122901AAAAAAAAAAAAAAAAAAAAAAAAAAAAAA,,Facial weakness,Faiblesse face,paresia facial,,,,Severe or complete loss of facial muscle motor function. This condition may result from central or peripheral lesions. Damage to CNS motor pathways from the cerebral cortex to the facial nuclei in the pons leads to facial weakness that generally spares the forehead muscles. FACIAL NERVE DISEASES generally results in generalized hemifacial weakness. NEUROMUSCULAR JUNCTION DISEASES and MUSCULAR DISEASES may also cause facial paralysis or paresis.,,,Diagnosis,N/A,,,,,,,,,,,,1303
122933AAAAAAAAAAAAAAAAAAAAAAAAAAAAAA,,Wanted Pregnancy,Grossesse voulue,embarazo deseado,,,,,,,Diagnosis,N/A,,,,,,,,,,,,1304
122936AAAAAAAAAAAAAAAAAAAAAAAAAAAAAA,,Walking disability,Déficience de le marche,discapacidad para caminar,,,,,,,Diagnosis,N/A,,,,,,,,,,,,1305
122966AAAAAAAAAAAAAAAAAAAAAAAAAAAAAA,,Voyeurism,Trouble voyeurisme,voyeurismo,,,,"A paraphilia characterized by repetitive looking at unsuspecting people, usually strangers, who are either naked, in the act of disrobing, or engaging in sexual activity, as the method for achieving sexual excitement.",,,Diagnosis,N/A,,,,,,,,,,,,1306
122981AAAAAAAAAAAAAAAAAAAAAAAAAAAAAA,,Vomiting in newborn,Vomissements du nouveau-né,vómito en el recién nacido,,,,,,,Diagnosis,N/A,,,,,,,,,,,,1307
122983AAAAAAAAAAAAAAAAAAAAAAAAAAAAAA,,Vomiting,Vomissement,vómitos,,,,The forcible expulsion of the contents of the stomach through the mouth.,,,Diagnosis,Coded,,,,,,,,,,,,1308
122994AAAAAAAAAAAAAAAAAAAAAAAAAAAAAA,,Volkmann's ischaemic contracture,Contracture ischemique de Volkmann,contractura de Volkmann,,,,"Conditions in which increased pressure within a limited space compromises the circulation and function of tissue within that space. Compartmentation involves mainly the leg but also involved are the forearm, arm, thigh, shoulder, and buttock. Some of the causes of increased pressure are trauma, tight dressings, hemorrhage, and exercise. Sequelae include nerve compression, paralysis, and contracture.",,,Diagnosis,N/A,,,,,,,,,,,,1309
123008AAAAAAAAAAAAAAAAAAAAAAAAAAAAAA,,Vivax malaria,Paludisme à plasmodium Vivax,paludismo por Plasmodium vivax,,,,"Malaria caused by PLASMODIUM VIVAX. This form of malaria is less severe than MALARIA, FALCIPARUM, but there is a higher probability for relapses to occur. Febrile paroxysms often occur every other day.",,,Diagnosis,N/A,,,,,,,,,,,,1310
123034AAAAAAAAAAAAAAAAAAAAAAAAAAAAAA,,Vitamin deficiency,Carence en vitamines,hipovitaminosis,,,,"A condition due to a deficiency of one or more essential vitamins. (Dorland, 27th ed)",,,Diagnosis,N/A,,,,,,,,,,,,1311
123050AAAAAAAAAAAAAAAAAAAAAAAAAAAAAA,,Vitamin A deficiency with ocular manifestation,Carence en vitamine A avec manifestation oculair,hipovitaminosis A con manifestaciones oculares,,,,"Dryness of the eye surfaces caused by deficiency of tears or conjunctival secretions. It may be associated with vitamin A deficiency, trauma, or any condition in which the eyelids do not close completely.",,,Diagnosis,N/A,,,,,,,,,,,,1312
123056AAAAAAAAAAAAAAAAAAAAAAAAAAAAAA,,Vitamin A deficiency with conjunctival xerosis,Avitaminose A avec xerosis conjonctival,hipovitaminosis A con xerosis conjuntival,,,,"A nutritional condition produced by a deficiency of VITAMIN A in the diet, characterized by NIGHT BLINDNESS and other ocular manifestations such as dryness of the conjunctiva and later of the cornea (XEROPHTHALMIA). Vitamin A deficiency is a very common problem worldwide, particularly in developing countries as a consequence of famine or shortages of vitamin A-rich foods. In the United States it is found among the urban poor, the elderly, alcoholics, and patients with malabsorption. (From Cecil Textbook of Medicine, 19th ed, p1179)",,,Diagnosis,N/A,,,,,,,,,,,,1313
123057AAAAAAAAAAAAAAAAAAAAAAAAAAAAAA,,Vitamin A deficiency with Bitot's spot and conjunctival xerosis,Avitamineose A aveac taches de Bitot et xerosis conjonctival,hipovitaminosis A con mancha de Bitot y xerosis conjuntival,,,,"A nutritional condition produced by a deficiency of VITAMIN A in the diet, characterized by NIGHT BLINDNESS and other ocular manifestations such as dryness of the conjunctiva and later of the cornea (XEROPHTHALMIA). Vitamin A deficiency is a very common problem worldwide, particularly in developing countries as a consequence of famine or shortages of vitamin A-rich foods. In the United States it is found among the urban poor, the elderly, alcoholics, and patients with malabsorption. (From Cecil Textbook of Medicine, 19th ed, p1179)",,,Diagnosis,N/A,,,,,,,,,,,,1314
123058AAAAAAAAAAAAAAAAAAAAAAAAAAAAAA,,Vitamin A deficiency,Avitaminose A,hipovitaminosis A,,,,"A nutritional condition produced by a deficiency of VITAMIN A in the diet, characterized by NIGHT BLINDNESS and other ocular manifestations such as dryness of the conjunctiva and later of the cornea (XEROPHTHALMIA). Vitamin A deficiency is a very common problem worldwide, particularly in developing countries as a consequence of famine or shortages of vitamin A-rich foods. In the United States it is found among the urban poor, the elderly, alcoholics, and patients with malabsorption. (From Cecil Textbook of Medicine, 19th ed, p1179)",,,Diagnosis,N/A,,,,,,,,,,,,1315
123070AAAAAAAAAAAAAAAAAAAAAAAAAAAAAA,,Visual field scotoma,Scotome du champ visuel,escotoma,,,,"A localized defect in the visual field bordered by an area of normal vision. This occurs with a variety of EYE DISEASES (e.g., RETINAL DISEASES and GLAUCOMA), OPTIC NERVE DISEASES, and other conditions.",,,Diagnosis,N/A,,,,,,,,,,,,1316
123074AAAAAAAAAAAAAAAAAAAAAAAAAAAAAA,,Visual disturbance,Perturbation visuelle,alteración visual,,,,"Vision considered to be inferior to normal vision as represented by accepted standards of acuity, field of vision, or motility. Low vision generally refers to visual disorders that are caused by diseases that cannot be corrected by refraction (e.g., MACULAR DEGENERATION; RETINITIS PIGMENTOSA; DIABETIC RETINOPATHY, etc.).",,,Diagnosis,N/A,,,,,,,,,,,,1317
123084AAAAAAAAAAAAAAAAAAAAAAAAAAAAAA,,Visceral leishmaniasis,Leishmaniose viscérale,leishmaniasis visceral,,,,"A chronic disease caused by LEISHMANIA DONOVANI and transmitted by the bite of several sandflies of the genera Phlebotomus and Lutzomyia. It is commonly characterized by fever, chills, vomiting, anemia, hepatosplenomegaly, leukopenia, hypergammaglobulinemia, emaciation, and an earth-gray color of the skin. The disease is classified into three main types according to geographic distribution: Indian, Mediterranean (or infantile), and African.",,,Diagnosis,N/A,,,,,,,,,,,,1318
123098AAAAAAAAAAAAAAAAAAAAAAAAAAAAAA,,Viral pneumonia,Pneumopathie virale,neumonía viral,,,,"Pneumonia caused by a virus. (Dorland, 28th ed)",,,Diagnosis,N/A,,,,,,,,,,,,1319
123103AAAAAAAAAAAAAAAAAAAAAAAAAAAAAA,,Viral meningitis,Méningite virale,meningitis viral,,,,"Viral infections of the leptomeninges and subarachnoid space. TOGAVIRIDAE INFECTIONS; FLAVIVIRIDAE INFECTIONS; RUBELLA; BUNYAVIRIDAE INFECTIONS; ORBIVIRUS infections; PICORNAVIRIDAE INFECTIONS; ORTHOMYXOVIRIDAE INFECTIONS; RHABDOVIRIDAE INFECTIONS; ARENAVIRIDAE INFECTIONS; HERPESVIRIDAE INFECTIONS; ADENOVIRIDAE INFECTIONS; POLYOMAVIRUS HOMINIS 2 infections; and RETROVIRIDAE INFECTIONS may cause this form of meningitis. Clinical manifestations include fever, headache, neck pain, vomiting, PHOTOPHOBIA, and signs of meningeal irritation. (From Joynt, Clinical Neurology, 1996, Ch26, pp1-3)",,,Diagnosis,N/A,,,,,,,,,,,,1320
123107AAAAAAAAAAAAAAAAAAAAAAAAAAAAAA,,Hepatitis A,Hépatite A,"hepatitis viral, tipo A",,,,,,,Diagnosis,N/A,,,,,,,,,,,,1321
123112AAAAAAAAAAAAAAAAAAAAAAAAAAAAAA,,Viral haemorrhagic fever,Fièvre hémorragique virale,fiebre hemorrágica viral,,,,"A group of viral diseases of diverse etiology but having many similar clinical characteristics; increased capillary permeability, leukopenia, and thrombocytopenia are common to all. Hemorrhagic fevers are characterized by sudden onset, fever, headache, generalized myalgia, backache, conjunctivitis, and severe prostration, followed by various hemorrhagic symptoms. Hemorrhagic fever with kidney involvement is HEMORRHAGIC FEVER WITH RENAL SYNDROME.",,,Diagnosis,N/A,,,,,,,,,,,,1322
123114AAAAAAAAAAAAAAAAAAAAAAAAAAAAAA,,Viral gastroenteritis,Gastro-entérite virale,gastroenteritis viral,,,,Gastroenteritis due to a viral pathogen.,,,Diagnosis,N/A,,,,,,,,,,,,1323
123123AAAAAAAAAAAAAAAAAAAAAAAAAAAAAA,,Viral conjunctivitis,Conjonctivite virale,conjuntivitis viral,,,,"Inflammation, often mild, of the conjunctiva caused by a variety of viral agents. Conjunctival involvement may be part of a systemic infection.",,,Diagnosis,N/A,,,,,,,,,,,,1324
123154AAAAAAAAAAAAAAAAAAAAAAAAAAAAAA,,Victim of Trauma,Victime de traumatisme,víctima de traumatismo,,,,DEF: Physical or emotional damage caused by external violence.,,,Diagnosis,N/A,,,,,,,,,,,,1325
123160AAAAAAAAAAAAAAAAAAAAAAAAAAAAAA,,Victim of sexual aggression,Victime d'agression sexuelle,víctima de agresión sexual,,,,Unlawful sexual intercourse without consent of the victim.,,,Diagnosis,Coded,,,,,,,,,,,,1326
123199AAAAAAAAAAAAAAAAAAAAAAAAAAAAAA,,Vesicular eczema of hands and/or feet,Dyshidrose,eccema vesicular de manos y/o pies,,,,"A recurrent eczematous reaction characterized by the development of vesicular eruptions on the palms and soles, particularly along the sides and between the digits. It is accompanied by pruritus, a burning sensation, and hyperhidrosis. The disease is self-limiting, lasting only a few weeks. (Dorland, 27th ed)",,,Diagnosis,N/A,,,,,,,,,,,,1327
123226AAAAAAAAAAAAAAAAAAAAAAAAAAAAAA,,Verrucous epidermal nevus,Naevus verruqueux,nevo verrugoso epidermoide,,,,"An autosomal recessive disorder characterized by telangiectatic erythema of the face, photosensitivity, dwarfism, and other abnormalities.",,,Diagnosis,N/A,,,,,,,,,,,,1328
123239AAAAAAAAAAAAAAAAAAAAAAAAAAAAAA,,Ventricular tachycardia,Tachycardie ventriculaire,taquicardia ventricular,VT,,,"An abnormally rapid ventricular rhythm with wide QRS complexes, usually in excess of 150 per minute. It is generated within the ventricle, below the BUNDLE OF HIS, and is most commonly associated with atrioventricular dissociation.",,,Diagnosis,N/A,,,,,,,,,,,,1329
123240AAAAAAAAAAAAAAAAAAAAAAAAAAAAAA,,Ventricular septal defect,Défaut du septum ventriculaire,defecto septal interventricular,,,,"Congenital defects in the septum between the cardiac ventricles, most often due to failure of the bulbar septum to completely close the interventricular foramen.",,,Diagnosis,N/A,,,,,,,,,,,,1330
123247AAAAAAAAAAAAAAAAAAAAAAAAAAAAAA,,Ventricular fibrillation,Fibrillation ventriculaire,fibrilación ventricular,,,,An abnormal heart rhythm where there is very rapid unsynchronized contractions of the muscle fibers of the heart resulting in failure of coordinated ventricular contraction and blood flow.,,,Diagnosis,N/A,,,,,,,,,,,,1331
123310AAAAAAAAAAAAAAAAAAAAAAAAAAAAAA,,Arteriovenous fistula,Anévrisme artérioveineux,Fistulas vasculares,,,,An abnormal communication between an artery and a vein.,,,Diagnosis,N/A,,,,,,,,,,,,1332
123332AAAAAAAAAAAAAAAAAAAAAAAAAAAAAA,,Vasa praevia,Insertion vélamenteuse du cordon,vasa previa,,,,,,,Diagnosis,N/A,,,,,,,,,,,,1333
123354AAAAAAAAAAAAAAAAAAAAAAAAAAAAAA,,Varicocele,Varices scrotales (varicocèle),varicocele,,,,"A varicose condition of the veins of the pampiniform plexus, forming a swelling that feels like a ""bag of worms,"" appearing bluish through the skin of the scrotum, and accompanied by a constant pulling, dragging, or dull pain in the scrotum. (Dorland, 27th ed)",,,Diagnosis,N/A,,,,,,,,,,,,1334
123380AAAAAAAAAAAAAAAAAAAAAAAAAAAAAA,,Vaginitis and vulvovaginitis,Vaginite et Vulvovaginite,vaginitis y vulvovaginitis,,,,"Inflammation of the vulva and vagina or vulvovaginal glands. (Dorland, 27th ed)",,,Diagnosis,N/A,,,,,,,,,,,,1335
123383AAAAAAAAAAAAAAAAAAAAAAAAAAAAAA,,Vaginal ulcer,Ulceration du vagin,úlcera de la vagina,,,,,,,Diagnosis,N/A,,,,,,,,,,,,1336
123385AAAAAAAAAAAAAAAAAAAAAAAAAAAAAA,,Vaginal pain,Douleur vaginale,dolor en la vagina,,,,,,,Diagnosis,N/A,,,,,,,,,,,,1337
123396AAAAAAAAAAAAAAAAAAAAAAAAAAAAAA,,Vaginal discharge,Pertes vaginales,secreción vaginal,,,,"A common gynecologic disorder characterized by an abnormal, nonbloody discharge from the genital tract.",,,Diagnosis,N/A,,,,,,,,,,,,1338
123441AAAAAAAAAAAAAAAAAAAAAAAAAAAAAA,,Uterovaginal prolapse,Prolapsus utéro-vaginal,prolapso uterovaginal,,,,Downward displacement of the uterus. It is classified in various degrees: in the first degree the cervix is within the vaginal orifice; in the second degree the cervix is outside the orifice; in the third degree the entire uterus is outside the orifice.,,,Diagnosis,N/A,,,,,,,,,,,,1339
123455AAAAAAAAAAAAAAAAAAAAAAAAAAAAAA,,Uterine leiomyoma,Léiomyome de l'utérus (comprend fibromyome),leiomioma del útero,,,,"A benign tumor derived from smooth muscle tissue, also known as a fibroid tumor. They rarely occur outside of the uterus and the gastrointestinal tract but can occur in the skin and subcutaneous tissues, probably arising from the smooth muscle of small blood vessels in these tissues.",,,Diagnosis,N/A,,,,,,,,,,,,1340
123468AAAAAAAAAAAAAAAAAAAAAAAAAAAAAA,,Urticaria,Urticaire,urticaria,,,,"A vascular reaction of the skin characterized by erythema and wheal formation due to localized increase of vascular permeability. The causative mechanism may be allergy, infection, or stress.",,,Diagnosis,N/A,,,,,,,,,,,,1341
123481AAAAAAAAAAAAAAAAAAAAAAAAAAAAAA,,Dark urine,Urine foncée,orina oscura,,,,"An autosomal recessive inherited disorder with multiple forms of phenotypic expression, caused by a defect in the oxidative decarboxylation of branched-chain ammino acids (AMINO ACIDS, BRANCHED-CHAIN). These metabolites accumulate in body fluids and render a ""maple syrup"" odor. The disease is divided into classic, intermediate, intermittent, and thiamine responsive subtypes. The classic form presents in the first week of life with ketoacidosis, hypoglycemia, emesis, neonatal seizures, and hypertonia. The intermediate and intermittent forms present in childhood or later with acute episodes of ataxia and vomiting. (From Adams et al., Principles of Neurology, 6th ed, p936)",,,Diagnosis,N/A,,,,,,,,,,,,1342
123491AAAAAAAAAAAAAAAAAAAAAAAAAAAAAA,,Urinary tract infection in pregnancy,Infection urinaires pendant la grossesse,infección urinaria en el embarazo,,,,,,,Diagnosis,N/A,,,,,,,,,,,,1343
123501AAAAAAAAAAAAAAAAAAAAAAAAAAAAAA,,"Urinary cast, hyaline",Cylindre urinaire hyalin,"cilindro urinario, hialino",,,,,,,Diagnosis,N/A,,,,,,,,,,,,1344
123502AAAAAAAAAAAAAAAAAAAAAAAAAAAAAA,,Urinary bladder stone,Lithiase vesicale,cálculo vesical,,,,"Calculi of the urinary bladder; also known as vesical calculi or bladder stones, and cystoliths.",,,Diagnosis,N/A,,,,,,,,,,,,1345
123505AAAAAAAAAAAAAAAAAAAAAAAAAAAAAA,,Uric Acid Crystalluria,Acide urique Cristallurie,cristaluria por ácido úrico,,,,,,,Diagnosis,N/A,,,,,,,,,,,,1346
123529AAAAAAAAAAAAAAAAAAAAAAAAAAAAAA,,Urethrorrhoea,Écoulement de l'urètre,secreción uretral,,,,DEF: Discharge of purulent fluid from the urethra. DESC: Commonly caused by Gonorrhea and/or chlamydia. REF: Merck Manual,ECOULEMENT URETRAL,,Diagnosis,N/A,,,,,,,,,,,,1347
123535AAAAAAAAAAAAAAAAAAAAAAAAAAAAAA,,Ureterovaginal fistula,Fistule ureterovaginale,fístula ureterovaginal,,,,,,,Diagnosis,N/A,,,,,,,,,,,,1348
123558AAAAAAAAAAAAAAAAAAAAAAAAAAAAAA,,Urban rabies,Rage urbaine,rabia urbana,,,,"An acute infectious disease of the central nervous system affecting almost all mammals, including humans. It is caused by a rhabdovirus and usually spread by contamination with virus-laden saliva of bites inflicted by rabid animals. Important animal vectors include the dog, cat, vampire bat, mongoose, skunk, wolf, raccoon, and fox. (From Dorland, 27th ed)",,,Diagnosis,N/A,,,,,,,,,,,,1349
123565AAAAAAAAAAAAAAAAAAAAAAAAAAAAAA,,Upper respiratory infection,Infection des voies respiratoires supérieures,infección de vías respiratorias superiores,URI,,,"A catarrhal disorder of the upper respiratory tract, which may be viral, a mixed infection, or an allergic reaction. It is marked by acute coryza, slight rise in temperature, chilly sensations, and general indisposition. (Dorland, 27th ed)",,,Diagnosis,N/A,,,,,,,,,,,,1350
123569AAAAAAAAAAAAAAAAAAAAAAAAAAAAAA,,Upper gastrointestinal haemorrhage,,hemorragia digestiva alta,,,,"Bleeding in the esophagus, stomach or duodenum parts of the gastrointestinal tract.",,,Diagnosis,N/A,,,,,,,,,,,,1351
123572AAAAAAAAAAAAAAAAAAAAAAAAAAAAAA,,Unwanted pregnancy,Grossesse non désirée,embarazo no deseado,,,,The pregnancy is not wanted by one or both parents.,,,Diagnosis,N/A,,,,,,,,,,,,1352
123588AAAAAAAAAAAAAAAAAAAAAAAAAAAAAA,,Tinnitus,Acouphènes,Tinnitus,,,,"Sounds that are perceived in the absence of any external noise source which may take the form of buzzing, ringing, clicking, pulsations, and other noises. Objective tinnitus refers to noises generated from within the ear or adjacent structures that can be heard by other individuals. The term subjective tinnitus is used when the sound is audible only to the affected individual. Tinnitus may occur as a manifestation of COCHLEAR DISEASES; VESTIBULOCOCHLEAR NERVE DISEASES; INTRACRANIAL HYPERTENSION; CRANIOCEREBRAL TRAUMA; and other conditions.",,,Diagnosis,N/A,,,,,,,,,,,,1353
123774AAAAAAAAAAAAAAAAAAAAAAAAAAAAAA,,Unilateral inguinal hernia with obstruction but no gangrene,"Hernie inguinale unilatérale, avec occlusion, sans gangrène",hernia inguinal unilateral con obstrucción pero sin gangrena,,,,Abnormal protrusion of the intestine into the inguinal canal.,,,Diagnosis,N/A,,,,,,,,,,,,1354
123776AAAAAAAAAAAAAAAAAAAAAAAAAAAAAA,,Unilateral inguinal hernia with gangrene,"Hernie inguinale unilatérale, avec gangrène",hernia inguinal unilateral con gangrena,,,,,,,Diagnosis,N/A,,,,,,,,,,,,1355
123790AAAAAAAAAAAAAAAAAAAAAAAAAAAAAA,,Unilateral congenital dislocation of hip,"Luxation congénitale de la hanche, unilatérale",luxación congénita unilateral de la cadera,,,,,,,Diagnosis,N/A,,,,,,,,,,,,1356
123801AAAAAAAAAAAAAAAAAAAAAAAAAAAAAA,,Unemployed,Chômeur/sans emploi,desempleado,,,,The state of not being engaged in a gainful occupation.,,,Diagnosis,N/A,,,,,,,,,,,,1357
123802AAAAAAAAAAAAAAAAAAAAAAAAAAAAAA,,Undifferentiated somatoform disorder,Trouble somatoforme indifférencié,trastorno somatomorfo indiferenciado,,,,,,,Diagnosis,N/A,,,,,,,,,,,,1358
123813AAAAAAAAAAAAAAAAAAAAAAAAAAAAAA,,Undescended testicle,Criptorchidie,testículo no descendido,,,,"A developmental defect characterized by failure of the testes to descend into the scrotum. (Dorland, 27th ed)",,,Diagnosis,N/A,,,,,,,,,,,,1359
123829AAAAAAAAAAAAAAAAAAAAAAAAAAAAAA,,Unattended death,Mort sans surveillance,muerte desatendida,,,,"Irreversible cessation of all bodily functions, manifested by absence of spontaneous breathing and total loss of cardiovascular and cerebral functions.",,,Diagnosis,N/A,,,,,,,,,,,,1360
123919AAAAAAAAAAAAAAAAAAAAAAAAAAAAAA,,Ulcer,Ulcère,úlcera,,,,"A lesion on the surface of the skin or a mucous surface, produced by the sloughing of inflammatory necrotic tissue.",,,Diagnosis,N/A,,,,,,,,,,,,1361
123955AAAAAAAAAAAAAAAAAAAAAAAAAAAAAA,,"Outcome of delivery, twins, both liveborn","Résultat de l'accouchement, jumeaux nés vivants",gemelos - ambos nacidos vivos,,,,,,,Diagnosis,N/A,,,,,,,,,,,,1362
123964AAAAAAAAAAAAAAAAAAAAAAAAAAAAAA,,Tunga penetrans infestation,Tungose,infestación por Tunga penetrans,,,,Infestations by parasites which live on the outside of the body of the host.,,,Diagnosis,N/A,,,,,,,,,,,,1363
124068AAAAAAAAAAAAAAAAAAAAAAAAAAAAAA,,Tuberculosis contact,Cas de contact avec et d'exposition à la tuberculose,contacto de tuberculosis,TB_contact,,,"DEF: Close contacts are people who share the same breathing space for prolonged periods, typically household residents, but often includes people at work, school, and places of recreation. The precise duration and degree of contact that constitutes risk varies because TB patients vary greatly in infectiousness. REF: Merck Manual",,,Diagnosis,Coded,,,,,,,,,,,,1364
124072AAAAAAAAAAAAAAAAAAAAAAAAAAAAAA,,Tubal abortion,avortement tubaire,aborto tubárico,,,,Expulsion of the products of conception from Fallopian Tube before the completion of gestation without deliberate interference.,,,Diagnosis,N/A,,,,,,,,,,,,1365
124091AAAAAAAAAAAAAAAAAAAAAAAAAAAAAA,,Tropical phagedenic ulcer,Ulcère tropical,úlcera fagedénica tropical (duplicate),,,,,,,Diagnosis,N/A,,,,,,,,,,,,1367
124125AAAAAAAAAAAAAAAAAAAAAAAAAAAAAA,,Tricuspid valve regurgitation,Insuffisance de la valvule tricuspide,insuficiencia de la válvula tricúspide,,,,"Backflow of blood from the right ventricle into the right atrium, owing to imperfect functioning of the tricuspid valve.",,,Diagnosis,N/A,,,,,,,,,,,,1368
124153AAAAAAAAAAAAAAAAAAAAAAAAAAAAAA,,Traveling,En voyage,viajar,,,,,,,Diagnosis,N/A,,,,,,,,,,,,1369
124175AAAAAAAAAAAAAAAAAAAAAAAAAAAAAA,,Traumatic pneumothorax,Pneumothorax traumatique,neumotórax traumático,,,,,,,Diagnosis,N/A,,,,,,,,,,,,1370
124185AAAAAAAAAAAAAAAAAAAAAAAAAAAAAA,,Traumatic myositis ossificans,Myosite ossifiante traumatique,miositis osificante traumática,,,,,,,Diagnosis,N/A,,,,,,,,,,,,1371
124193AAAAAAAAAAAAAAAAAAAAAAAAAAAAAA,,Traumatic injury,Trauma,lesión traumática,,,,"Damage inflicted on the body as the direct or indirect result of an external force, with or without disruption of structural continuity.",,,Diagnosis,N/A,,,,,,,,,,,,1372
124195AAAAAAAAAAAAAAAAAAAAAAAAAAAAAA,,Traumatic haemothorax,Hémothorax traumatique,hemotórax traumático,,,,,,,Diagnosis,N/A,,,,,,,,,,,,1373
124209AAAAAAAAAAAAAAAAAAAAAAAAAAAAAA,,Traumatic brain injury,Lésion cérébrale traumatique,lesión traumática cerebral,,,,"Acute and chronic (see also BRAIN INJURIES, CHRONIC) injuries to the brain, including the cerebral hemispheres, CEREBELLUM, and BRAIN STEM. Clinical manifestations depend on the nature of injury. Diffuse trauma to the brain is frequently associated with DIFFUSE AXONAL INJURY or COMA, POST-TRAUMATIC. Localized injuries may be associated with NEUROBEHAVIORAL MANIFESTATIONS; HEMIPARESIS, or other focal neurologic deficits.",,,Diagnosis,N/A,,,,,,,,,,,,1374
124243AAAAAAAAAAAAAAAAAAAAAAAAAAAAAA,,Traumatic amputation of toe,Amputation traumatique d'un orteil,amputación traumática de los dedos del pie,,,,,,,Diagnosis,N/A,,,,,,,,,,,,1375
124258AAAAAAAAAAAAAAAAAAAAAAAAAAAAAA,,Transvestism,Trouble transvestisme,transvestismo fetichista,,,,"Disorder characterized by recurrent, intense sexually arousing fantasies, sexual urges, or behaviors involving cross-dressing in a heterosexual male. The fantasies, urges, or behaviors cause clinically significant distress or impairment in social, occupational or other areas of functioning. (from APA, DSM-IV, 1994)",,,Diagnosis,N/A,,,,,,,,,,,,1376
124443AAAAAAAAAAAAAAAAAAAAAAAAAAAAAA,,Toxic hepatitis,Hépatite toxique,hepatitis tóxica,,,,"Acute hepatitis caused by true hepatotoxins such as Amanita phaloides toxin, carbon tetrachloride, yellow phosphorus, and a variety of drugs. (From Dorland, 28th ed). Inflammation of the liver due to medication or exposure to toxic chemicals such as alcohol, drugs or nutritional supplement",,,Diagnosis,N/A,,,,,,,,,,,,1377
124586AAAAAAAAAAAAAAAAAAAAAAAAAAAAAA,,Torsion of testis,Torsion du testicule,torsión del testículo,,,,"Torsion of the spermatic cord caused usually by incomplete attachment of the epididymis to the testis or by inclusion of the cord within the tunica vaginalis. Faulty development of various anatomical components of the testes is also a cause. It occurs most frequently in childhood and adolescence. (From Current Medical Information & Terminology, 5th ed)",,,Diagnosis,N/A,,,,,,,,,,,,1378
124588AAAAAAAAAAAAAAAAAAAAAAAAAAAAAA,,Torsion of ovary,Torsion de l'ovaire,torsión del ovario,,Tordu de l'ovaire,,,,,Diagnosis,N/A,,,,,,,,,,,,1379
124601AAAAAAAAAAAAAAAAAAAAAAAAAAAAAA,,Toothache,Mal de dents,dolor de dientes,,,,Pain in the adjacent areas of the teeth.,,,Diagnosis,N/A,,,,,,,,,,,,1380
124637AAAAAAAAAAAAAAAAAAAAAAAAAAAAAA,,Tinea pedis,Teigne du pied,tiña de los pies,,,,"Dermatological pruritic lesion in the feet, caused by Trichophyton rubrum, T. mentagrophytes, or Epidermophyton floccosum.",,,Diagnosis,N/A,,,,,,,,,,,,1381
124640AAAAAAAAAAAAAAAAAAAAAAAAAAAAAA,,Tinea manus,Dermatophytie de la main,tiña de las manos,,,,"A general term describing various dermatophytoses. Specific types include TINEA CAPITIS (ringworm of the scalp), TINEA FAVOSA (of scalp and skin), TINEA PEDIS (athlete's foot), and tinea unguium (see ONYCHOMYCOSIS, ringworm of the nails). (Dorland, 27th ed)",,,Diagnosis,N/A,,,,,,,,,,,,1382
124647AAAAAAAAAAAAAAAAAAAAAAAAAAAAAA,,Tinea cruris,Eczema margine de Hebra,tiña crural,,,,"A general term describing various dermatophytoses. Specific types include TINEA CAPITIS (ringworm of the scalp), TINEA FAVOSA (of scalp and skin), TINEA PEDIS (athlete's foot), and tinea unguium (see ONYCHOMYCOSIS, ringworm of the nails). (Dorland, 27th ed)",,,Diagnosis,N/A,,,,,,,,,,,,1383
124650AAAAAAAAAAAAAAAAAAAAAAAAAAAAAA,,Tinea corporis,Dermatophyte de la peau glabre,tiña del cuerpo,,,,,,,Diagnosis,N/A,,,,,,,,,,,,1384
124654AAAAAAAAAAAAAAAAAAAAAAAAAAAAAA,,Tinea capitis,Teigne,tiña de la cabeza,,,,,,,Diagnosis,N/A,,,,,,,,,,,,1385
124702AAAAAAAAAAAAAAAAAAAAAAAAAAAAAA,,Thyrotoxicosis,Thyréotoxicose [hyperthyroïdie],tirotoxicosis,,,,The clinical syndrome that reflects the response of the peripheral tissues to an excess of thyroid hormone.,,,Diagnosis,N/A,,,,,,,,,,,,1386
124724AAAAAAAAAAAAAAAAAAAAAAAAAAAAAA,,Thyroglossal duct cyst,Kyste thyréoglosse,quiste del conducto tirogloso,,,,"A cyst in the neck caused by persistence of portions of, or by lack of closure of, the primitive thyroglossal duct. (Dorland, 27th ed)",,,Diagnosis,N/A,,,,,,,,,,,,1387
124735AAAAAAAAAAAAAAAAAAAAAAAAAAAAAA,,Thrombotic microangiopathy,Microangiopathie thrombotique,púrpura trombocitopénica trombótica,,,,"A disorder characterized by reduction in the elements involved in blood coagulation due to their utilization in widespread blood clotting within the vessels. The activation of the clotting mechanism may arise from any of a number of disorders. In the late stages, it is marked by profuse hemorrhaging. (Dorland, 27th ed)",,,Diagnosis,N/A,,,,,,,,,,,,1388
124737AAAAAAAAAAAAAAAAAAAAAAAAAAAAAA,,Thrombotic infarction,Infarctus thrombotique,infarto trombótico,,,,,,,Diagnosis,N/A,,,,,,,,,,,,1389
124743AAAAAAAAAAAAAAAAAAAAAAAAAAAAAA,,Venous thrombosis,Thrombose veineuse,trombosis venosa,,,,Obstruction of a vessel by a blood clot that has been transported from a distant site by the blood stream.,,,Diagnosis,N/A,,,,,,,,,,,,1390
124749AAAAAAAAAAAAAAAAAAAAAAAAAAAAAA,,Thrombosis of superior vena cava,Thrombose de veine cave supérieure,trombosis de vena cava superior,,,,,,,Diagnosis,N/A,,,,,,,,,,,,1391
124772AAAAAAAAAAAAAAAAAAAAAAAAAAAAAA,,Thrombosis Complicating Pregnancy and/or Puerperium,Thrombose compliquant la grossesse et / ou Puerperium,trombosis que complica el embarazo Y/O el puerperio,,,,,,,Diagnosis,N/A,,,,,,,,,,,,1392
124795AAAAAAAAAAAAAAAAAAAAAAAAAAAAAA,,"Thrombophlebitis following infusion, perfusion and/or transfusion","Thrombophlébite secondaire à une injection, perfusion et/ou transfusion","tromboflebitis luego de infusión, perfusión Y/O transfusión",,,,,,,Diagnosis,N/A,,,,,,,,,,,,1393
124846AAAAAAAAAAAAAAAAAAAAAAAAAAAAAA,,Thoracic back sprain,Entorse du rachis dorsal,esguince de región dorsal,,,,A collective term for muscle and ligament injuries without dislocation or fracture. A sprain is a joint injury in which some of the fibers of a supporting ligament are ruptured but the continuity of the ligament remains intact. A strain is an overstretching or overexertion of some part of the musculature.,,,Diagnosis,N/A,,,,,,,,,,,,1394
124899AAAAAAAAAAAAAAAAAAAAAAAAAAAAAA,,Third degree burn,Brûlure du troisième degré,quemadura de tercer grado,,,,"Injuries to tissues caused by contact with heat, steam, chemicals (BURNS, CHEMICAL), electricity (BURNS, ELECTRIC), or the like.",,,Diagnosis,N/A,,,,,,,,,,,,1395
124925AAAAAAAAAAAAAAAAAAAAAAAAAAAAAA,,Therapeutically Induced Malaria,Paludisme Nosocomial (Provoqué),paludismo inducido en forma terapéutica,,,,,,,Diagnosis,N/A,,,,,,,,,,,,1396
124940AAAAAAAAAAAAAAAAAAAAAAAAAAAAAA,,Thalassaemia,Thalassémie,talasemia,,,,A group of hereditary hemolytic anemias in which there is decreased synthesis of one or more hemoglobin polypeptide chains. There are several genetic types with clinical pictures ranging from barely detectable hematologic abnormality to severe and fatal anemia.,,,Diagnosis,N/A,,,,,,,,,,,,1397
124944AAAAAAAAAAAAAAAAAAAAAAAAAAAAAA,,Tetralogy of Fallot,Tétralogie de Fallot,tetralogía de Fallot,,,,,,,Diagnosis,N/A,,,,,,,,,,,,1398
124954AAAAAAAAAAAAAAAAAAAAAAAAAAAAAA,,Tetanus neonatorum,Tetanos neonatal,Tétanos del neonato,,,,,,,Diagnosis,N/A,,,,,,,,,,,,1399
124957AAAAAAAAAAAAAAAAAAAAAAAAAAAAAA,,Tetanus,Tétanos,Tétanos,,,,,,,Diagnosis,Coded,,,,,,,,,,,,1400
124965AAAAAAAAAAAAAAAAAAAAAAAAAAAAAA,,Testicular Mass,Masse testiculaire,masa testicular,,,,,,,Diagnosis,N/A,,,,,,,,,,,,1401
124991AAAAAAAAAAAAAAAAAAAAAAAAAAAAAA,,Tendon contracture,Contracture tendineuse,contractura de tendón,,,,,,,Diagnosis,N/A,,,,,,,,,,,,1402
124998AAAAAAAAAAAAAAAAAAAAAAAAAAAAAA,,"Abdominal tenderness, periumbilical","Abdominale tendresse, périombilicale",dolor a la palpación en la región central,,,,,,,Diagnosis,N/A,,,,,,,,,,,,1403
1249AAAAAAAAAAAAAAAAAAAAAAAAAAAAAAAA,,Papular pruritic eruption associated with HIV infection,Eruption prurigineuses papuleuse,,PPE,,,Intensely pruritic skin rash known to be related to HIV infection.  It is hypothesized that this condition reflects an altered and exaggerated immune response to arthropod antigens in a subset of susceptible HIV-infected patients.,,,Diagnosis,N/A,,,,,,,,,,,,1404
124AAAAAAAAAAAAAAAAAAAAAAAAAAAAAAAAA,,Amoebiasis,Amibiase,infección amebiásica,,,,Intestinal infection with amoebae.,,,Diagnosis,N/A,,,,,,,,,,,,1405
125012AAAAAAAAAAAAAAAAAAAAAAAAAAAAAA,,Telogen effluvium,Effluvium telogene,efluvio telógeno,,,,,,,Diagnosis,N/A,,,,,,,,,,,,1406
125043AAAAAAAAAAAAAAAAAAAAAAAAAAAAAA,,Talipes equinovarus,Pied bot varus équin,pie zambo equinovaro,,,,"A deformed foot in which the foot is plantarflexed, inverted and adducted.",,,Diagnosis,N/A,,,,,,,,,,,,1407
125061AAAAAAAAAAAAAAAAAAAAAAAAAAAAAA,,Tachypnea,Tachypnée,taquipnea,,,,,,,Diagnosis,Coded,,,,,,,,,,,,1408
125063AAAAAAAAAAAAAAAAAAAAAAAAAAAAAA,,Tachycardia,Tachycardie,taquicardia,,,,"Excessive rapidity in the action of the heart, usually with a heart rate above 100 beats per minute.",,,Diagnosis,N/A,,,,,,,,,,,,1409
125075AAAAAAAAAAAAAAAAAAAAAAAAAAAAAA,,"Systemic sclerosis, diffuse",Sclérose systémique,"esclerosis sistémica, difusa",,,,"A chronic, progressive dermatosis characterized by boardlike hardening and immobility of the affected skin, with visceral involvement, especially of lungs, esophagus, kidneys and heart. It may be accompanied by calcinosis, Raynaud's phenomenon, and telangiectasis (CREST syndrome). It includes acrosclerosis and sclerodactyly.",,,Diagnosis,N/A,,,,,,,,,,,,1410
125077AAAAAAAAAAAAAAAAAAAAAAAAAAAAAA,,Systemic sclerosis,Sclerodermie systemique,esclerosis sistémica,,,,"A chronic, progressive dermatosis characterized by boardlike hardening and immobility of the affected skin, with visceral involvement, especially of lungs, esophagus, kidneys and heart. It may be accompanied by calcinosis, Raynaud's phenomenon, and telangiectasis (CREST syndrome). It includes acrosclerosis and sclerodactyly.",,,Diagnosis,N/A,,,,,,,,,,,,1411
125119AAAAAAAAAAAAAAAAAAAAAAAAAAAAAA,,Syphilitic cirrhosis,,cirrosis sifilítica,,,,Syphilis acquired in utero and manifested by any of several characteristic tooth (Hutchinson's teeth) or bone malformations and by active mucocutaneous syphilis at birth or shortly thereafter. Ocular and neurologic changes may also occur.,,,Diagnosis,N/A,,,,,,,,,,,,1412
125141AAAAAAAAAAAAAAAAAAAAAAAAAAAAAA,,Syphilis of bone,Autres formes tardives de syphilis symptomatique,sífilis del hueso,,,,,,,Diagnosis,N/A,,,,,,,,,,,,1413
125154AAAAAAAAAAAAAAAAAAAAAAAAAAAAAA,,Synovial cyst of popliteal space,Kyste synovial poplité (Kyste de Baker),quiste sinovial del hueco poplíteo,,,,A synovial cyst in the popliteal space arising from the semimembranous bursa or the knee joint.,,,Diagnosis,N/A,,,,,,,,,,,,1414
125163AAAAAAAAAAAAAAAAAAAAAAAAAAAAAA,,Syndactyly,Syndactylie,sindactilia,,,,"The most common congenital anomaly of the hand or foot, marked by persistence of the webbing between adjacent fingers or toes, so they are more or less completely attached. It is called complicated syndactyly if the bones or nails of the involved digits are fused. (Dorland, 27th ed)",,,Diagnosis,N/A,,,,,,,,,,,,1415
125166AAAAAAAAAAAAAAAAAAAAAAAAAAAAAA,,Syncope,syncope,síncope,,,,Loss of consciousness due to a reduction in blood pressure that is associated with an increase in vagal tone and peripheral vasodilation.,,,Diagnosis,N/A,,,,,,,,,,,,1416
125198AAAAAAAAAAAAAAAAAAAAAAAAAAAAAA,,Swollen feet,Pieds gonflés,pies tumefactos,,,,,,,Diagnosis,N/A,,,,,,,,,,,,1417
125201AAAAAAAAAAAAAAAAAAAAAAAAAAAAAA,,Swelling of skin,Gonflement cutané,tumefacción cutánea,,,,,,,Diagnosis,N/A,,,,,,,,,,,,1418
125203AAAAAAAAAAAAAAAAAAAAAAAAAAAAAA,,Swelling of scrotum,Tuméfaction du scrotum,tumefacción del escroto,,,,,,,Diagnosis,N/A,,,,,,,,,,,,1419
125207AAAAAAAAAAAAAAAAAAAAAAAAAAAAAA,,Swelling of inguinal region,Gonflement de la région inguinale,tumefacción de la región inguinal,,,,,,,Diagnosis,N/A,,,,,,,,,,,,1420
125225AAAAAAAAAAAAAAAAAAAAAAAAAAAAAA,,Swallowing painful,Déglutition douloureuse,odinofagia,,,,,,,Diagnosis,N/A,,,,,,,,,,,,1421
125246AAAAAAAAAAAAAAAAAAAAAAAAAAAAAA,,Supraventricular tachycardia,Tachycardie supraventriculaire,taquicardia supraventricular,SVT,,,A generic expression for any tachycardia that originates above the BUNDLE OF HIS.,,,Diagnosis,N/A,,,,,,,,,,,,1422
125290AAAAAAAAAAAAAAAAAAAAAAAAAAAAAA,,Supernumerary tooth,Dents supplémentaires,diente supernumerario,,,,"An extra tooth, erupted or unerupted, resembling or unlike the other teeth in the group to which it belongs. Its presence may cause malposition of adjacent teeth or prevent their eruption.",,,Diagnosis,N/A,,,,,,,,,,,,1423
125418AAAAAAAAAAAAAAAAAAAAAAAAAAAAAA,,Superficial injury,Lésion traumatique superficielle,lesión traumática superficial,,,,,,,Diagnosis,N/A,,,,,,,,,,,,1424
125514AAAAAAAAAAAAAAAAAAAAAAAAAAAAAA,,Sunburn of third degree,Coup de soleil du troisième degré,quemadura solar de tercer grado,,,,"An injury to the skin causing erythema, tenderness, and sometimes blistering and resulting from excessive exposure to the sun. The reaction is produced by the ultraviolet radiation in sunlight.",,,Diagnosis,N/A,,,,,,,,,,,,1425
125515AAAAAAAAAAAAAAAAAAAAAAAAAAAAAA,,Sunburn of second degree,Coup de soleil du deuxième degré,quemadura solar de segundo grado,,,,"An injury to the skin causing erythema, tenderness, and sometimes blistering and resulting from excessive exposure to the sun. The reaction is produced by the ultraviolet radiation in sunlight.",,,Diagnosis,N/A,,,,,,,,,,,,1426
125516AAAAAAAAAAAAAAAAAAAAAAAAAAAAAA,,Sunburn of first degree,Coup de soleil du premier degré,eritema solar de primer grado,,,,"An injury to the skin causing erythema, tenderness, and sometimes blistering and resulting from excessive exposure to the sun. The reaction is produced by the ultraviolet radiation in sunlight.",,,Diagnosis,N/A,,,,,,,,,,,,1427
125531AAAAAAAAAAAAAAAAAAAAAAAAAAAAAA,,Suicide or self-inflicted injuries by jumping from high place,Lésion auto-infligée par saut dans le vide,suicidio o lesión autoinfligida por salto desde altura,,,,,,,Diagnosis,N/A,,,,,,,,,,,,1428
125561AAAAAAAAAAAAAAAAAAAAAAAAAAAAAA,,Suicide,Suicide,suicidio,,,,The act of killing oneself.,,,Diagnosis,N/A,,,,,,,,,,,,1429
125562AAAAAAAAAAAAAAAAAAAAAAAAAAAAAA,,Suicidal thoughts,Pensées suicidaires,ideación suicida,,,,Disorders in which the symptoms are distressing to the individual and recognized by him or her as being unacceptable. Social relationships may be greatly affected but usually remain within acceptable limits. The disturbance is relatively enduring or recurrent without treatment.,,,Diagnosis,N/A,,,,,,,,,,,,1430
125571AAAAAAAAAAAAAAAAAAAAAAAAAAAAAA,,Sudden infant death syndrome,Syndrome de mort Subite du Nourrisson,síndrome de muerte súbita del lactante,,,,"The abrupt and unexplained death of an apparently healthy infant under one year of age, remaining unexplained after a thorough case investigation, including performance of a complete autopsy, examination of the death scene, and review of the clinical history. (Pediatr Pathol 1991 Sep-Oct;11(5):677-84)",,,Diagnosis,N/A,,,,,,,,,,,,1431
125574AAAAAAAAAAAAAAAAAAAAAAAAAAAAAA,,"Sudden death, cause unknown","Mort subitee, cause inconnue","muerte súbita, causa desconocida",,,,,,,Diagnosis,N/A,,,,,,,,,,,,1432
125584AAAAAAAAAAAAAAAAAAAAAAAAAAAAAA,,Subtrochanteric fracture,Fracture sous-trochantérienne,fractura subtrocantérica de fémur,,,,"Fractures of the femur head, the femur neck, the trochanters, or the inter- or subtrochanteric region. Excludes fractures of the acetabulum and fractures of the femoral shaft below the subtrochanteric region. For the fractures of the femur neck the specific term FEMORAL NECK FRACTURES is available.",,,Diagnosis,N/A,,,,,,,,,,,,1433
125710AAAAAAAAAAAAAAAAAAAAAAAAAAAAAA,,Subarachnoid haemorrhage,Hémorragie sous-arachnoïdienne,hemorragia subaracnoidea,,,,"Hemorrhage within the intracranial or spinal subarachnoid space, most often resulting from INTRACRANIAL ANEURYSM rupture or CRANIOCEREBRAL TRAUMA (see also SUBARACHNOID HEMORRHAGE, TRAUMATIC). Clinical features include HEADACHE; NAUSEA; VOMITING, nuchal rigidity, variable neurologic deficits, intraocular subhyaloid hemorrhages, and a reduced level of consciousness which may progress to coma or death. Spasm of intracranial arteries (see VASOSPASM, INTRACRANIAL) frequently accompanies this condition and may lead to cerebral ischemia or CEREBRAL INFARCTION. (From N Engl J Med 1997 Jan 2;336(1):28-40)",,,Diagnosis,N/A,,,,,,,,,,,,1434
125752AAAAAAAAAAAAAAAAAAAAAAAAAAAAAA,,Subacute cutaneous lupus erythematosus,Lupus érythémateux cutané subaigu,lupus eritematoso cutáneo subagudo,Subacute CLE,,,"A form of lupus erythematosus in which the skin may be the only organ involved or in which skin involvement precedes the spread into other body systems. It has been classified into three forms - acute (= LUPUS ERYTHEMATOSUS, SYSTEMIC with skin lesions), subacute, and chronic (= LUPUS ERYTHEMATOSUS, DISCOID).",,,Diagnosis,N/A,,,,,,,,,,,,1435
125766AAAAAAAAAAAAAAAAAAAAAAAAAAAAAA,,Stuttering,Bégaiement,tartamudez,,,,"A disturbance in the normal fluency and time patterning of speech that is inappropriate for the individual's age. This disturbance is characterized by frequent repetitions or prolongations of sounds or syllables. Various other types of speech dysfluencies may also be involved including interjections, broken words, audible or silent blocking, circumlocutions, words produced with an excess of physical tension, and monosyllabic whole word repetitions. Stuttering may occur as a developmental condition in childhood or as an acquired disorder which may be associated with BRAIN INFARCTIONS and other BRAIN DISEASES. (From DSM-IV, 1994)",,,Diagnosis,N/A,,,,,,,,,,,,1436
125807AAAAAAAAAAAAAAAAAAAAAAAAAAAAAA,,Stress ulcer,Ulcère de stress,úlcera por estrés,,,,Ulcer that occurs in those portions of the alimentary tract which come into contact with gastric juice containing pepsin and acid. It occurs when the amount of acid and pepsin is sufficient to overcome the gastric mucosal barrier.,,,Diagnosis,N/A,,,,,,,,,,,,1437
125811AAAAAAAAAAAAAAAAAAAAAAAAAAAAAA,,Stress,Stress,estrés,,,,A pathological process resulting from the reaction of the body to external forces and abnormal conditions that tend to disturb the organism's homeostasis.,,,Diagnosis,N/A,,,,,,,,,,,,1438
125844AAAAAAAAAAAAAAAAAAAAAAAAAAAAAA,,Strain of rotator cuff capsule,Foulure de coiffe des rotateurs,distensión de la cápsula del manguito rotatorio,,,,,,,Diagnosis,N/A,,,,,,,,,,,,1439
125860AAAAAAAAAAAAAAAAAAAAAAAAAAAAAA,,Stomatitis,Stomatites,estomatitis,,,,"Inflammation of the oral mucosa, due to local or systemic factors, which may involve the buccal and labial mucosa, palate, tongue, floor of the mouth, and the gingivae. (Dorland, 27th ed)",,,Diagnosis,N/A,,,,,,,,,,,,1440
125872AAAAAAAAAAAAAAAAAAAAAAAAAAAAAA,,Stillbirth,Mort-ne,mortinato,,,,Death of the young developing in utero.,,,Diagnosis,Coded,,,,,,,,,,,,1441
125886AAAAAAAAAAAAAAAAAAAAAAAAAAAAAA,,Stevens-Johnson syndrome,Syndrome de Stevens-johnson,síndrome de Stevens - Johnson,,,,"A variant of bullous erythema multiforme. It ranges from mild skin and mucous membrane lesions to a severe, sometimes fatal systemic disorder. Ocular symptoms include ulcerative conjunctivitis, keratitis, iritis, uveitis, and sometimes blindness. The cause of the disease is unknown.",,,Diagnosis,N/A,,,,,,,,,,,,1442
125900AAAAAAAAAAAAAAAAAAAAAAAAAAAAAA,,Stereotypy habit disorder,Mouvements stéréotypés,trastorno de hábitos estereotipados,,,,"Motor behavior that is repetitive, often seemingly driven, and nonfunctional. This behavior markedly interferes with normal activities or results in severe bodily self-injury. The behavior is not due to the direct physiological effects of a substance or a general medical condition. (DSM-IV, 1994)",,,Diagnosis,N/A,,,,,,,,,,,,1443
125911AAAAAAAAAAAAAAAAAAAAAAAAAAAAAA,,Stenosis of rectum and anus,Sténose de l'anus et du rectum,estenosis de recto y ano,,,,,,,Diagnosis,N/A,,,,,,,,,,,,1444
125943AAAAAAAAAAAAAAAAAAAAAAAAAAAAAA,,Status epilepticus,Etat de mal épileptique,estado epiléptico,,,,"A prolonged seizure or seizures repeated frequently enough to prevent recovery between episodes occurring over a period of 20-30 minutes. The most common subtype is generalized tonic-clonic status epilepticus, a potentially fatal condition associated with neuronal injury and respiratory and metabolic dysfunction. Nonconvulsive forms include petit mal status and complex partial status, which may manifest as behavioral disturbances. Simple partial status epilepticus consists of persistent motor, sensory, or autonomic seizures that do not impair cognition (see also EPILEPSIA PARTIALIS CONTINUA). Subclinical status epilepticus generally refers to seizures occurring in an unresponsive or comatose individual in the absence of overt signs of seizure activity. (From N Engl J Med 1998 Apr 2;338(14):970-6; Neurologia 1997 Dec;12 Suppl 6:25-30)",,,Diagnosis,N/A,,,,,,,,,,,,1445
125996AAAAAAAAAAAAAAAAAAAAAAAAAAAAAA,,Squamous cell carcinoma,Carcinome cellulaire squameux,carcinoma de células escamosas,,,,"A carcinoma derived from stratified squamous epithelium. It may also occur in sites where glandular or columnar epithelium is normally present. (From Stedman, 25th ed)",,,Diagnosis,N/A,,,,,,,,,,,,1446
126020AAAAAAAAAAAAAAAAAAAAAAAAAAAAAA,,Sprain of back,Entorse du dos,esguince de ligamento espinal,,,,,,,Diagnosis,N/A,,,,,,,,,,,,1447
126046AAAAAAAAAAAAAAAAAAAAAAAAAAAAAA,,Sprain of cruciate ligament of knee,Entorse des ligaments croisés du genou,esguince de los ligamentos cruzados de la rodilla,,,,,,,Diagnosis,N/A,,,,,,,,,,,,1448
126054AAAAAAAAAAAAAAAAAAAAAAAAAAAAAA,,Sprain of anterior cruciate ligament of knee,Entorse des ligaments croisés du genou (antérieur),esguince del ligamento cruzado anterior de la rodilla,,,,,,,Diagnosis,N/A,,,,,,,,,,,,1449
126061AAAAAAAAAAAAAAAAAAAAAAAAAAAAAA,,Sporotrichosis,Sporotrichose,esporotricosis,,,,"The commonest and least serious of the deep mycoses, characterized by nodular lesions of the cutaneous and subcutaneous tissues. It is caused by inhalation of contaminated dust or by infection of a wound.",,,Diagnosis,N/A,,,,,,,,,,,,1450
126069AAAAAAAAAAAAAAAAAAAAAAAAAAAAAA,,Spontaneous rupture of membranes,Rupture spontanée des membranes,ruptura de membranas espontánea,,,,,,,Diagnosis,Coded,,,,,,,,,,,,1451
126071AAAAAAAAAAAAAAAAAAAAAAAAAAAAAA,,Spontaneous pneumothorax,Pneumothorax spontané,neumotórax espontáneo,,,,"An accumulation of air or gas in the pleural space, which may occur spontaneously or as a result of trauma or a pathological process, or be introduced deliberately ( = PNEUMOTHORAX, ARTIFICIAL). (Dorland, 27th ed)",,,Diagnosis,N/A,,,,,,,,,,,,1452
126127AAAAAAAAAAAAAAAAAAAAAAAAAAAAAA,,Spontaneous abortion,Avortement-spontané (fausse-couche),aborto espontáneo,,,,Expulsion of the products of conception before the completion of gestation without deliberate interference.,,,Diagnosis,N/A,,,,,,,,,,,,1453
126144AAAAAAAAAAAAAAAAAAAAAAAAAAAAAA,,Spondylolisthesis,Spondylolisthésis,espondilolistesis,,,,Forward displacement of one vertebra over another.,,,Diagnosis,N/A,,,,,,,,,,,,1454
126186AAAAAAAAAAAAAAAAAAAAAAAAAAAAAA,,Spinal injury,Lésion du rachis,lesión traumática de la columna vertebral,,,,Injuries involving the vertebral column.,,,Diagnosis,N/A,,,,,,,,,,,,1455
126221AAAAAAAAAAAAAAAAAAAAAAAAAAAAAA,,Spermatocele,Spermatocèle,espermatocele,,,,"A cystic distention of the epididymis or the rete testis containing spermatozoa. (Dorland, 27th ed)",,,Diagnosis,N/A,,,,,,,,,,,,1456
126292AAAAAAAAAAAAAAAAAAAAAAAAAAAAAA,,Solitary cyst of breast,Kyste solitaire du sein,quiste solitario de mama,,,,,,,Diagnosis,N/A,,,,,,,,,,,,1457
126307AAAAAAAAAAAAAAAAAAAAAAAAAAAAAA,,Social withdrawal,Retrait social,retraimiento social,,,,,,,Diagnosis,N/A,,,,,,,,,,,,1458
126309AAAAAAAAAAAAAAAAAAAAAAAAAAAAAA,,Social phobia,Anxiete sociale,fobia social,,,,"Anxiety disorders in which the essential feature is persistent and irrational fear of a specific object, activity, or situation that the individual feels compelled to avoid. The individual recognizes the fear as excessive or unreasonable.",,,Diagnosis,N/A,,,,,,,,,,,,1459
126311AAAAAAAAAAAAAAAAAAAAAAAAAAAAAA,,Social isolation,Isolation sociale	,aislamiento social,,,,"The separation of individuals or groups resulting in the lack of or minimizing of social contact and/or communication. This separation may be accomplished by physical separation, by social barriers and by psychological mechanisms. In the latter, there may be interaction but no real communication.",,,Diagnosis,N/A,,,,,,,,,,,,1460
126318AAAAAAAAAAAAAAAAAAAAAAAAAAAAAA,,Snoring,Ronflement,ronquido,,,,"Rough, noisy breathing during sleep, due to vibration of the uvula and soft palate.",,,Diagnosis,N/A,,,,,,,,,,,,1461
126343AAAAAAAAAAAAAAAAAAAAAAAAAAAAAA,,Small plaque parapsoriasis,Parapsoriasis en petite plaque,parapsoriasis en placas pequeñas,,,,"The term applied to a group of relatively uncommon inflammatory, maculopapular, scaly eruptions of unknown etiology and resistant to conventional treatment. Eruptions are both psoriatic and lichenoid in appearance, but the diseases are distinct from psoriasis, lichen planus, or other recognized dermatoses. Proposed nomenclature divides parapsoriasis into two distinct subgroups, PITYRIASIS LICHENOIDES and parapsoriasis en plaques (small- and large-plaque parapsoriasis).",,,Diagnosis,N/A,,,,,,,,,,,,1462
126385AAAAAAAAAAAAAAAAAAAAAAAAAAAAAA,,Skin tag,Achrocordon,fibroma blando,,,,,,,Diagnosis,N/A,,,,,,,,,,,,1463
126387AAAAAAAAAAAAAAAAAAAAAAAAAAAAAA,,Skin striae,Stries atrophiques,estrías atróficas de piel,,Vergetures,,Congenital structural abnormalities of the skin.,,,Diagnosis,N/A,,,,,,,,,,,,1464
126423AAAAAAAAAAAAAAAAAAAAAAAAAAAAAA,,Sinusitis,Sinusite,Sinusitis,,,,,,,Diagnosis,N/A,,,,,,,,,,,,1465
126424AAAAAAAAAAAAAAAAAAAAAAAAAAAAAA,,Sinus tachycardia,Tachycardie sinusale,taquicardia sinusal,,,,A simple tachycardia with origin in the sinus node with gradual onset and termination.,,,Diagnosis,N/A,,,,,,,,,,,,1466
126428AAAAAAAAAAAAAAAAAAAAAAAAAAAAAA,,Sinus bradycardia,Sinus bradycardie,bradicardia sinusal,,,,,,,Diagnosis,N/A,,,,,,,,,,,,1467
126443AAAAAAAAAAAAAAAAAAAAAAAAAAAAAA,,"Major depressive disorder, single episode, severe with psychotic features","Episode depressif eleve, un épisode avec symptome psychotique","depresión mayor grave, único episodio, con características psicóticas",,,,Depressive states usually of moderate intensity in contrast with major depression present in neurotic and psychotic disorders.,,,Diagnosis,N/A,,,,,,,,,,,,1468
126449AAAAAAAAAAAAAAAAAAAAAAAAAAAAAA,,"Outcome of delivery, single liveborn","Résultat de l'accouchement, Nés Vivants unique",un solo nacido vivo,,,,,,,Diagnosis,N/A,,,,,,,,,,,,1469
126490AAAAAAAAAAAAAAAAAAAAAAAAAAAAAA,,Simian malaria,Paludisme à plasmodium Simian,paludismo simiesco,,,,,,,Diagnosis,N/A,,,,,,,,,,,,1470
126513AAAAAAAAAAAAAAAAAAAAAAAAAAAAAA,,Sickle cell trait,Trait hematies falciformes,rasgo de drepanocitosis,SCT,,,The condition of being heterozygous for hemoglobin S.,,,Diagnosis,N/A,,,,,,,,,,,,1471
126518AAAAAAAAAAAAAAAAAAAAAAAAAAAAAA,,Sibling jealousy,Rivalité dans la fratrie,celos entre hermanos,,,,,,,Diagnosis,N/A,,,,,,,,,,,,1472
126535AAAAAAAAAAAAAAAAAAAAAAAAAAAAAA,,Shoulder pain,Douleur à l'épaule,Dolor en el hombro,,,,"Unilateral or bilateral pain of the shoulder. It is often caused by physical activities such as work or sports participation, but may also be pathologic in origin.",,,Diagnosis,N/A,,,,,,,,,,,,1473
126536AAAAAAAAAAAAAAAAAAAAAAAAAAAAAA,,Shoulder joint pain,Douleur à l'articulation de l'épaule,Dolor en la articulación del hombro,,,,,,,Diagnosis,N/A,,,,,,,,,,,,1474
126542AAAAAAAAAAAAAAAAAAAAAAAAAAAAAA,,Shotgun wound,Blessure due au fusil de chasse,herida de escopeta,,,,,,,Diagnosis,N/A,,,,,,,,,,,,1475
126550AAAAAAAAAAAAAAAAAAAAAAAAAAAAAA,,Labour and delivery complicated by short cord,Travail et accouchement compliqués d'une brièveté du cordon,cordón umbilical corto,,,,,,,Diagnosis,N/A,,,,,,,,,,,,1476
126574AAAAAAAAAAAAAAAAAAAAAAAAAAAAAA,,Sexual sadism,Trouble sadisme sexuel,sadismo sexual,,,,"A condition in which there is a derivation of pleasure from inflicting pain, discomfort or humiliation on another person or persons. The sexual significance of sadistic wishes or behavior may be conscious or unconscious.",,,Diagnosis,N/A,,,,,,,,,,,,1477
126579AAAAAAAAAAAAAAAAAAAAAAAAAAAAAA,,Sexual masochism,Troubles masochisme sexuel,masoquismo sexual,,,,"Pleasure derived from being physically or psychologically abused, whether inflicted by oneself or by others. Masochism includes sexual masochism.",,,Diagnosis,N/A,,,,,,,,,,,,1478
126580AAAAAAAAAAAAAAAAAAAAAAAAAAAAAA,,Sexual disorder,Trouble sexuel	,trastorno sexual,,,,Physiological disturbances in normal sexual performance.,,,Diagnosis,N/A,,,,,,,,,,,,1479
126582AAAAAAAAAAAAAAAAAAAAAAAAAAAAAA,,Examination following sexual assault,Agression sexuelle,ataque sexual,Sexual assault,,,,,,Diagnosis,N/A,,,,,,,,,,,,1480
126594AAAAAAAAAAAAAAAAAAAAAAAAAAAAAA,,Severe recurrent major depression without psychotic features,"Trouble dépressif récurrent, épisode actuel sévère sans symptômes psychotiques",depresión mayor recurrente grave sin síntomas psicóticos,,,,"Marked depression appearing in the involution period and characterized by hallucinations, delusions, paranoia, and agitation.",,,Diagnosis,N/A,,,,,,,,,,,,1481
126597AAAAAAAAAAAAAAAAAAAAAAAAAAAAAA,,Severe recurrent major depression with psychotic features,"Trouble dépressif récurrent, épisode actuel sévère avec symptômes psychotiques",depresión mayor recurrente grave con síntomas psicóticos,,,,"Marked depression appearing in the involution period and characterized by hallucinations, delusions, paranoia, and agitation.",,,Diagnosis,N/A,,,,,,,,,,,,1482
126598AAAAAAAAAAAAAAAAAAAAAAAAAAAAAA,,Severe protein-calorie malnutrition (Gomez: Less than 60% of Standard Weight),Malnutrition sévère en protein-calorie,desnutrición caloricoproteica grave (Gomez: menos del 60% del peso adecuado),Severe PEM,,,"The lack of sufficient energy or protein to meet the body's metabolic demands, as a result of either an inadequate dietary intake of protein, intake of poor quality dietary protein, increased demands due to disease, or increased nutrient losses.",,,Diagnosis,N/A,,,,,,,,,,,,1483
126612AAAAAAAAAAAAAAAAAAAAAAAAAAAAAA,,Severe mental retardation (I.Q. 20-34),Handicaps intellectuels severe,retraso mental severo (C.I. 20 - 34),,,,"Subnormal intellectual functioning which originates during the developmental period. This has multiple potential etiologies, including genetic defects and perinatal insults. Intelligence quotient (IQ) scores are commonly used to determine whether an individual is mentally retarded. IQ scores between 70 and 79 are in the borderline mentally retarded range. Scores below 67 are in the retarded range. (Joynt, Clinical Neurology, 1992, Ch55, p28)",,,Diagnosis,N/A,,,,,,,,,,,,1484
126616AAAAAAAAAAAAAAAAAAAAAAAAAAAAAA,,"Severe major depression, single episode, without psychotic features","Episode depressif eleve, un épisode sans symptome psychotique","depresión mayor grave, un solo episodio, sin síntomas psicóticos",,,,"Marked depression appearing in the involution period and characterized by hallucinations, delusions, paranoia, and agitation.",,,Diagnosis,N/A,,,,,,,,,,,,1485
126628AAAAAAAAAAAAAAAAAAAAAAAAAAAAAA,,Severe depressed bipolar I disorder without psychotic features,"Trouble bipolaire de type I, severe, avec episode depressif",trastorno bipolar I depresivo grave sin síntomas psicóticos,,,,A major affective disorder marked by severe mood swings (manic or major depressive episodes) and a tendency to remission and recurrence.,,,Diagnosis,N/A,,,,,,,,,,,,1486
126707AAAAAAAAAAAAAAAAAAAAAAAAAAAAAA,,Septic shock,Choc septique,choque séptico,,,,"Shock due to circulatory insufficiency caused most commonly by gram-negative BACTEREMIA. It is less often the result of the persistent presence of other micro-organisms in the blood (FUNGEMIA, VIREMIA); in rare instances, it is caused by gram-positive organisms, but with different symptomatology.",,,Diagnosis,N/A,,,,,,,,,,,,1487
126721AAAAAAAAAAAAAAAAAAAAAAAAAAAAAA,,Sepsis,Sepsis,infección sistémica,,,,"The presence of pathogenic microorganisms or their toxins in tissues or in the blood. Systemic disease caused by the spread of the microorganisms via the circulating blood is commonly called SEPTICEMIA. (From Stedman, 25th ed)",,,Diagnosis,N/A,,,,,,,,,,,,1488
126727AAAAAAAAAAAAAAAAAAAAAAAAAAAAAA,,Separation anxiety disorder of childhood,Angoisse de séparation de l'enfance,trastorno de ansiedad por separación en la niñez,,,,Anxiety experienced by an individual upon separation from a person or object of particular significance to him.,,,Diagnosis,N/A,,,,,,,,,,,,1489
126750AAAAAAAAAAAAAAAAAAAAAAAAAAAAAA,,Senility,Sénilité,senilidad,,,,,,,Diagnosis,N/A,,,,,,,,,,,,1490
126802AAAAAAAAAAAAAAAAAAAAAAAAAAAAAA,,Self-Induced Abortion,Avortement auto-provoqué,aborto autoinducido,,,,,,,Diagnosis,N/A,,,,,,,,,,,,1491
126808AAAAAAAAAAAAAAAAAAAAAAAAAAAAAA,,Self inflicted injury,Automutilations,lesión autoinfligida,,,,Disorders in which the symptoms are distressing to the individual and recognized by him or her as being unacceptable. Social relationships may be greatly affected but usually remain within acceptable limits. The disturbance is relatively enduring or recurrent without treatment.,,,Diagnosis,N/A,,,,,,,,,,,,1492
126884AAAAAAAAAAAAAAAAAAAAAAAAAAAAAA,,Secondary physiologic amenorrhea,Aménorrhée secondaire,amenorrea fisiológica secundaria,,,,Absence of menstruation due to secondary cause.,,,Diagnosis,N/A,,,,,,,,,,,,1493
126931AAAAAAAAAAAAAAAAAAAAAAAAAAAAAA,,Secondary malignant neoplasm of lymph node,Invasion des ganglions lymphatiques,neoplasia maligna secundaria de ganglio linfático,,,,,,,Diagnosis,N/A,,,,,,,,,,,,1494
126976AAAAAAAAAAAAAAAAAAAAAAAAAAAAAA,,Secondary female infertility,Infertilité féminine secondaire,Infertilidad femenina secundaria,,,,Diminished or absent ability of a female to achieve conception.,,,Diagnosis,N/A,,,,,,,,,,,,1495
127126AAAAAAAAAAAAAAAAAAAAAAAAAAAAAA,,Schizoid personality disorder,Personnalité schizoïde,trastorno esquizoide de la personalidad,,,,"A personality disorder manifested by a profound defect in the ability to form social relationships, no desire for social involvement, and an indifference to praise or criticism.",,,Diagnosis,N/A,,,,,,,,,,,,1496
127130AAAAAAAAAAAAAAAAAAAAAAAAAAAAAA,,"Schizoaffective disorder, depressive type",Trouble schizoaffectif depressif,"trastorno esquizoafectivo, tipo depresivo",,,,,,,Diagnosis,N/A,,,,,,,,,,,,1497
127131AAAAAAAAAAAAAAAAAAAAAAAAAAAAAA,,"Schizoaffective disorder, bipolar type",Trouble schizoaffectif bipolaire,"trastorno esquizoafectivo, tipo bipolar",,,,,,,Diagnosis,N/A,,,,,,,,,,,,1498
127132AAAAAAAAAAAAAAAAAAAAAAAAAAAAAA,,Schizoaffective disorder,Trouble schizo-affectif,trastorno esquizoafectivo,,,,"Disorders in which there is a loss of ego boundaries or a gross impairment in reality testing with delusions or prominent hallucinations. (From DSM-IV, 1994)",,,Diagnosis,N/A,,,,,,,,,,,,1499
127133AAAAAAAAAAAAAAAAAAAAAAAAAAAAAA,,Schistosoma mansonii infection,Infection à Schistosoma mansoni,infección por Schistosoma mansoni,,,,A species of trematode blood flukes of the family Schistosomatidae. It is common in the Nile delta. The intermediate host is the planorbid snail. This parasite causes schistosomiasis mansoni and intestinal bilharziasis.,,,Diagnosis,N/A,,,,,,,,,,,,1500
127141AAAAAAAAAAAAAAAAAAAAAAAAAAAAAA,,Scarring Alopecia,Alopécie cicatricielle,alopecía cicatrizal,,,,,,,Diagnosis,N/A,,,,,,,,,,,,1501
127148AAAAAAAAAAAAAAAAAAAAAAAAAAAAAA,,Scar conditions and fibrosis of skin,Cicatrices et fibrose cutanées,enfermedades cicatrizales y fibrosis cutánea,,,,,,,Diagnosis,N/A,,,,,,,,,,,,1502
127198AAAAAAAAAAAAAAAAAAAAAAAAAAAAAA,,Salmonella septicaemia,Sepsie à Salmonella,septicemia por Salmonella,,,,"A genus of gram-negative, facultatively anaerobic, rod-shaped bacteria that utilizes citrate as a sole carbon source. It is pathogenic for humans, causing enteric fevers, gastroenteritis, and bacteremia. Food poisoning is the most common clinical manifestation. Organisms within this genus are separated on the basis of antigenic characteristics, sugar fermentation patterns, and bacteriophage susceptibility.",,,Diagnosis,N/A,,,,,,,,,,,,1503
127212AAAAAAAAAAAAAAAAAAAAAAAAAAAAAA,,Saddle nose,Nez en selle,nariz en silla de montar,,,,Deformities of the nose acquired after birth from injury or disease.,,,Diagnosis,N/A,,,,,,,,,,,,1504
127214AAAAAAAAAAAAAAAAAAAAAAAAAAAAAA,,Sacrum sprain,Entorse de sacrum,esguince sacro,,,,,,,Diagnosis,N/A,,,,,,,,,,,,1505
127259AAAAAAAAAAAAAAAAAAAAAAAAAAAAAA,,Rupture of uterus,Rupture de l'utérus,ruptura del útero,,,,,,,Diagnosis,N/A,,,,,,,,,,,,1506
127293AAAAAAAAAAAAAAAAAAAAAAAAAAAAAA,,Rumination disorder,Merycisme,trastorno de rumiación,,,,Mental disorders related to feeding and eating that are usually diagnosed in infancy or early childhood.,,,Diagnosis,N/A,,,,,,,,,,,,1507
127331AAAAAAAAAAAAAAAAAAAAAAAAAAAAAA,,Rosacea,Acné rosacée,rosácea,,,,"An acneiform eruption occurring mostly in middle-aged adults and appearing generally on the forehead, cheeks, nose, and chin. Three types are recognized: granulomatous, glandular hyperplastic with rhinophyma, and ocular.",,,Diagnosis,N/A,,,,,,,,,,,,1508
127366AAAAAAAAAAAAAAAAAAAAAAAAAAAAAA,,Right ventricular hypertrophy,Hypertrophie ventriculaire droite,hipertrofia ventricular derecha,,,,,,,Diagnosis,N/A,,,,,,,,,,,,1509
127376AAAAAAAAAAAAAAAAAAAAAAAAAAAAAA,,Right heart failure,Insuffisance cardiaque droite isolée,insuficiencia cardíaca derecha,,,,,,,Diagnosis,N/A,,,,,,,,,,,,1510
127394AAAAAAAAAAAAAAAAAAAAAAAAAAAAAA,,Rickets,Rachitisme,raquitismo,,,,,,,Diagnosis,N/A,,,,,,,,,,,,1511
127417AAAAAAAAAAAAAAAAAAAAAAAAAAAAAA,,Rheumatoid arthritis,Arthrite rhumatoïde,artritis reumatoide,,,,,,,Diagnosis,N/A,,,,,,,,,,,,1512
127447AAAAAAAAAAAAAAAAAAAAAAAAAAAAAA,,Rheumatic fever,Rhumatisme articulair,fiebre reumática,,,,"A chronic systemic disease, primarily of the joints, marked by inflammatory changes in the synovial membranes and articular structures, widespread fibrinoid degeneration of the collagen fibers in mesenchymal tissues, and by atrophy and rarefaction of bony structures. Etiology is unknown, but autoimmune mechanisms have been implicated.",,,Diagnosis,N/A,,,,,,,,,,,,1513
127579AAAAAAAAAAAAAAAAAAAAAAAAAAAAAA,,Retention of urine,Rétention d'urine,retención de orina,,,,The inability to eliminate all urine from the bladder leading to residual urine remaining in the bladder.,,,Diagnosis,N/A,,,,,,,,,,,,1514
127592AAAAAAAAAAAAAAAAAAAAAAAAAAAAAA,,Retained placenta,Placenta NON EXPLUSÉ,placenta retenida,,,,"A placenta which is either adherent or incarcerated by irregular uterine contractions, and which in consequence fails to be expelled after birth. (Dorland, 27th ed)",,,Diagnosis,N/A,,,,,,,,,,,,1515
127601AAAAAAAAAAAAAAAAAAAAAAAAAAAAAA,,Haematocolpos,Hématocolpos,menstruación retenida,,,,"An accumulation of menstrual blood in the vagina. (Dorland, 28th ed)",,,Diagnosis,N/A,,,,,,,,,,,,1516
127608AAAAAAAAAAAAAAAAAAAAAAAAAAAAAA,,Retained dental root,Racine dentaire laissée en place,raíz dental retenida,,,,,,,Diagnosis,N/A,,,,,,,,,,,,1517
127624AAAAAAAAAAAAAAAAAAAAAAAAAAAAAA,,Restless legs syndrome,Syndrome des jambes sans repos,piernas inquietas,,,,"A disorder characterized by aching or burning sensations in the lower and rarely the upper extremities that occur prior to sleep or may awaken the patient from sleep.  Complying with an irresistible urge to move the affected limbs brings temporary relief. Sleep may become disrupted, resulting in excessive daytime hypersomnolence. This condition may be associated with UREMIA; DIABETES; and rheumatoid arthritis. Restless Legs Syndrome differs from NOCTURNAL MYOCLONUS SYNDROME in that in the latter condition the individual does not report adverse sensory stimuli and it is primarly a sleep-associated movement disorder. (Adams et al., Principles of Neurology, 6th ed, p387; Schweiz Rundsch Med Prax 1997 Apr 30;86(18):732-736)",,,Diagnosis,N/A,,,,,,,,,,,,1518
127637AAAAAAAAAAAAAAAAAAAAAAAAAAAAAA,,Respiratory failure,Arrêt respiratoire,falla respiratoria,,,,"Failure to adequately provide oxygen to cells of the body and to remove excess carbon dioxide from them. (Stedman, 25th ed)",,,Diagnosis,N/A,,,,,,,,,,,,1519
127638AAAAAAAAAAAAAAAAAAAAAAAAAAAAAA,,Respiratory distress syndrome in the newborn,Syndrome de détresse respiratoire du nouveau-né,Sídrome de dificultad respiratoria en el recién nacido,Neonatal RDS,,,"A condition of the newborn marked by dyspnea with cyanosis, heralded by such prodromal signs as dilatation of the alae nasi, expiratory grunt, and retraction of the suprasternal notch or costal margins, mostly frequently occurring in premature infants, children of diabetic mothers, and infants delivered by cesarean section, and sometimes with no apparent predisposing cause. (From Dorland, 27th ed)",,,Diagnosis,N/A,,,,,,,,,,,,1520
127639AAAAAAAAAAAAAAAAAAAAAAAAAAAAAA,,Respiratory distress,Détresse respiratoire,distrés respiratorio,,,,,,,Diagnosis,N/A,,,,,,,,,,,,1521
127640AAAAAAAAAAAAAAAAAAAAAAAAAAAAAA,,Respiratory crackles,Râles respiratoires,rales crepitantes,,,,"Noises, normal and abnormal, heard on auscultation over any part of the respiratory tract.",,,Diagnosis,N/A,,,,,,,,,,,,1522
127655AAAAAAAAAAAAAAAAAAAAAAAAAAAAAA,,Residual foreign body in soft tissue,Corps étranger résiduel dans un tissu mou,cuerpo extraño residual en partes blandas,,,,,,,Diagnosis,N/A,,,,,,,,,,,,1523
127679AAAAAAAAAAAAAAAAAAAAAAAAAAAAAA,,Renal retinopathy,Rétinopathie rénale,retinopatía renal,,,,,,,Diagnosis,N/A,,,,,,,,,,,,1524
127741AAAAAAAAAAAAAAAAAAAAAAAAAAAAAA,,Relapsing febrile nodular nonsuppurative panniculitis,Panniculite récidivante,paniculitis nodular febril recidivante no supurativa,,,,"General term for inflammation of adipose tissue, usually of the skin, characterized by reddened subcutaneous nodules.",,,Diagnosis,N/A,,,,,,,,,,,,1525
127744AAAAAAAAAAAAAAAAAAAAAAAAAAAAAA,,Regurgitation,Régurgitations,regurgitación,,,,The forcible expulsion of the contents of the stomach through the mouth.,,,Diagnosis,N/A,,,,,,,,,,,,1526
127750AAAAAAAAAAAAAAAAAAAAAAAAAAAAAA,,Refusal of treatment by patient,Refus de traitement par le patient,rechazo del tratamiento por el paciente,,,,"Patient or client refusal of or resistance to medical, psychological, or psychiatric treatment. (APA, Thesaurus of Psychological Index Terms, 8th ed.)",,,Diagnosis,Boolean,,,,,,,,,,,,1527
127766AAAAAAAAAAAAAAAAAAAAAAAAAAAAAA,,Redundant prepuce and phimosis,Hypertrophie du prépuce et phimosis,fimosis y prepucio redundante,,,,The inability to retract the foreskin over the glans penis due to tightness of the prepuce.,,,Diagnosis,N/A,,,,,,,,,,,,1528
127777AAAAAAAAAAAAAAAAAAAAAAAAAAAAAA,,Red eye,Œil rouge,irritación del ojo,,,,,,,Diagnosis,N/A,,,,,,,,,,,,1529
127784AAAAAAAAAAAAAAAAAAAAAAAAAAAAAA,,Recurrent upper respiratory tract infection,Infections recurrentes des voies respiratoires superieures,infecciones recurrentes de las vías respiratorias superiores,,,,,,,Diagnosis,N/A,,,,,,,,,,,,1530
127798AAAAAAAAAAAAAAAAAAAAAAAAAAAAAA,,"Recurrent major depressive episodes, moderate","Trouble dépressif récurrent, épisode actuel moyen","trastorno depresivo mayor, episodios recurrentes, moderado",,,,,,,Diagnosis,N/A,,,,,,,,,,,,1531
127799AAAAAAAAAAAAAAAAAAAAAAAAAAAAAA,,"Recurrent major depressive episodes, mild","Trouble dépressif récurrent, épisode actuel léger","trastorno depresivo mayor, episodios recurrentes, leve",,,,,,,Diagnosis,N/A,,,,,,,,,,,,1532
127841AAAAAAAAAAAAAAAAAAAAAAAAAAAAAA,,Recurrent aphthous ulcer,Aphtes buccaux récidivants,úlcera aftosa recurrente,,,,"A recurrent disease of the oral mucosa of unknown etiology. It is characterized by small white ulcerative lesions, single or multiple, round or oval. Two to eight crops of lesions occur per year, lasting for 7 to 14 days and then heal without scarring. (From Jablonski's Dictionary of Dentistry, 1992, p742)",,,Diagnosis,N/A,,,,,,,,,,,,1533
127850AAAAAAAAAAAAAAAAAAAAAAAAAAAAAA,,Rectal prolapse,Prolapsus rectal,prolapso rectal,,,,Protrusion of the rectal mucous membrane through the anus. There are various degrees: incomplete with no displacement of the anal sphincter muscle; complete with displacement of the anal sphincter muscle; complete with no displacement of the anal sphincter muscle but with herniation of the bowel; and internal complete with rectosigmoid or upper rectum intussusception into the lower rectum.,,,Diagnosis,N/A,,,,,,,,,,,,1534
127851AAAAAAAAAAAAAAAAAAAAAAAAAAAAAA,,Rectal polyp,Polype rectal,pólipo rectal,,,,,,,Diagnosis,N/A,,,,,,,,,,,,1535
127854AAAAAAAAAAAAAAAAAAAAAAAAAAAAAA,,Rectal hemorrhage,Hémorragie rectale,proctorragia,,,,,,,Diagnosis,N/A,,,,,,,,,,,,1536
127855AAAAAAAAAAAAAAAAAAAAAAAAAAAAAA,,Rectal fistula,Fistule rectale,fístula rectal,,,,Abnormal passage communicating with the rectum.,,,Diagnosis,N/A,,,,,,,,,,,,1537
127857AAAAAAAAAAAAAAAAAAAAAAAAAAAAAA,,Rectal abscess,Abcès rectal (perirectal),absceso rectal,,,,,,,Diagnosis,N/A,,,,,,,,,,,,1538
127888AAAAAAAAAAAAAAAAAAAAAAAAAAAAAA,,Reactive attachment disorder of infancy or early childhood,Trouble reactionnel de l'attachement de la petite enfance,trastorno reactivo de la vinculación de la lactancia O la niñez temprana,,,,,,,Diagnosis,N/A,,,,,,,,,,,,1539
127971AAAAAAAAAAAAAAAAAAAAAAAAAAAAAA,,Quartan malaria,Paludisme Quarte,paludismo cuarto,,,,"A protozoan disease caused by four species of the genus PLASMODIUM (P. falciparum (MALARIA, FALCIPARUM), P. vivax (MALARIA, VIVAX), P. ovale, and P. malariae) and transmitted by the bite of an infected female mosquito of the genus Anopheles. Malaria is endemic in parts of Asia, Africa, Central and South America, Oceania, and certain Caribbean islands. It is characterized by extreme exhaustion associated with paroxysms of high fever, sweating, shaking chills, and anemia.",,,Diagnosis,N/A,,,,,,,,,,,,1540
127984AAAAAAAAAAAAAAAAAAAAAAAAAAAAAA,,Pyromania,Pyromanie,piromanía,,,,A compulsion to set fires.,,,Diagnosis,N/A,,,,,,,,,,,,1541
127990AAAAAAAAAAAAAAAAAAAAAAAAAAAAAA,,Fever of unknown origin,Fièvre d'origine indéterminée,fiebre de origen desconocido,,,,Fever in which the etiology cannot be ascertained.,,,Diagnosis,N/A,,,,,,,,,,,,1542
128006AAAAAAAAAAAAAAAAAAAAAAAAAAAAAA,,Pyogenic granuloma,Granulome pyogenique,granuloma piógeno de la piel,,,,"A disorder of the skin, the oral mucosa, and the gingiva, that usually presents as a solitary polypoid capillary hemangioma often resulting from trauma.  It is manifested as an inflammatory response with similar characteristics to those of a granuloma.",,,Diagnosis,N/A,,,,,,,,,,,,1543
128007AAAAAAAAAAAAAAAAAAAAAAAAAAAAAA,,Pyogenic arthritis,Arthrite à bactéries pyogénes,artritis supurativa,,,,,,,Diagnosis,N/A,,,,,,,,,,,,1544
128019AAAAAAAAAAAAAAAAAAAAAAAAAAAAAA,,Pyoderma gangrenosum,Pyoderma gangrenosum,piodermia gangrenosa,,,,"An idiopathic, rapidly evolving, and severely debilitating disease occurring most commonly in association with chronic ulcerative colitis. It is characterized by the presence of boggy, purplish ulcers with undermined borders, appearing mostly on the legs. The majority of cases are in people between 40 and 60 years old. Its etiology is unknown.",,,Diagnosis,N/A,,,,,,,,,,,,1545
128099AAAAAAAAAAAAAAAAAAAAAAAAAAAAAA,,Pulp and periapical tissue disease,Maladies de la pulpe et des tissus périapicaux,enfermedad de pulpa y tejido periapical,,,,,,,Diagnosis,N/A,,,,,,,,,,,,1546
128101AAAAAAAAAAAAAAAAAAAAAAAAAAAAAA,,Pulmonic valve stenosis,Sténose de la valvule pulmonaire,estenosis de la válvula pulmonar,,,,,,,Diagnosis,N/A,,,,,,,,,,,,1547
128105AAAAAAAAAAAAAAAAAAAAAAAAAAAAAA,,Pulmonary valve disorder,Trouble de la valve pulmonaire,valvulopatía pulmonar,,,,"Backflow of blood from the pulmonary artery into the right ventricle, owing to imperfect functioning of the pulmonary valve.",,,Diagnosis,N/A,,,,,,,,,,,,1548
128148AAAAAAAAAAAAAAAAAAAAAAAAAAAAAA,,Pulmonary artery stenosis,Sténose de l'artère pulmonaire,estenosis de la arteria pulmonar,,,,,,,Diagnosis,N/A,,,,,,,,,,,,1549
128188AAAAAAAAAAAAAAAAAAAAAAAAAAAAAA,,Psychological factors affecting medical condition,Facteurs psychologiques influençant les conditions médicales,Factor psicosomático en una enfermedad física,,,,,,,Diagnosis,N/A,,,,,,,,,,,,1550
128227AAAAAAAAAAAAAAAAAAAAAAAAAAAAAA,,Psychogenic amnesia,Amnésie dissociative,amnesia psicógena,,,,"Pathologic partial or complete loss of the ability to recall past experiences (AMNESIA, RETROGRADE) or to form new memories (AMNESIA, ANTEROGRADE). This condition may be of organic or psychologic origin. Organic forms of amnesia are usually associated with dysfunction of the DIENCEPHALON or HIPPOCAMPUS. (From Adams et al., Principles of Neurology, 6th ed, pp426-7)",,,Diagnosis,N/A,,,,,,,,,,,,1551
128267AAAAAAAAAAAAAAAAAAAAAAAAAAAAAA,,Pseudopelade,Pseudopelade,seudopelada de Brocq,,,,Absence of hair from areas where it is normally present.,,,Diagnosis,N/A,,,,,,,,,,,,1552
128294AAAAAAAAAAAAAAAAAAAAAAAAAAAAAA,,Pseudofolliculitis barbae,Pseudofolliculite de la barbe,seudofoliculitis de la barba,,,,,,,Diagnosis,N/A,,,,,,,,,,,,1553
128298AAAAAAAAAAAAAAAAAAAAAAAAAAAAAA,,Pseudocyst of pancreas,Pseudokyste du pancréas,seudoquiste pancreático,,,,Cyst-like space not lined by epithelium and contained within the pancreas.,,,Diagnosis,N/A,,,,,,,,,,,,1554
128299AAAAAAAAAAAAAAAAAAAAAAAAAAAAAA,,Pseudocyesis,,seudociesis,,,,A disorder whose predominant feature is a loss or alteration in physical functioning that suggests a physical disorder but that is actually a direct expression of a psychological conflict or need.,,,Diagnosis,N/A,,,,,,,,,,,,1555
128310AAAAAAAAAAAAAAAAAAAAAAAAAAAAAA,,Pruritus of vulva,Prurit vulvaire,prurito de la vulva,,,,Intense itching of the external female genitals.,,,Diagnosis,N/A,,,,,,,,,,,,1556
128316AAAAAAAAAAAAAAAAAAAAAAAAAAAAAA,,Pruritus ani,prurit ani,prurito del ano,,,,Intense chronic itching in the anal area.,,,Diagnosis,N/A,,,,,,,,,,,,1557
128321AAAAAAAAAAAAAAAAAAAAAAAAAAAAAA,,Prurigo nodularis,Prurigo nodulaire,prurigo nodular,,,,,,,Diagnosis,N/A,,,,,,,,,,,,1558
128324AAAAAAAAAAAAAAAAAAAAAAAAAAAAAA,,Prune belly syndrome,Aplasie congénitale de la musculature abdominale (Syndrome d'Obrinsky),síndrome del vientre de ciruela,,,,"A syndrome characterized by abdominal wall musculature deficiency, cryptorchism, and urinary tract abnormalities. The syndrome derives its name from its characteristic distended abdomen with wrinkled skin.",,,Diagnosis,N/A,,,,,,,,,,,,1559
128351AAAAAAAAAAAAAAAAAAAAAAAAAAAAAA,,Prosthetic joint infection,Infection due a une prothese articulaire interne,infección de articulación protésica,,,,"Prostheses used to partially or totally replace a human or animal joint. (from UMDNS, 1999)",,,Diagnosis,N/A,,,,,,,,,,,,1560
128387AAAAAAAAAAAAAAAAAAAAAAAAAAAAAA,,Prolonged latent phase of labor,Phase de latence prolongee,fase latente de trabajo de parto prolongada,,,,Failure of the uterus to contract with normal strength and duration and at normal intervals during labor. It is also called uterine atony.,,,Diagnosis,N/A,,,,,,,,,,,,1561
128420AAAAAAAAAAAAAAAAAAAAAAAAAAAAAA,,Labour and delivery complicated by prolapse of cord,Travail et accouchement compliqués par prolapsus du cordon,prolapso de cordón umbilical,,,,,,,Diagnosis,Coded,,,,,,,,,,,,1562
128450AAAAAAAAAAAAAAAAAAAAAAAAAAAAAA,,Proctoptosis,Prolapsus anal,proctoptosis,,,,Protrusion of the rectal mucous membrane through the anus. There are various degrees: incomplete with no displacement of the anal sphincter muscle; complete with displacement of the anal sphincter muscle; complete with no displacement of the anal sphincter muscle but with herniation of the bowel; and internal complete with rectosigmoid or upper rectum intussusception into the lower rectum.,,,Diagnosis,N/A,,,,,,,,,,,,1563
128453AAAAAAAAAAAAAAAAAAAAAAAAAAAAAA,,Procedure refused,Procédure refusée,procedimiento rechazado,,,,,,,Diagnosis,N/A,,,,,,,,,,,,1564
128461AAAAAAAAAAAAAAAAAAAAAAAAAAAAAA,,Problem,,problema,,,,,,,Diagnosis,N/A,,,,,,,,,,,,1565
128494AAAAAAAAAAAAAAAAAAAAAAAAAAAAAA,,Primary physiologic amenorrhea,Aménorrhée primaire,amenorrea fisiológica primaria,,,,Absence of menstruation.,,,Diagnosis,N/A,,,,,,,,,,,,1566
128700AAAAAAAAAAAAAAAAAAAAAAAAAAAAAA,,Primary malignant neoplasm of submaxillary gland,Tumeur maligne de la glande sous-maxillaire,neoplasia maligna primaria de la glándula submaxilar,,,,Tumors or cancer of the SALIVARY GLANDS.,,,Diagnosis,N/A,,,,,,,,,,,,1567
128701AAAAAAAAAAAAAAAAAAAAAAAAAAAAAA,,Primary malignant neoplasm of sublingual gland,Tumeur maligne de la glande sublinguale,neoplasia maligna primaria de la glándula sublingual,,,,Tumors or cancer of the SALIVARY GLANDS.,,,Diagnosis,N/A,,,,,,,,,,,,1568
128779AAAAAAAAAAAAAAAAAAAAAAAAAAAAAA,,Malignant neoplasm of renal pelvis,Tumeur maligne du bassinet,tumor maligno de la pelvis renal,,,,Tumors or cancers of the KIDNEY.,,,Diagnosis,N/A,,,,,,,,,,,,1569
128803AAAAAAAAAAAAAAAAAAAAAAAAAAAAAA,,Primary malignant neoplasm of placenta,Tumeur maligne du placenta,neoplasia maligna primaria de la placenta,,,,,,,Diagnosis,N/A,,,,,,,,,,,,1570
128845AAAAAAAAAAAAAAAAAAAAAAAAAAAAAA,,Primary malignant neoplasm of ovary,Tumeur maligne primitive de l'ovaire,Neoplasia maligna primaria del ovario,,,,Tumors or cancer of the OVARY.,,,Diagnosis,N/A,,,,,,,,,,,,1571
128884AAAAAAAAAAAAAAAAAAAAAAAAAAAAAA,,Primary malignant neoplasm of mandible,Tumeur maligne du mandibule,neoplasia maligna primaria del maxilar inferior,,,,,,,Diagnosis,N/A,,,,,,,,,,,,1572
128983AAAAAAAAAAAAAAAAAAAAAAAAAAAAAA,,Primary malignant neoplasm of endometrium,Tumeur maligne primaire de l'endomètre,Neoplasia maligna primaria del endometrio,,,,Tumors or cancer of the inner mucous membrane of the uterus.,,,Diagnosis,N/A,,,,,,,,,,,,1573
129079AAAAAAAAAAAAAAAAAAAAAAAAAAAAAA,,Malignant neoplasm of anal canal,Cancer anal,tumor maligno del conducto anal,,,,Tumors or cancer of the anus.,,,Diagnosis,N/A,,,,,,,,,,,,1574
129103AAAAAAAAAAAAAAAAAAAAAAAAAAAAAA,,Primary intestinal lymphangiectasia,Lymphangiectasie intestinale primaire,linfangiectasia intestinal primaria,,,,,,,Diagnosis,N/A,,,,,,,,,,,,1575
129119AAAAAAAAAAAAAAAAAAAAAAAAAAAAAA,,Primary genital syphilis,Syphilis génitale primaire,sífilis genital primaria,,,,"The primary sore of syphilis, a painless indurated, eroded papule, occurring at the site of entry of the infection.",,,Diagnosis,N/A,,,,,,,,,,,,1576
129123AAAAAAAAAAAAAAAAAAAAAAAAAAAAAA,,Primary female infertility,Infertilité féminine primaire,infertilidad femenina primaria,,,,Diminished or absent ability of a female to achieve conception.,,,Diagnosis,N/A,,,,,,,,,,,,1577
129135AAAAAAAAAAAAAAAAAAAAAAAAAAAAAA,,Primary dysmenorrhoea,Dysménorrhée primaire,dismenorrea primaria,,,,Painful menstruation.,,,Diagnosis,N/A,,,,,,,,,,,,1578
129137AAAAAAAAAAAAAAAAAAAAAAAAAAAAAA,,Primary dilated cardiomyopathy,Cardiomyopathie primaire dilatée,miocardiopatía dilatada primaria,,,,,,,Diagnosis,N/A,,,,,,,,,,,,1579
129205AAAAAAAAAAAAAAAAAAAAAAAAAAAAAA,,Premenstrual dysphoric disorder,Trouble dysphorique prémenstruel,trastorno disfórico premenstrual,,,,"A syndrome occurring most often during the last week of the menstrual cycle and ending soon after the onset of menses. Some of the symptoms are emotional instability, insomnia, headache, nausea, vomiting, abdominal distension, and painful breasts.",,,Diagnosis,N/A,,,,,,,,,,,,1580
129208AAAAAAAAAAAAAAAAAAAAAAAAAAAAAA,,Premature shedding of primary tooth,Chute prématurée des dents temporaires,caída prematura de diente primario,,,,,,,Diagnosis,N/A,,,,,,,,,,,,1581
129211AAAAAAAAAAAAAAAAAAAAAAAAAAAAAA,,Premature rupture of membranes,Rupture prématurée des membranes,Ruptura prematura de membranas,,,,,,,Diagnosis,N/A,,,,,,,,,,,,1582
129218AAAAAAAAAAAAAAAAAAAAAAAAAAAAAA,,Preterm Delivery (Maternal Condition),Travail prématuré [avant terme],parto prematuro,,,,,,,Diagnosis,N/A,,,,,,,,,,,,1583
129251AAAAAAAAAAAAAAAAAAAAAAAAAAAAAA,,Pre-eclampsia,Pre-eclampsie,preeclampsia severa (duplicate),,,,"Development of hypertension with proteinuria, edema, or both, due to pregnancy or the influence of a recent pregnancy. It occurs after the 20th week of gestation, but it may develop before this time in the presence of trophoblastic disease.",,,Diagnosis,N/A,,,,,,,,,,,,1584
129255AAAAAAAAAAAAAAAAAAAAAAAAAAAAAA,,Precordial pain,Douleurs précordiales,dolor precordial,,,,,,,Diagnosis,N/A,,,,,,,,,,,,1585
129264AAAAAAAAAAAAAAAAAAAAAAAAAAAAAA,,Precipitate labor,Travail trop rapide,trabajo de parto precipitado,,,,,,,Diagnosis,N/A,,,,,,,,,,,,1586
129285AAAAAAAAAAAAAAAAAAAAAAAAAAAAAA,,Posttraumatic wound infection,Infection post-traumatique d'une plaie,infección postraumática de una herida,,,,,,,Diagnosis,N/A,,,,,,,,,,,,1587
1292AAAAAAAAAAAAAAAAAAAAAAAAAAAAAAAA,,Deep venous thrombosis,Thrombose veineuse profonde,trombosis venosa profunda,,,,Deep venous thrombosis is a condition where there is a blood clot in a deep vein (a vein that accompanies an artery).,,,Diagnosis,N/A,,,,,,,,,,,,1588
129325AAAAAAAAAAAAAAAAAAAAAAAAAAAAAA,,Postpartum depression,Depression du post-partum,depresión postparto,,,,"Depression in women occurring usually within four weeks after the delivery of a child. The degree of depression ranges from mild transient depression to neurotic or psychotic depressive disorders. (From DSM-IV, p386)",,,Diagnosis,N/A,,,,,,,,,,,,1589
129343AAAAAAAAAAAAAAAAAAAAAAAAAAAAAA,,Postoperative pulmonary edema,Oedème pulmonaire post-opératoire,edema posoperatorio de pulmón,,,,,,,Diagnosis,N/A,,,,,,,,,,,,1590
129346AAAAAAAAAAAAAAAAAAAAAAAAAAAAAA,,Postoperative infection,Infection postopératoire,infección postoperatoria,,,,Infection occurring at the site of a surgical incision.,,,Diagnosis,N/A,,,,,,,,,,,,1591
1293AAAAAAAAAAAAAAAAAAAAAAAAAAAAAAAA,,Gastroesophageal reflux disease,Maladie reflux gastroesophageal,enfermedad por reflujo gastroesofágico,,,,"A chronic condition in which the lower esophageal sphincter allows gastric acids to reflux into the esophagus, causing heartburn, acid indigestion, and possible injury to the esophageal lining.",,,Diagnosis,N/A,,,,,,,,,,,,1592
129484AAAAAAAAAAAAAAAAAAAAAAAAAAAAAA,,Portal hypertension,Hypertension portale,hipertensión portal,,,,Abnormally increased pressure in the portal venous system; frequently seen in cirrhosis of the liver and in other conditions which cause obstruction of the portal vein.,,,Diagnosis,N/A,,,,,,,,,,,,1593
1294AAAAAAAAAAAAAAAAAAAAAAAAAAAAAAAA,,"Meningitis, cryptococcal",Méningite cryptococcique,meningitis por criptococos,,,,Infection of the spinal fluid and meninges secondary to cryptococcus.,,,Diagnosis,N/A,,,,,,,,,,,,1594
129510AAAAAAAAAAAAAAAAAAAAAAAAAAAAAA,,Polyuria,Polyurie,poliuria,,,,"Urination of a large volume of urine with an increase in urinary frequency, commonly seen in diabetes.",,,Diagnosis,N/A,,,,,,,,,,,,1595
129537AAAAAAAAAAAAAAAAAAAAAAAAAAAAAA,,Polyp of corpus uteri,Polype du corps de l'utérus,pólipo del cuerpo uterino,,,,,,,Diagnosis,N/A,,,,,,,,,,,,1596
129540AAAAAAAAAAAAAAAAAAAAAAAAAAAAAA,,Polyp of cervix,Polype du col de l'utérus,pólipo cervical uterino,,,,,,,Diagnosis,N/A,,,,,,,,,,,,1597
129559AAAAAAAAAAAAAAAAAAAAAAAAAAAAAA,,Polyhydramnios,Hydramnios,polihidramnios,,,,"Excess of amniotic fluid greater than 2,000 ml. It is a common obstetrical complication whose major causes include maternal diabetes, chromosomal disorders, isoimmunological disease, congenital abnormalities, and multiple gestations.",,,Diagnosis,N/A,,,,,,,,,,,,1598
129566AAAAAAAAAAAAAAAAAAAAAAAAAAAAAA,,Polydactyly,Polydactylie,polidactilia,,,,"A developmental anomaly characterized by the presence of more than five fingers on the hand or more than five toes on the foot in primates. In non-primate vertebrates, it refers to the presence of more than the normal number of toes on the forelimb or hindlimb. (Dorland, 27th ed; Stedman, 25th ed)",,,Diagnosis,N/A,,,,,,,,,,,,1599
129574AAAAAAAAAAAAAAAAAAAAAAAAAAAAAA,,Polyarteritis nodosa,Polyarterite noueux,poliarteritis nudosa,,,,A form of necrotizing vasculitis involving small- and medium-sized arteries. The signs and symptoms result from infarction and scarring of the affected organ system.,,,Diagnosis,N/A,,,,,,,,,,,,1600
1295AAAAAAAAAAAAAAAAAAAAAAAAAAAAAAAA,,Chronic obstructive pulmonary disease,Broncho-pneumopathie chronique obstructive,enfermedad pulmonar obstructiva crónica,COPD,BPCO,,"Umbrella term for a group of respiratory tract diseases that are characterized by airflow obstruction or limitation (ie, emphysema)",,,Diagnosis,N/A,,,,,,,,,,,,1601
129936AAAAAAAAAAAAAAAAAAAAAAAAAAAAAA,,Poisoning by antimalarial drug,Intoxication aux anti paludéens,intoxicación por droga antimalárica,,,,DEF: Side effect from anti-malarial drug,,,Diagnosis,N/A,,,,,,,,,,,,1602
130052AAAAAAAAAAAAAAAAAAAAAAAAAAAAAA,,Pleurisy without Effusion or Active Tuberculosis,Pleurésie sans effusion ou la tuberculose active,pleuresía sin derrame o tuberculosis activa,,,,,,,Diagnosis,N/A,,,,,,,,,,,,1603
130053AAAAAAAAAAAAAAAAAAAAAAAAAAAAAA,,Pleurisy,Inflammation de la plevre,pleuritis,,,,,,,Diagnosis,N/A,,,,,,,,,,,,1604
130088AAAAAAAAAAAAAAAAAAAAAAAAAAAAAA,,Plaque psoriasis,Psoriasis en plaque,placa de psoriasis,,,,,,,Diagnosis,N/A,,,,,,,,,,,,1605
130108AAAAAAAAAAAAAAAAAAAAAAAAAAAAAA,,Placental abruption,Décollement prématuré du placenta,desprendimiento placentario,,,,Premature separation of the normally implanted placenta.,,,Diagnosis,N/A,,,,,,,,,,,,1606
130109AAAAAAAAAAAAAAAAAAAAAAAAAAAAAA,,Placental abnormality,Anomalies du placenta,anomalía placentaria,,,,,,,Diagnosis,N/A,,,,,,,,,,,,1607
130117AAAAAAAAAAAAAAAAAAAAAAAAAAAAAA,,Placenta previa with hemorrhage - not delivered,Placenta praevia avec hemorragie,placenta previa con hemorragia - no nacido,,,,,,,Diagnosis,N/A,,,,,,,,,,,,1608
130123AAAAAAAAAAAAAAAAAAAAAAAAAAAAAA,,Placenta percreta,Percreta placentae,Placenta percreta,,,,,,,Diagnosis,N/A,,,,,,,,,,,,1609
130128AAAAAAAAAAAAAAAAAAAAAAAAAAAAAA,,Placenta increta,Increta placentae,Placenta increta,,,,,,,Diagnosis,N/A,,,,,,,,,,,,1610
130135AAAAAAAAAAAAAAAAAAAAAAAAAAAAAA,,Placenta accreta,Accreta placentae,Placenta acreta,,,,"Abnormal adherence of part or all of the placenta to the uterine wall, with partial or complete absence of the decidua basalis, especially of the spongiosum layer. (Dorland, 27th ed)",,,Diagnosis,N/A,,,,,,,,,,,,1611
130151AAAAAAAAAAAAAAAAAAAAAAAAAAAAAA,,Pityriasis rubra pilaire,Pityriasis rubra pilaris,pitiriasis rubra pilaris,,,,"A chronic skin disease characterized by small follicular papules, disseminated reddish-brown scaly patches, and often, palmoplantar hyperkeratosis. The papules are about the size of a pin and topped by a horny plug.",,,Diagnosis,N/A,,,,,,,,,,,,1612
130152AAAAAAAAAAAAAAAAAAAAAAAAAAAAAA,,Pityriasis rosea,Pityriasis rose de Gibert,pitiriasis rosada,,,,"A mild exanthematous inflammation of unknown etiology. It is characterized by the presence of salmon-colored maculopapular lesions. The most striking feature is the arrangement of the lesions such that the long axis is parallel to the lines of cleavage. The eruptions are usually generalized, affecting chiefly the trunk, and the course is often self-limiting.",,,Diagnosis,N/A,,,,,,,,,,,,1613
130155AAAAAAAAAAAAAAAAAAAAAAAAAAAAAA,,Pityriasis alba,Pityriasis alba,pitiriasis alba,,,,,,,Diagnosis,N/A,,,,,,,,,,,,1614
130166AAAAAAAAAAAAAAAAAAAAAAAAAAAAAA,,Pitting edema,Œdème avec godet,edema con fóvea,,,,,,,Diagnosis,N/A,,,,,,,,,,,,1615
130184AAAAAAAAAAAAAAAAAAAAAAAAAAAAAA,,Pink Eye Disease,maladies des yeux rouge,enfermedad del ojo rosa,,,,,,,Diagnosis,N/A,,,,,,,,,,,,1616
130220AAAAAAAAAAAAAAAAAAAAAAAAAAAAAA,,Pica,Pica,pica,,,,The persistent eating of nonnutritive substances for a period of at least one month. (DSM-IV),,,Diagnosis,N/A,,,,,,,,,,,,1617
130254AAAAAAAAAAAAAAAAAAAAAAAAAAAAAA,,Phobic disorder,Trouble phobique,trastorno fóbico,,,,The affective response to an actual current external danger which subsides with the elimination of the threatening condition.,,,Diagnosis,N/A,,,,,,,,,,,,1618
130314AAAAAAAAAAAAAAAAAAAAAAAAAAAAAA,,Phantom limb syndrome,Syndrome douloureux du membre fantôme,síndrome del miembro fantasma,,,,"Perception of painful and nonpainful phantom sensations that occur following the complete or partial loss of a limb. The majority of individuals with an amputated extremity will experience the impression that the limb is still present, and in many cases, painful. (From Neurol Clin 1998 Nov;16(4):919-36; Brain 1998 Sep;121(Pt 9):1603-30)",,,Diagnosis,N/A,,,,,,,,,,,,1619
130324AAAAAAAAAAAAAAAAAAAAAAAAAAAAAA,,Petechiae,Petechiae,petequias cutáneas,,,,"Purplish or brownish red discoloration, easily visible through the epidermis, caused by hemorrhage into the tissues.",,,Diagnosis,N/A,,,,,,,,,,,,1620
130326AAAAAAAAAAAAAAAAAAAAAAAAAAAAAA,,Pes planus,Pied plat (acquis),pie plano adquirido,,,,A condition in which one or more of the arches of the foot have flattened out.,,,Diagnosis,N/A,,,,,,,,,,,,1621
130334AAAAAAAAAAAAAAAAAAAAAAAAAAAAAA,,Persistent vomiting,Vomissements tenaces,vómitos persistentes,,,,The forcible expulsion of the contents of the stomach through the mouth.,,,Diagnosis,N/A,,,,,,,,,,,,1622
130368AAAAAAAAAAAAAAAAAAAAAAAAAAAAAA,,Persistent fetal circulation,Persistance de la circulation fœtale,circulación fetal persistente,,,,"A syndrome of persistent pulmonary hypertension in the newborn infant, without demonstrable cardiac disease. It is characterized by cyanosis and acidosis, severe pulmonary vasoconstriction, hypertrophy of pulmonary arterial muscle, and elevated pulmonary vascular resistance, with resultant right-to-left shunting of blood through a patent ductus arteriosus and at times a patent foramen ovale.",,,Diagnosis,N/A,,,,,,,,,,,,1623
130385AAAAAAAAAAAAAAAAAAAAAAAAAAAAAA,,Peritonsillar abscess,Angiene phlegmoneuse,absceso periamigdalino,,,,"An abscess in the peritonsillar tissue extending into the tonsil capsule, resulting from suppuration of the tonsil. (Dorland, 27th ed)",,,Diagnosis,N/A,,,,,,,,,,,,1624
130392AAAAAAAAAAAAAAAAAAAAAAAAAAAAAA,,Peritoneal adhesion,Adhérences péritonéales,adherencia peritoneal,,,,,,,Diagnosis,N/A,,,,,,,,,,,,1625
130428AAAAAAAAAAAAAAAAAAAAAAAAAAAAAA,,Peripheral edema,Oedème périphérique,edema periférico,,,,"Excessive amount of watery fluid accumulated in the intercellular spaces, most commonly present in subcutaneous tissue.",,,Diagnosis,N/A,,,,,,,,,,,,1626
130459AAAAAAAAAAAAAAAAAAAAAAAAAAAAAA,,Periorbital cellulitis,Cellulite périorbitaire,celulitis de la región periorbitaria,,,,,,,Diagnosis,N/A,,,,,,,,,,,,1627
130461AAAAAAAAAAAAAAAAAAAAAAAAAAAAAA,,Perioral dermatitis,Dermatite periorale,dermatitis peribucal,,,,"A papular eruption of unknown etiology that progresses to residual papular erythema and scaling usually confined to the area of the mouth, and almost exclusively occurring in young women. It may also be localized or extend to involve the eyelids and adjacent glabella area of the forehead (periocular dermatitis). (Dorland, 28th ed)",,,Diagnosis,N/A,,,,,,,,,,,,1628
130497AAAAAAAAAAAAAAAAAAAAAAAAAAAAAA,,Perinatal respiratory distress,Détresse respiratoire périnatal,distrés respiratorio perinatal,,,,,,,Diagnosis,N/A,,,,,,,,,,,,1629
130517AAAAAAAAAAAAAAAAAAAAAAAAAAAAAA,,Perinatal gastrointestinal haemorrhage,Hémorragies gastro-intestinales néonatales,hemorragia gastrointestinal perinatal,,,,,,,Diagnosis,N/A,,,,,,,,,,,,1630
130520AAAAAAAAAAAAAAAAAAAAAAAAAAAAAA,,Perinatal cutaneous haemorrhage,Hémorragie cutanée néonatale,hemorragia cutánea perinatal,,,,,,,Diagnosis,N/A,,,,,,,,,,,,1631
130560AAAAAAAAAAAAAAAAAAAAAAAAAAAAAA,,Pericardial friction rub,Frottement péricardique,frote pericárdico,,,,,,,Diagnosis,N/A,,,,,,,,,,,,1632
130562AAAAAAAAAAAAAAAAAAAAAAAAAAAAAA,,Pericardial effusion,Epanchement péricardique,derrame pericárdico,,,,Presence of fluid within the pericardium.,,,Diagnosis,N/A,,,,,,,,,,,,1633
130574AAAAAAAAAAAAAAAAAAAAAAAAAAAAAA,,Perianal abscess,Abcès périanal,absceso perianal,,,,"Accumulation of purulent material in tissues, organs, or circumscribed spaces, usually associated with signs of infection.",,,Diagnosis,N/A,,,,,,,,,,,,1634
130580AAAAAAAAAAAAAAAAAAAAAAAAAAAAAA,,Perforation of intestine,Perforation de l'intestin (nontraumatique),perforación de intestino,,,,,,,Diagnosis,N/A,,,,,,,,,,,,1635
130595AAAAAAAAAAAAAAAAAAAAAAAAAAAAAA,,Peptic ulcer with perforation,,úlcera péptica con perforación,,,,"Penetration of a peptic ulcer through the stomach wall. May be free, i.e., at a point where the stomach wall faces a real or potential space,, or confined, i.e., at a point where the stomach wall is defended by contiguous or adjacent structures, such as t",,,Diagnosis,N/A,,,,,,,,,,,,1636
130601AAAAAAAAAAAAAAAAAAAAAAAAAAAAAA,,Peptic ulcer of stomach,,úlcera péptica gástrica,,,,,,,Diagnosis,N/A,,,,,,,,,,,,1637
130623AAAAAAAAAAAAAAAAAAAAAAAAAAAAAA,,Pemphigus vulgaris,Pemphigus vulgaire,pénfigo vulgar,,,,Group of chronic blistering diseases characterized histologically by acantholysis and blister formation within the epidermis.,,,Diagnosis,N/A,,,,,,,,,,,,1638
130625AAAAAAAAAAAAAAAAAAAAAAAAAAAAAA,,Pemphigus foliaceus,Pemphigus foliace,pénfigo foliáceo,,,,Group of chronic blistering diseases characterized histologically by acantholysis and blister formation within the epidermis.,,,Diagnosis,N/A,,,,,,,,,,,,1639
130641AAAAAAAAAAAAAAAAAAAAAAAAAAAAAA,,Pelvic mass,Masse pelvienne,masa pélvica,,,,,,,Diagnosis,N/A,,,,,,,,,,,,1640
130665AAAAAAAAAAAAAAAAAAAAAAAAAAAAAA,,Paedophilia,Trouble pedophilie,pedofilia,,,,"A sexual disorder occuring in a person 16 years or older and that is recurrent with intense sexually arousing fantasies, sexual urges, or behaviors involving sexual activity with a prepubescent child (generally age 13 or younger). (from APA, DSM-IV, 1994).",,,Diagnosis,N/A,,,,,,,,,,,,1641
130714AAAAAAAAAAAAAAAAAAAAAAAAAAAAAA,,Patent foramen ovale,Perméabilité de foramen ovale,foramen oval persistente,,,,The thin membranous structure between the two heart atria or the thick muscular structure between the two heart ventricles.,,,Diagnosis,N/A,,,,,,,,,,,,1642
130715AAAAAAAAAAAAAAAAAAAAAAAAAAAAAA,,Patent ductus arteriosus,Perméabilité du canal artériel,conducto arterioso persistente,,,,"Abnormal persistence of an open lumen in the ductus arteriosus after birth, the direction of flow being from the aorta to the pulmonary artery, resulting in recirculation of arterial blood through the lungs. (Dorland, 27th ed)",,,Diagnosis,N/A,,,,,,,,,,,,1643
130765AAAAAAAAAAAAAAAAAAAAAAAAAAAAAA,,Partial congenital absence of teeth,Hypodontie,ausencia parcial congénita de los dientes,,,,"Congenital absence of the teeth; it may involve all (total anodontia) or only some of the teeth (partial anodontia, hypodontia), and both the deciduous and the permanent dentition, or only teeth of the permanent dentition. (Dorland, 27th ed)",,,Diagnosis,N/A,,,,,,,,,,,,1644
130792AAAAAAAAAAAAAAAAAAAAAAAAAAAAAA,,Parotid swelling,Tuméfaction de la parotide,tumefacción parotídea,,,,,,,Diagnosis,N/A,,,,,,,,,,,,1645
130843AAAAAAAAAAAAAAAAAAAAAAAAAAAAAA,,Paraplegia,Paraplégie,paraplejía,,,,"Severe or complete loss of motor function in the lower extremities and lower portions of the trunk. This condition is most often associated with SPINAL CORD DISEASES, although BRAIN DISEASES; PERIPHERAL NERVOUS SYSTEM DISEASES; NEUROMUSCULAR DISEASES; and MUSCULAR DISEASES may also cause bilateral leg weakness.",,,Diagnosis,N/A,,,,,,,,,,,,1646
130846AAAAAAAAAAAAAAAAAAAAAAAAAAAAAA,,Paraphilia,Trouble paraphilique,parafilia,,,,"Disorders that include recurrent, intense sexually arousing fantasies, sexual urges, or behaviors generally involving nonhuman objects, suffering of oneself or partners, or children or other nonconsenting partners. (from DSM-IV, 1994)",,,Diagnosis,N/A,,,,,,,,,,,,1647
130852AAAAAAAAAAAAAAAAAAAAAAAAAAAAAA,,Paranoid personality disorder,Personnalité paranoïaque,trastorno paranoide de la personalidad,,,,"A personality disorder characterized by the avoidance of accepting deserved blame and an unwarranted view of others as malevolent. The latter is expressed as suspiciousness, hypersensitivity, and mistrust.",,,Diagnosis,N/A,,,,,,,,,,,,1648
130867AAAAAAAAAAAAAAAAAAAAAAAAAAAAAA,,Paralytic ileus,Iléus paralytique,íleo paralítico,,,,"Obstruction of the intestines that is functional, not mechanical.",,,Diagnosis,N/A,,,,,,,,,,,,1649
130967AAAAAAAAAAAAAAAAAAAAAAAAAAAAAA,,Panic attack,Trouble panique,ataque de pánico,,,,"A type of anxiety disorder characterized by unexpected panic attacks that last minutes or, rarely, hours. Panic attacks begin with intense apprehension, fear or terror and, often, a feeling of impending doom. Symptoms experienced during a panic attack include dyspnea or sensations of being smothered; dizziness, loss of balance or faintness; choking sensations; palpitations or accelerated heart rate; shakiness; sweating; nausea or other form of abdominal distress; depersonalization or derealization; paresthesias; hot flashes or chills; chest discomfort or pain; fear of dying and fear of not being in control of oneself or going crazy. Agoraphobia may also develop. Similar to other anxiety disorders, it may be inherited as an autosomal dominant trait.",,,Diagnosis,N/A,,,,,,,,,,,,1650
130987AAAAAAAAAAAAAAAAAAAAAAAAAAAAAA,,Palpitations,Palpitations,palpitaciones,,,,Any variation from the normal rhythm or rate of the heart beat.,,,Diagnosis,N/A,,,,,,,,,,,,1651
130AAAAAAAAAAAAAAAAAAAAAAAAAAAAAAAAA,,Puerperal sepsis,Septicémie puerpérale,septicemia puerperal,,,,An abnormal condition that results from infection of the placental site following delivery or abortion and is characterized in mild form by fever of not over 100.4?F (38.0?C) but may progress to a localized endometritis or spread through the uterine wall and develop into peritonitis or pass into the blood stream and produce septicemia.,,,Diagnosis,N/A,,,,,,,,,,,,1652
131008AAAAAAAAAAAAAAAAAAAAAAAAAAAAAA,,Painful urging to urinate,Envie douloureuse d'uriner,estranguria,,,,,,,Diagnosis,N/A,,,,,,,,,,,,1653
131015AAAAAAAAAAAAAAAAAAAAAAAAAAAAAA,,Pain in mouth,Bouche douloureuse,dolor en la cavidad oral,,,,,,,Diagnosis,N/A,,,,,,,,,,,,1654
131021AAAAAAAAAAAAAAAAAAAAAAAAAAAAAA,,Pain of breast,Douleur mammaire,mastodinia,,,,,,,Diagnosis,N/A,,,,,,,,,,,,1655
131024AAAAAAAAAAAAAAAAAAAAAAAAAAAAAA,,Pain in urethra,Douleur urétrale,dolor en la uretra,,,,,,,Diagnosis,N/A,,,,,,,,,,,,1656
131028AAAAAAAAAAAAAAAAAAAAAAAAAAAAAA,,Throat pain,Mal de gorge,Dolor en la garganta,,,,Inflammation of the throat.,,,Diagnosis,N/A,,,,,,,,,,,,1657
131030AAAAAAAAAAAAAAAAAAAAAAAAAAAAAA,,Pain in testicle,Douleur testiculaire,dolor testicular,,,,,,,Diagnosis,N/A,,,,,,,,,,,,1658
131032AAAAAAAAAAAAAAAAAAAAAAAAAAAAAA,,Pain in scrotum,Douleur scrotale,dolor del escroto,,,,,,,Diagnosis,N/A,,,,,,,,,,,,1659
131033AAAAAAAAAAAAAAAAAAAAAAAAAAAAAA,,Pain in penis,Douleur pénienne,dolor peniano,,,,,,,Diagnosis,N/A,,,,,,,,,,,,1660
131034AAAAAAAAAAAAAAAAAAAAAAAAAAAAAA,,Pain in pelvis,Douleur pelvienne,Dolor pélvico,,,,"Pain in the pelvic region of genital and non-genital origin and of organic or psychogenic etiology. Frequent causes of pain are distension or contraction of hollow viscera, rapid stretching of the capsule of a solid organ, chemical irritation, tissue ischemia, and neuritis secondary to inflammatory, neoplastic, or fibrotic processes in adjacent organs. (Kase, Weingold & Gershenson: Principles and Practice of Clinical Gynecology, 2d ed, pp479-508)",,,Diagnosis,N/A,,,,,,,,,,,,1661
131036AAAAAAAAAAAAAAAAAAAAAAAAAAAAAA,,Pain in limb,Douleurs dans les membres,dolor en una extremidad,,,,An unpleasant sensation induced by noxious stimuli and generally received by specialized nerve endings.,,,Diagnosis,N/A,,,,,,,,,,,,1662
131040AAAAAAAAAAAAAAAAAAAAAAAAAAAAAA,,Pain in eye,Douleur oculaire,Dolor ocular,,,,"Pain in the facial region including orofacial pain and craniofacial pain. Associated conditions include local inflammatory and neoplastic disorders and neuralgic syndromes involving the trigeminal, facial, and glossopharyngeal nerves. Conditions which feature recurrent or persistent facial pain as the primary manifestation of disease are referred to as FACIAL PAIN SYNDROMES.",,,Diagnosis,N/A,,,,,,,,,,,,1663
131096AAAAAAAAAAAAAAAAAAAAAAAAAAAAAA,,Ovale malaria,Paludisme à Plasmodium ovalé,paludismo por Plasmodium ovale,,,,"DEF: Malaria caused by infection with Plasmodium Ovale. DESC: Similar to P. Vivax, except untreated infection lasts less long. REF: Oxford Clinical Medicine",,,Diagnosis,N/A,,,,,,,,,,,,1664
131113AAAAAAAAAAAAAAAAAAAAAAAAAAAAAA,,Otitis media,Otite (moyenne),Otitis media,,,,Inflammation of the middle ear.,Otite moyenne,,Diagnosis,N/A,,,,,,,,,,,,1665
131115AAAAAAAAAAAAAAAAAAAAAAAAAAAAAA,,Otitis,Otite,otitis,,,,"Inflammation of the ear, which may be marked by pain, fever, abnormalities of hearing, hearing loss, tinnitus, and vertigo. Inflammation of the external ear is OTITIS EXTERNA; of the middle ear, OTITIS MEDIA; of the inner ear, LABYRINTHITIS. (From Dorland, 27th ed)",,,Diagnosis,N/A,,,,,,,,,,,,1666
131377AAAAAAAAAAAAAAAAAAAAAAAAAAAAAA,,Other malaria,Autres paludismes,,,,,,,,Diagnosis,N/A,,,,,,,,,,,,1667
131518AAAAAAAAAAAAAAAAAAAAAAAAAAAAAA,,Other causes of obstructed labor,Obstructed Labor,,,,,,,,Diagnosis,N/A,,,,,,,,,,,,1668
131585AAAAAAAAAAAAAAAAAAAAAAAAAAAAAA,,Affective psychosis,Psychose affective,Psicosis afectiva,,,,"Disorders in which the essential feature is a severe disturbance in mood (depression, anxiety, elation, and excitement) accompanied by psychotic symptoms such as delusions, hallucinations, gross impairment in reality testing, etc.",,,Diagnosis,N/A,,,,,,,,,,,,1669
131602AAAAAAAAAAAAAAAAAAAAAAAAAAAAAA,,Otalgia,Otalgie,otalgia,,,,Pain in the ear.,,,Diagnosis,N/A,,,,,,,,,,,,1670
131651AAAAAAAAAAAAAAAAAAAAAAAAAAAAAA,,Osteoarthritis of knee,Ostéo-arthrite du genou,artrosis de la rodilla,,,,,,,Diagnosis,N/A,,,,,,,,,,,,1671
131674AAAAAAAAAAAAAAAAAAAAAAAAAAAAAA,,Osteitis condensans,Ostéïte condensante,osteítis condensante,,,,,,,Diagnosis,N/A,,,,,,,,,,,,1672
131694AAAAAAAAAAAAAAAAAAAAAAAAAAAAAA,,Oropharyngeal dysphagia,Dysphagie oropharyngée,disfagia orofaríngea,,,,,,,Diagnosis,N/A,,,,,,,,,,,,1673
131715AAAAAAAAAAAAAAAAAAAAAAAAAAAAAA,,Organic mental disorder of unknown etiology,Trouble mental organique d'etiologie inconnue,trastorno mental orgánico de etiología desconocida,,,,,,,Diagnosis,N/A,,,,,,,,,,,,1674
131724AAAAAAAAAAAAAAAAAAAAAAAAAAAAAA,,Orbital oedema,Œdème orbitaire,edema orbitario,,,,,,,Diagnosis,N/A,,,,,,,,,,,,1675
131765AAAAAAAAAAAAAAAAAAAAAAAAAAAAAA,,Oppositional defiant disorder,Trouble oppositionnel avec provocation,trastorno negativista desafiante,,,,,,,Diagnosis,N/A,,,,,,,,,,,,1676
131768AAAAAAAAAAAAAAAAAAAAAAAAAAAAAA,,Opportunistic infectious disease,Des maladies infectieuses opportunistes,enfermedad infecciosa oportunista,,,,"An infection caused by an organism which becomes pathogenic under certain conditions, e.g., during immunosuppression.",,,Diagnosis,N/A,,,,,,,,,,,,1677
131791AAAAAAAAAAAAAAAAAAAAAAAAAAAAAA,,Ophiasis,Ophiasis,ofiasis,,,,"A microscopically inflammatory, usually reversible, patchy hair loss occurring in sharply defined areas and usually involving the beard or scalp. (Dorland, 27th ed)",,,Diagnosis,N/A,,,,,,,,,,,,1678
131804AAAAAAAAAAAAAAAAAAAAAAAAAAAAAA,,Open wound of wrist,Plaie ouverte du poignet,herida abierta de la muñeca,,,,,,,Diagnosis,N/A,,,,,,,,,,,,1679
131814AAAAAAAAAAAAAAAAAAAAAAAAAAAAAA,,Open wound of upper limb,Plaie ouverte d'un membre supérieur,herida abierta de la extremidad superior,,,,,,,Diagnosis,N/A,,,,,,,,,,,,1680
131818AAAAAAAAAAAAAAAAAAAAAAAAAAAAAA,,Open wound of upper arm,Plaie ouverte du bras,herida abierta del brazo,,,,,,,Diagnosis,N/A,,,,,,,,,,,,1681
131856AAAAAAAAAAAAAAAAAAAAAAAAAAAAAA,,Open wound of shoulder region,Plaie ouverte de l'épaule et du bras,herida abierta de la región del hombro,,,,,,,Diagnosis,N/A,,,,,,,,,,,,1682
131865AAAAAAAAAAAAAAAAAAAAAAAAAAAAAA,,Open wound of scapular region,Plaie ouverte de parties de la ceinture scapulaire,herida abierta de la región escapular,,,,,,,Diagnosis,N/A,,,,,,,,,,,,1683
131868AAAAAAAAAAAAAAAAAAAAAAAAAAAAAA,,Open wound of scalp,Plaie ouverte du cuir chevelu,herida abierta en el cuero cabelludo,,,,,,,Diagnosis,N/A,,,,,,,,,,,,1684
131890AAAAAAAAAAAAAAAAAAAAAAAAAAAAAA,,Open wound of neck,Plaie ouverte du cou,herida abierta del cuello,,,,,,,Diagnosis,N/A,,,,,,,,,,,,1685
131924AAAAAAAAAAAAAAAAAAAAAAAAAAAAAA,,Open wound of lower limb,Plaie ouverte d'un membre inférieur,herida abierta de la extremidad inferior,,,,,,,Diagnosis,N/A,,,,,,,,,,,,1686
131925AAAAAAAAAAAAAAAAAAAAAAAAAAAAAA,,Open wound of lower leg,Plaie ouverte de la partie inférieure de la jambe,herida abierta de la pierna,,,,"Damage inflicted on the body as the direct or indirect result of an external force, with or without disruption of structural continuity.",,,Diagnosis,N/A,,,,,,,,,,,,1687
131958AAAAAAAAAAAAAAAAAAAAAAAAAAAAAA,,Open wound of head,Plaie ouverte de la tête,herida abierta de la cabeza,,,,,,,Diagnosis,N/A,,,,,,,,,,,,1688
131977AAAAAAAAAAAAAAAAAAAAAAAAAAAAAA,,Open wound of forearm,Plaie ouverte de l'avant-bras,herida abierta del antebrazo,,,,,,,Diagnosis,N/A,,,,,,,,,,,,1689
131984AAAAAAAAAAAAAAAAAAAAAAAAAAAAAA,,Open wound of foot,Plaie ouverte du pied,herida abierta del pie,,,,,,,Diagnosis,N/A,,,,,,,,,,,,1690
132127AAAAAAAAAAAAAAAAAAAAAAAAAAAAAA,,Open fracture of upper limb,Fracture du membre supérieur (ouverte),fractura expuesta de la extremidad superior,,,,,,,Diagnosis,N/A,,,,,,,,,,,,1691
132268AAAAAAAAAAAAAAAAAAAAAAAAAAAAAA,,"Fracture of forearm, open","Fracture de l'avant-bras, ouverte",fractura expuesta del antebrazo,,,,,,,Diagnosis,N/A,,,,,,,,,,,,1692
132338AAAAAAAAAAAAAAAAAAAAAAAAAAAAAA,,Open fracture,Fracture ouverte,fractura expuesta,,,,Fractures in which there is an external wound communicating with the break of the bone.,,,Diagnosis,N/A,,,,,,,,,,,,1693
132387AAAAAAAAAAAAAAAAAAAAAAAAAAAAAA,,Onychomycosis,Onychomycose,onicomicosis,,,,"A fungal infection of the nail plate, usually caused by a species of Epidermophyton, Microsporum, or Trichophyton, and producing opaque, white, thickened, friable, and brittle nails. (Dorland, 27th ed)",,,Diagnosis,N/A,,,,,,,,,,,,1694
132390AAAAAAAAAAAAAAAAAAAAAAAAAAAAAA,,Onycholysis,Onycholyse,onicólisis,,,,,,,Diagnosis,N/A,,,,,,,,,,,,1695
132407AAAAAAAAAAAAAAAAAAAAAAAAAAAAAA,,Omphalitis of the newborn,Omphalite du nouveau-né,onfalitis del recién nacido,,,,,,,Diagnosis,Coded,,,,,,,,,,,,1696
132417AAAAAAAAAAAAAAAAAAAAAAAAAAAAAA,,Oliguria and anuria,Oligurie et anurie,oliguria y anuria,,,,Inability to form or excrete urine.,,,Diagnosis,N/A,,,,,,,,,,,,1697
132418AAAAAAAAAAAAAAAAAAAAAAAAAAAAAA,,Oliguria,Oligurie,Oliguria,,,,,,,Diagnosis,N/A,,,,,,,,,,,,1698
132425AAAAAAAAAAAAAAAAAAAAAAAAAAAAAA,,Oligohydramnios,Oligoamnios,oligoamnios,,,,,,,Diagnosis,N/A,,,,,,,,,,,,1699
132468AAAAAAAAAAAAAAAAAAAAAAAAAAAAAA,,Ocular onchocerciasis,Onchocércose oculaire,oncocercosis ocular,,,,Filarial infection of the eyes transmitted from person to person by bites of Onchocerca volvulus-infected black flies. The microfilariae of Onchocerca are thus deposited beneath the skin. They migrate through various tissues including the eye. Those persons infected have impaired vision and up to 20% are blind. The incidence of eye lesions has been reported to be as high as 30% in Central America and parts of Africa.,,,Diagnosis,N/A,,,,,,,,,,,,1700
132611AAAAAAAAAAAAAAAAAAAAAAAAAAAAAA,,Obsessive-compulsive disorder,Trouble obsessionnel compulsif,Trastorno obsesivo-compulsivo,,,,"An anxiety disorder characterized by recurrent, persistent obsessions or compulsions. Obsessions are the intrusive ideas, thoughts, or images that are experienced as senseless or repugnant. Compulsions are repetitive and seemingly purposeful behavior which the individual generally recognizes as senseless and from which the individual does not derive pleasure although it may provide a release from tension.",,,Diagnosis,N/A,,,,,,,,,,,,1701
132612AAAAAAAAAAAAAAAAAAAAAAAAAAAAAA,,Obsessive compulsive personality disorder,Personnalité obsessionnelle compulsive,Trastorno obsesivo - compulsivo de la personalidad,,,,"A personality disorder characterized by an emotionally constricted manner that is unduly conventional, serious, formal, and stingy, by preoccupation with trivial details, rules, order, organization, schedules, and lists, by stubborn insistence on having things one's own way without regard for the effects on others, by excessive devotion to work and productivity to the detriment of interpersonal relationships, and by indecisiveness due to fear of making mistakes. (Dorland, 27th ed)",,,Diagnosis,N/A,,,,,,,,,,,,1702
132636AAAAAAAAAAAAAAAAAAAAAAAAAAAAAA,,Nutritional marasmus,Marasme nutritionnel,marasmo nutricional,,,,"A syndrome produced by severe protein deficiency, characterized by retarded growth, changes in skin and hair pigment, edema, and pathologic changes in the liver, including fatty infiltration, necrosis, and fibrosis. The word is a local name in Gold Coast, Africa, meaning ""displaced child"". Although first reported from Africa, kwashiorkor is now known throughout the world, but mainly in the tropics and subtropics. It is considered to be related to marasmus. (From Dorland, 27th ed)",MARASME,,Diagnosis,N/A,,,,,,,,,,,,1703
132652AAAAAAAAAAAAAAAAAAAAAAAAAAAAAA,,Numbness of hand,Engourdissement de la main,hipoestesia de la mano,,,,,,,Diagnosis,N/A,,,,,,,,,,,,1704
132653AAAAAAAAAAAAAAAAAAAAAAAAAAAAAA,,Numbness of foot,Engourdissement du pied,entumecimiento del pie,,,,,,,Diagnosis,N/A,,,,,,,,,,,,1705
132678AAAAAAAAAAAAAAAAAAAAAAAAAAAAAA,,Normal pregnancy,Grossesse normale,embarazo normal,,,,,,,Diagnosis,N/A,,,,,,,,,,,,1706
132805AAAAAAAAAAAAAAAAAAAAAAAAAAAAAA,,Non-toxic multinodular goiter,"Goitre non toxique, multinodulaire",bocio multinodular no tóxico,,,,"An enlarged thyroid gland containing circumscribed nodules within its substance. (Dorland, 27th ed)",,,Diagnosis,N/A,,,,,,,,,,,,1707
132827AAAAAAAAAAAAAAAAAAAAAAAAAAAAAA,,Nonparalytic stroke,Accidents cerebro-vasculaires non paralysant,accidente cerebrovascular no paralítico,,,,,,,Diagnosis,N/A,,,,,,,,,,,,1708
132833AAAAAAAAAAAAAAAAAAAAAAAAAAAAAA,,Non-organic enuresis,Enurésie non organique,enuresis no orgánica,,,,"Involuntary discharge of urine after the age at which urinary control should have been achieved; often used alone with specific reference to involuntary discharge of urine occurring during sleep at night (bed-wetting; nocturnal enuresis). (Dorland, 27th ed)",,,Diagnosis,N/A,,,,,,,,,,,,1709
132846AAAAAAAAAAAAAAAAAAAAAAAAAAAAAA,,Non-involution of uterus,Non-involution de l'utérus,falta de retracción del útero,,,,,,,Diagnosis,N/A,,,,,,,,,,,,1710
133007AAAAAAAAAAAAAAAAAAAAAAAAAAAAAA,,Nocardiosis,Nocardiose,Nocardiosis,,,,,,,Diagnosis,N/A,,,,,,,,,,,,1711
133027AAAAAAAAAAAAAAAAAAAAAAAAAAAAAA,,Night sweats,Sueurs nocturnes,sudoración nocturna,,,,"Sleep hyperhidrosis, more commonly known as the night sweats, is the occurrence of excessive sweating (hyperhidrosis) during sleep. The sufferer may or may not also suffer from excessive perspiration while awake. Sleep hyperhidrosis may occur at any age, but is most commonly seen in early adulthood. ref: http://en.wikipedia.org/wiki/Night_sweats",,,Diagnosis,Boolean,,,,,,,,,,,,1712
133028AAAAAAAAAAAAAAAAAAAAAAAAAAAAAA,,"Muscle cramp, nocturnal",Crampe musculaire nocturne,calambres nocturnos,,,,"An involuntary contraction of a muscle or group of muscles. Spasms may involve skeletal muscle (MUSCLE, SKELETAL) or smooth muscle (MUSCLE, SMOOTH).",,,Diagnosis,N/A,,,,,,,,,,,,1713
133089AAAAAAAAAAAAAAAAAAAAAAAAAAAAAA,,Neuroma of amputation stump,Nevrome sur moignon d'amputation,Neuroma del muñón de una amputación,,,,,,,Diagnosis,N/A,,,,,,,,,,,,1714
133093AAAAAAAAAAAAAAAAAAAAAAAAAAAAAA,,Neuroleptic-induced parkinsonism,Parkinsonisme induit par des neuroleptiques,parkinsonismo inducido por neurolépticos,,,,"Conditions which feature clinical manifestations resembling primary Parkinson disease that are caused by a known or suspected condition. Examples include parkinsonism caused by vascular injury, drugs, trauma, toxin exposure, neoplasms, infections and degenerative or hereditary conditions. Clinical features may include bradykinesia, rigidity, parkinsonian gait, and masked facies. In general, tremor is less prominent in secondary parkinsonism than in the primary form. (From Joynt, Clinical Neurology, 1998, Ch38, pp39-42)",,,Diagnosis,N/A,,,,,,,,,,,,1715
133097AAAAAAAAAAAAAAAAAAAAAAAAAAAAAA,,Neuroleptic malignant syndrome,Syndrome malin des neuroleptiques,síndrome neuroléptico maligno,,,,"A potentially fatal syndrome associated primarily with the use of neuroleptic agents (see ANTIPSYCHOTIC AGENTS) which are in turn associated with dopaminergic receptor blockade (see RECEPTORS, DOPAMINE) in the BASAL GANGLIA and HYPOTHALAMUS, and sympathetic dysregulation. Clinical features include diffuse MUSCLE RIGIDITY; TREMOR; high FEVER; diaphoresis; labile blood pressure; cognitive dysfunction; and autonomic disturbances. Serum CPK level elevation and a leukocytosis may also be present. (From Adams et al., Principles of Neurology, 6th ed, p1199; Psychiatr Serv 1998 Sep;49(9):1163-72)",,,Diagnosis,N/A,,,,,,,,,,,,1716
133126AAAAAAAAAAAAAAAAAAAAAAAAAAAAAA,,Neuralgia,Névralgie,neuralgia,,,,"A common nonarticular rheumatic syndrome characterized by myalgia and multiple points of focal muscle tenderness to palpation (trigger points). Muscle pain is typically aggravated by inactivity or exposure to cold. This condition is often associated with general symptoms, such as sleep disturbances, fatigue, stiffness, HEADACHES, and occasionally DEPRESSION. There is significant overlap between fibromyalgia and the chronic fatigue syndrome (FATIGUE SYNDROME, CHRONIC). Fibromyalgia may arise as a primary or secondary disease process. It is most frequent in females aged 20 to 50 years. (From Adams et al., Principles of Neurology, 6th ed, p1494-95)",,,Diagnosis,N/A,,,,,,,,,,,,1717
133231AAAAAAAAAAAAAAAAAAAAAAAAAAAAAA,,Neoplasm of uncertain behavior of prostate,Tumeur incertain comportement de la prostate,neoplasia de comportamiento incierto de la próstata,,,,"A gland in males that surrounds the neck of the BLADDER and the URETHRA. It secretes a substance that liquifies coagulated semen. It is situated in the pelvic cavity behind the lower part of the PUBIC SYMPHYSIS, above the deep layer of the triangular ligament, and rests upon the RECTUM.",,,Diagnosis,N/A,,,,,,,,,,,,1718
133328AAAAAAAAAAAAAAAAAAAAAAAAAAAAAA,,Neoplasm of lung,,neoplasia de pulmón,,,,Tumors or cancer of the LUNG.,,,Diagnosis,N/A,,,,,,,,,,,,1719
133391AAAAAAAAAAAAAAAAAAAAAAAAAAAAAA,,Neonatal jaundice associated with preterm delivery,Ictère du prématuré,ictericia neonatal asociada con parto de pretérmino,,,,,,,Diagnosis,N/A,,,,,,,,,,,,1720
133410AAAAAAAAAAAAAAAAAAAAAAAAAAAAAA,,Neonatal dehydration,Deshydratation néonatale,deshidratación neonatal,,,,,,,Diagnosis,N/A,,,,,,,,,,,,1721
133414AAAAAAAAAAAAAAAAAAAAAAAAAAAAAA,,Neonatal conjunctivitis,Conjonctivite néonatale,conjuntivitis neonatal,,,,"Acute conjunctival inflammation in the newborn, usually caused by maternal gonococcal infection. The baby's eyes are contaminated during passage through the birth canal.",,,Diagnosis,N/A,,,,,,,,,,,,1722
133418AAAAAAAAAAAAAAAAAAAAAAAAAAAAAA,,Neonatal candidiasis,Candidose néonatale,candidiasis neonatal,,,,,,,Diagnosis,N/A,,,,,,,,,,,,1723
133443AAAAAAAAAAAAAAAAAAAAAAAAAAAAAA,,Necrotizing fasciitis,Fasciite nécrosante,fascitis necrosante,,,,"A fulminating group A streptococcal infection beginning with severe or extensive cellulitis that spreads to involve the superficial and deep fascia, producing thrombosis of the subcutaneous vessels and gangrene of the underlying tissues. A cutaneous lesion usually serves as a portal of entry for the infection, but sometimes no such lesion is found. (Dorland, 28th ed)",,,Diagnosis,N/A,,,,,,,,,,,,1724
133461AAAAAAAAAAAAAAAAAAAAAAAAAAAAAA,,Necrobiosis lipoidica,Necrobiose lipoidique,necrobiosis lipoidea,,,,A degenerative disease of the dermal connective tissue characterized by the development of erythematous papules or nodules in the pretibial area. The papules form plaques covered with telangiectatic vessels. More than half of the affected patients have diabetes.,,,Diagnosis,N/A,,,,,,,,,,,,1725
133468AAAAAAAAAAAAAAAAAAAAAAAAAAAAAA,,Neck sprain,Entroese du cou,esguince de cuello,,,,"General or unspecified injuries to the neck. It includes injuries to the skin, muscles, and other soft tissues of the neck.",,,Diagnosis,N/A,,,,,,,,,,,,1726
133469AAAAAAAAAAAAAAAAAAAAAAAAAAAAAA,,Neck pain,Douleur cervicale,cervicodinia,,,,Discomfort or more intense forms of pain that are localized to the cervical region. This term generally refers to pain in the posterior or lateral regions of the neck.,,,Diagnosis,N/A,,,,,,,,,,,,1727
133473AAAAAAAAAAAAAAAAAAAAAAAAAAAAAA,,Nausea and vomiting,Nausée et vomissements,náuseas y vómitos,,,,The forcible expulsion of the contents of the stomach through the mouth.,,,Diagnosis,N/A,,,,,,,,,,,,1728
133475AAAAAAAAAAAAAAAAAAAAAAAAAAAAAA,,Natural Death with Unknown Cause,,muerte natural de causa desconocida,,,,,,,Diagnosis,N/A,,,,,,,,,,,,1729
133481AAAAAAAAAAAAAAAAAAAAAAAAAAAAAA,,Natural death,Mort naturelle,muerte natural,,,,,,,Diagnosis,N/A,,,,,,,,,,,,1730
133499AAAAAAAAAAAAAAAAAAAAAAAAAAAAAA,,Nasal haemorrhage,Hémorragie nasal,Sangrado nasal,,,,Bleeding from the nose.,,,Diagnosis,N/A,,,,,,,,,,,,1731
133632AAAAAAAAAAAAAAAAAAAAAAAAAAAAAA,,Muscle pain,Douleur musculaire,Dolor muscular,,,,,,,Diagnosis,N/A,,,,,,,,,,,,1732
133639AAAAAAAAAAAAAAAAAAAAAAAAAAAAAA,,Muscle contracture,Contracture musculaire,contractura de un músculo,,,,,,,Diagnosis,N/A,,,,,,,,,,,,1733
133671AAAAAAAAAAAAAAAAAAAAAAAAAAAAAA,,Mumps,Oreillons,parotiditis,,,,,,,Diagnosis,N/A,,,,,,,,,,,,1734
133695AAAAAAAAAAAAAAAAAAAAAAAAAAAAAA,,Multiple organ failure,Défaillance multiviscérale,falla de órganos múltiples,,,,"A progressive condition usually characterized by combined failure of several organs such as the lungs, liver, kidney, along with some clotting mechanisms, usually postinjury or postoperative.",,,Diagnosis,N/A,,,,,,,,,,,,1735
133709AAAAAAAAAAAAAAAAAAAAAAAAAAAAAA,,Multiple myeloma,Myélome multiple,mieloma múltiple,,,,"A malignant tumor of plasma cells usually arising in the bone marrow; characterized by diffuse involvement of the skeletal system, hyperglobulinemia, Bence-Jones proteinuria, and anemia.",,,Diagnosis,N/A,,,,,,,,,,,,1736
133730AAAAAAAAAAAAAAAAAAAAAAAAAAAAAA,,Multiple injuries,Blessures multiples,lesiones traumáticas múltiples,,,,Physical insults or injuries occurring simultaneously in several parts of the body.,,,Diagnosis,N/A,,,,,,,,,,,,1737
133792AAAAAAAAAAAAAAAAAAAAAAAAAAAAAA,,Mucus in stool,,moco en materia fecal,,,,,,,Diagnosis,N/A,,,,,,,,,,,,1738
133947AAAAAAAAAAAAAAAAAAAAAAAAAAAAAA,,Morphea,Morphée,morfea,,,,"A chronic, localized hardening and thickening of the skin. Lesions may be categorized as morphea (guttate, profunda, pansclerotic) or linear (with or without melorheostosis or hemiatrophy). It is twice as common in women as in men. The condition is characterized by skin ischemia, lymphocytic infiltrates, swollen collagen bundles, and thickening of the dermis with reduction of subcutaneous fat.",,,Diagnosis,N/A,,,,,,,,,,,,1739
133972AAAAAAAAAAAAAAAAAAAAAAAAAAAAAA,,Mononeuropathy,Mononévrite,mononeuropatía,,,,"Disease or trauma involving a single peripheral nerve in isolation, or out of proportion to evidence of diffuse peripheral nerve dysfunction. Mononeuropathy multiplex refers to a condition characterized by multiple isolated nerve injuries. Mononeuropathies may result from a wide variety of causes, including ISCHEMIA; traumatic injury; compression; CONNECTIVE TISSUE DISEASES; CUMULATIVE TRAUMA DISORDERS; and other conditions.",,,Diagnosis,N/A,,,,,,,,,,,,1740
134015AAAAAAAAAAAAAAAAAAAAAAAAAAAAAA,,Moderate mental retardation (I.Q. 35-49),Handicaps intellectuels modéré,retraso mental moderado (C.I. 35 - 49),,,,"Subnormal intellectual functioning which originates during the developmental period. This has multiple potential etiologies, including genetic defects and perinatal insults. Intelligence quotient (IQ) scores are commonly used to determine whether an individual is mentally retarded. IQ scores between 70 and 79 are in the borderline mentally retarded range. Scores below 67 are in the retarded range. (Joynt, Clinical Neurology, 1992, Ch55, p28)",,,Diagnosis,N/A,,,,,,,,,,,,1741
134016AAAAAAAAAAAAAAAAAAAAAAAAAAAAAA,,"Moderate major depression, single episode","Episode depressif moyen, un épisode","depresión mayor moderada, un solo episodio",,,,"Marked depression appearing in the involution period and characterized by hallucinations, delusions, paranoia, and agitation.",,,Diagnosis,N/A,,,,,,,,,,,,1742
134021AAAAAAAAAAAAAAAAAAAAAAAAAAAAAA,,Moderate depressed bipolar I disorder,"Trouble bipolaire de type I, modere, avec episode depressif",trastorno bipolar I depresivo moderado,,,,A major affective disorder marked by severe mood swings (manic or major depressive episodes) and a tendency to remission and recurrence.,,,Diagnosis,N/A,,,,,,,,,,,,1743
134034AAAAAAAAAAAAAAAAAAAAAAAAAAAAAA,,Mixed receptive-expressive language disorder,"Trouble du langage mixte, réceptif-expressive",trastorno mixto del lenguaje receptivo - expresivo,,,,"Conditions characterized by language abilities (comprehension and expression of speech and writing) that are below the expected level for a given age, generally in the absence of an intellectual impairment. These conditions may be associated with DEAFNESS; BRAIN DISEASES; MENTAL DISORDERS; or environmental factors.",,,Diagnosis,N/A,,,,,,,,,,,,1744
134041AAAAAAAAAAAAAAAAAAAAAAAAAAAAAA,,Mixed Malaria,Paludisme à parasitémie mixte,paludismo mixto,,,,"DEF: Infection with more than one species of malaria parasite at the same time. DESC: The four Plasmodium species that infect humans are P. falciparum, P. vivax, P. ovale, and P. malariae. REF: Merck Manual",,,Diagnosis,N/A,,,,,,,,,,,,1745
134079AAAAAAAAAAAAAAAAAAAAAAAAAAAAAA,,Mixed anxiety and depressive disorder,Trouble depressif et mixte anxieux,trastorno mixto de angustia y depresión,,,,An affective disorder manifested by either a dysphoric mood or loss of interest or pleasure in usual activities. The mood disturbance is prominent and relatively persistent.,,,Diagnosis,N/A,,,,,,,,,,,,1746
134082AAAAAAAAAAAAAAAAAAAAAAAAAAAAAA,,Mitral valve stenosis,Sténose mitrale,estenosis de la válvula mitral,,,,"A rheumatic disease causing diffuse thickening of the mitral valve leaflets by fibrous tissue or calcific deposits. (Harrisons' Principles of Internal Medicine, 13th ed, p1052)",,,Diagnosis,N/A,,,,,,,,,,,,1747
134132AAAAAAAAAAAAAAAAAAAAAAAAAAAAAA,,Miliaria crystallina,Miliaire cristalline,sudamina,,,,"A syndrome of cutaneous changes associated with sweat retention and extravasation of sweat at different levels in the skin. Miliaria rubra, or prickly heat, results from apocrine duct obstruction. The sweat then seeps into the epidermis, producing pruritic erythematous papulovesicles. (From Dorland, 27th ed)",,,Diagnosis,N/A,,,,,,,,,,,,1748
134147AAAAAAAAAAAAAAAAAAAAAAAAAAAAAA,,"Mild major depression, single episode","Episode dépressif léger, un épisode","depresión mayor leve, un solo episodio",,,,"Marked depression appearing in the involution period and characterized by hallucinations, delusions, paranoia, and agitation.",,,Diagnosis,N/A,,,,,,,,,,,,1749
134156AAAAAAAAAAAAAAAAAAAAAAAAAAAAAA,,Mild depressed bipolar I disorder,"Trouble bipolaire de type I, leger, avec episode depressif",trastorno bipolar I depresivo leve,,,,A major affective disorder marked by severe mood swings (manic or major depressive episodes) and a tendency to remission and recurrence.,,,Diagnosis,N/A,,,,,,,,,,,,1750
134185AAAAAAAAAAAAAAAAAAAAAAAAAAAAAA,,Frequency of urination and polyuria,Fréquence des mictions et polyurie,frecuencia miccional y poliuria,,,,,,,Diagnosis,N/A,,,,,,,,,,,,1751
134213AAAAAAAAAAAAAAAAAAAAAAAAAAAAAA,,Microcephalus,Microcéphalie,microcéfalo,,,,"Abnormal smallness of the head, usually associated with mental retardation. (Dorland, 27th ed)",,,Diagnosis,N/A,,,,,,,,,,,,1752
134292AAAAAAAAAAAAAAAAAAAAAAAAAAAAAA,,Mesiodens,Mesiodens,mesiodens,,,,"An extra tooth, erupted or unerupted, resembling or unlike the other teeth in the group to which it belongs. Its presence may cause malposition of adjacent teeth or prevent their eruption.",,,Diagnosis,N/A,,,,,,,,,,,,1753
134337AAAAAAAAAAAAAAAAAAAAAAAAAAAAAA,,Mental disorder,Touble Psychiatrique,trastorno mental,,,,"Psychiatric illness or diseases manifested by breakdowns in the adaptational process expressed primarily as abnormalities of thought, feeling, and behavior producing either distress or impairment of function.",,,Diagnosis,N/A,,,,,,,,,,,,1754
134340AAAAAAAAAAAAAAAAAAAAAAAAAAAAAA,,Menstrual period late,Retard menstruelle,período retrasado,,,,,,,Diagnosis,N/A,,,,,,,,,,,,1755
134345AAAAAAAAAAAAAAAAAAAAAAAAAAAAAA,,Hypermenorrhoea,Hyperménorrhée,menorragia,,,,Excessive menstrual flow.,,,Diagnosis,N/A,,,,,,,,,,,,1756
134346AAAAAAAAAAAAAAAAAAAAAAAAAAAAAA,,Menopause,Ménopause,menopausia,,,,"Cessation of menstruation in the human female, occurring usually around the age of 50. (Dorland, 28th ed)",,,Diagnosis,N/A,,,,,,,,,,,,1757
134351AAAAAAAAAAAAAAAAAAAAAAAAAAAAAA,,Menometrorrhagia,Menstruation trop abondante et trop fréquente avec cycle menstruel irrégulier,menometrorragia,,,,,,,Diagnosis,N/A,,,,,,,,,,,,1758
134394AAAAAAAAAAAAAAAAAAAAAAAAAAAAAA,,Melaena,Méléna,Méléna,,,,"Black, tarry feces containing digested blood.",,,Diagnosis,N/A,,,,,,,,,,,,1759
134488AAAAAAAAAAAAAAAAAAAAAAAAAAAAAA,,Meconium staining,Coloration meconium,líquido amniótico con meconio,,,,,,,Diagnosis,N/A,,,,,,,,,,,,1760
134495AAAAAAAAAAAAAAAAAAAAAAAAAAAAAA,,Meckel's diverticulum,Diverticule de Meckel,divertículo de Meckel,,,,"An occasional sacculation or appendage of the ileum, derived from an unobliterated yolk stalk. (Dorland, 27th ed)",,,Diagnosis,N/A,,,,,,,,,,,,1761
134561AAAAAAAAAAAAAAAAAAAAAAAAAAAAAA,,Measles,Rougeole,sarampión,,,,"A highly contagious infectious disease caused by MORBILLIVIRUS, common among children but also seen in the nonimmune of any age, in which the virus enters the respiratory tract via droplet nuclei and multiplies in the epithelial cells, spreading throughout the reticuloendothelial system. (From Dorland, 27th ed)",,,Diagnosis,N/A,,,,,,,,,,,,1762
134567AAAAAAAAAAAAAAAAAAAAAAAAAAAAAA,,Mayaro fever,Fièvre de Mayaro,fiebre de Mayaro,,,,,,,Diagnosis,N/A,,,,,,,,,,,,1763
134592AAAAAAAAAAAAAAAAAAAAAAAAAAAAAA,,"Maternal Malaria with Delivery, with Current Postpartum Complication",Paludisme maternel puerpéral avec complications,paludismo materno en el puerperio - niño nacido durante atención actual,,,,,,,Diagnosis,N/A,,,,,,,,,,,,1764
134594AAAAAAAAAAAAAAAAAAAAAAAAAAAAAA,,Maternal Malaria During Pregnancy - Baby Not Yet Delivered,Paludisme pendant la grossesse- BÉBÉ PAS ENCORE NÉ,paludismo materno durante el embarazo - niño no nacido aún,,,,"DEF: Malaria in pregnant woman defore delivery. DESC: Malaria in pregnancy increases the risk of maternal anaemia, stillbirth, spontaneous abortion, low birth weight and neonatal death. WHO recommends a package of interventions for the prevention and control of malaria during pregnancy: Use of insecticide treated nets (ITNs) to prevent infection Intermittent Preventive Treatment (IPT) to prevent asymptomatic infections among pregnant women living in areas of moderate or high transmission of P. falciparum Effective case management for malaria illness and anaemia. REF: WHO",,,Diagnosis,N/A,,,,,,,,,,,,1765
134614AAAAAAAAAAAAAAAAAAAAAAAAAAAAAA,,Mastoiditis,Mastoïdite,mastoiditis,,,,Inflammation of the cavity and air cells in the mastoid part of the temporal bone.,,,Diagnosis,N/A,,,,,,,,,,,,1766
134660AAAAAAAAAAAAAAAAAAAAAAAAAAAAAA,,Marital problems,Problèmes conjugaux,problema marital,,,,,,,Diagnosis,N/A,,,,,,,,,,,,1767
134696AAAAAAAAAAAAAAAAAAAAAAAAAAAAAA,,"Manic disorder, single episode",Episode maniaque,"trastorno maníaco, episodio único",Manic episode,,,,,,Diagnosis,N/A,,,,,,,,,,,,1768
134722AAAAAAAAAAAAAAAAAAAAAAAAAAAAAA,,Malnutrition of moderate degree (Gomez: 60% to Less than 75% of Standard Weight),Malnutrition modérée,desnutrición moderada (según la clasificación de Gómez peso entre 60% y menos del 75% del peso estándar),,,,"The lack of sufficient energy or protein to meet the body's metabolic demands, as a result of either an inadequate dietary intake of protein, intake of poor quality dietary protein, increased demands due to disease, or increased nutrient losses.",,,Diagnosis,N/A,,,,,,,,,,,,1769
134723AAAAAAAAAAAAAAAAAAAAAAAAAAAAAA,,Malnutrition of mild degree (Gomez: 75% to Less than 90% of Standard Weight),Malnutrition légère,desnutrición leve (según la clasificación de Gómez: peso entre 75% y menos del 90% del peso estándar),,,,"The lack of sufficient energy or protein to meet the body's metabolic demands, as a result of either an inadequate dietary intake of protein, intake of poor quality dietary protein, increased demands due to disease, or increased nutrient losses.",,,Diagnosis,N/A,,,,,,,,,,,,1770
134734AAAAAAAAAAAAAAAAAAAAAAAAAAAAAA,,Malignant tumor of vulva,Tumeur maligne de la vulve,tumor maligno de la vulva,,,,Tumors or cancer of the VULVA.,,,Diagnosis,N/A,,,,,,,,,,,,1771
134736AAAAAAAAAAAAAAAAAAAAAAAAAAAAAA,,Malignant tumor of vertebral column,Tumeur maligne des rachis,Tumor maligna de la columna vertebral,,,,,,,Diagnosis,N/A,,,,,,,,,,,,1772
134753AAAAAAAAAAAAAAAAAAAAAAAAAAAAAA,,Malignant tumor of trachea,Tumeur maligne de la trachée,tumor maligno de la tráquea,,,,Tumors or cancer of the LUNG.,,,Diagnosis,N/A,,,,,,,,,,,,1773
134756AAAAAAAAAAAAAAAAAAAAAAAAAAAAAA,,Malignant neoplasm of thyroid gland,Tumeur maligne de la thyroïde,tumor maligno de la glándula tiroides,,,,Tumors or cancer of the THYROID GLAND.,,,Diagnosis,N/A,,,,,,,,,,,,1774
134759AAAAAAAAAAAAAAAAAAAAAAAAAAAAAA,,Malignant tumor of testis,Tumeur maligne du testicule,tumor maligno de testículo,,,,,,,Diagnosis,N/A,,,,,,,,,,,,1775
134785AAAAAAAAAAAAAAAAAAAAAAAAAAAAAA,,Malignant tumor of rectum,Tumeur maligne du rectum,tumor maligno del recto,,,,Tumors or cancer of the RECTUM.,,,Diagnosis,N/A,,,,,,,,,,,,1776
134788AAAAAAAAAAAAAAAAAAAAAAAAAAAAAA,,Malignant tumor of prostate,Tumeur maligne de la prostate,tumor maligno de próstata,,,,Tumors or cancer of the prostate.,,,Diagnosis,N/A,,,,,,,,,,,,1777
134800AAAAAAAAAAAAAAAAAAAAAAAAAAAAAA,,Malignant tumor of penis,Tumeur maligne de la verge,tumor maligno del pene,,,,Cancers or tumors of the PENIS or of its component tissues.,,,Diagnosis,N/A,,,,,,,,,,,,1778
134802AAAAAAAAAAAAAAAAAAAAAAAAAAAAAA,,Malignant tumor of parotid gland,Tumeur maligne de la glande parotide,tumor maligno de la glándula parótida,,,,Tumors or cancer of the SALIVARY GLANDS.,,,Diagnosis,N/A,,,,,,,,,,,,1779
134804AAAAAAAAAAAAAAAAAAAAAAAAAAAAAA,,Malignant tumor of parathyroid gland,Tumeur maligne de glande parathyroïde,tumor maligno de glándula paratiroides,,,,Tumors or cancer of the PARATHYROID GLANDS.,,,Diagnosis,N/A,,,,,,,,,,,,1780
134807AAAAAAAAAAAAAAAAAAAAAAAAAAAAAA,,Malignant tumor of ovary,Tumeur maligne de l'ovaire,tumor maligno de ovario,,,,"Tumors or cancer of the OVARY, either primary or secondary",,,Diagnosis,N/A,,,,,,,,,,,,1781
134829AAAAAAAAAAAAAAAAAAAAAAAAAAAAAA,,Malignant tumor of laryngeal cartilage,Tumeur maligne du cartilage laryngé,tumor maligno del cartílago laríngeo,,,,"Cancers or tumors of the LARYNX or any of its parts: the GLOTTIS, EPIGLOTTIS, LARYNGEAL CARTILAGES, LARYNGEAL MUSCLES, and VOCAL CORDS.",,,Diagnosis,N/A,,,,,,,,,,,,1782
134848AAAAAAAAAAAAAAAAAAAAAAAAAAAAAA,,Malignant tumor of gallbladder,Tumeur maligne de la vésicule biliaire,tumor maligno de la vesícula biliar,,,,Tumors or cancer of the gallbladder.,,,Diagnosis,N/A,,,,,,,,,,,,1783
134888AAAAAAAAAAAAAAAAAAAAAAAAAAAAAA,,Malignant tumor of base of tongue,Tumeur maligne de la base de la langue,tumor maligno de la base de la lengua,,,,Tumors or cancer of the TONGUE.,,,Diagnosis,N/A,,,,,,,,,,,,1784
134902AAAAAAAAAAAAAAAAAAAAAAAAAAAAAA,,Malignant tumor of adrenal gland,Tumeur maligne de la surrénale,tumor maligno de glándula suprarrenal,,,,Tumors or cancer of the adrenal gland.,,,Diagnosis,N/A,,,,,,,,,,,,1785
134988AAAAAAAAAAAAAAAAAAAAAAAAAAAAAA,,Carcinomatosis,Carcinomatose,carcinomatosis,,,,"A malignant neoplasm made up of epithelial cells tending to infiltrate the surrounding tissues and give rise to metastases. It is a histological type of neoplasm but is often wrongly used as a synonym for ""cancer."" (From Dorland, 27th ed)",,,Diagnosis,N/A,,,,,,,,,,,,1786
134AAAAAAAAAAAAAAAAAAAAAAAAAAAAAAAAA,,Cellulitis,Cellulite,celulitis,,,,Superficial bacterial infection of the skin.,,,Diagnosis,N/A,,,,,,,,,,,,1787
135092AAAAAAAAAAAAAAAAAAAAAAAAAAAAAA,,Malignant neoplasm of nervous system,Tumeur maligne de la système nerveux,neoplasia maligna del sistema nervioso,,,,"A tumor made up of nerve cells and nerve fibers. (Dorland, 27th ed)",,,Diagnosis,N/A,,,,,,,,,,,,1788
135117AAAAAAAAAAAAAAAAAAAAAAAAAAAAAA,,Malignant neoplasm of long bones of leg,Os longs du membre inférieur,neoplasia maligna de los huesos largos de la pierna,,,,Tumors or cancer located in bone tissue or specific bones.,,,Diagnosis,N/A,,,,,,,,,,,,1789
135118AAAAAAAAAAAAAAAAAAAAAAAAAAAAAA,,Malignant neoplasm of liver and intrahepatic bile ducts,Tumeur maligne du foie et des voies biliaires intrahépatiques,neoplasia maligna del hígado y de los conductos biliares intrahepáticos,,,,,,,Diagnosis,N/A,,,,,,,,,,,,1790
135134AAAAAAAAAAAAAAAAAAAAAAAAAAAAAA,,Malignant neoplasm of humerus,Tumeur maligne de humérus,neoplasia maligna del húmero,,,,Tumors or cancer located in bone tissue or specific bones.,,,Diagnosis,N/A,,,,,,,,,,,,1791
135225AAAAAAAAAAAAAAAAAAAAAAAAAAAAAA,,"Malignant Neoplasm of Auditory Tube, Middle Ear and Mastoid Air Cells",Tumeur maligne de l'oreille moyenne,"neoplasia maligna del conducto auditivo, el oído medio y las celdillas aéreas mastoideas",,,,,,,Diagnosis,N/A,,,,,,,,,,,,1792
135349AAAAAAAAAAAAAAAAAAAAAAAAAAAAAA,,Male Pattern Alopecia,Alopécie androgenique,alopecia de distribución masculina,,,,Absence of hair from areas where it is normally present.,,,Diagnosis,N/A,,,,,,,,,,,,1793
135360AAAAAAAAAAAAAAAAAAAAAAAAAAAAAA,,Malarial Hepatitis,Hépatite paludéenne,hepatitis palúdica,,,,,,,Diagnosis,N/A,,,,,,,,,,,,1794
135361AAAAAAAAAAAAAAAAAAAAAAAAAAAAAA,,"Malaria in mother complicating pregnancy, childbirth and/or puerperium",Complication dûe au paludisme pendant la grossesse,"malaria en la madre que complica el embarazo, el nacimiento Y/O el puerperio",,,,,,,Diagnosis,N/A,,,,,,,,,,,,1795
135367AAAAAAAAAAAAAAAAAAAAAAAAAAAAAA,,Malaise and fatigue,Malaise et la fatigue,malestar y fatiga,,,,"The state of weariness following a period of exertion, mental or physical, characterized by a decreased capacity for work and reduced efficiency to respond to stimuli.",,,Diagnosis,N/A,,,,,,,,,,,,1796
135380AAAAAAAAAAAAAAAAAAAAAAAAAAAAAA,,"Major depressive disorder, single episode with atypical features","Trouble dépressif majeur, épisode unique avec caractéristiques atypiques","trastorno depresivo mayor, un solo episodio con síntomas atípicos",,,,,,,Diagnosis,N/A,,,,,,,,,,,,1797
135436AAAAAAAAAAAAAAAAAAAAAAAAAAAAAA,,Macerated stillbirth,Mortinaissance macérée,mortinato macerado,,,,,,,Diagnosis,N/A,,,,,,,,,,,,1798
135462AAAAAAAAAAAAAAAAAAAAAAAAAAAAAA,,Lymphogranuloma venereum,Lymphogranulomatose vénérienne,linfogranuloma venéreo,,,,"Subacute inflammation of the inguinal lymph glands caused by certain immunotypes of CHLAMYDIA TRACHOMATIS. It is a sexually transmitted disease in the U.S. but is more widespread in developing countries. It is distinguished from granuloma venereum (see GRANULOMA INGUINALE), which is caused by Calymmatobacterium granulomatis.",,,Diagnosis,N/A,,,,,,,,,,,,1799
135480AAAAAAAAAAAAAAAAAAAAAAAAAAAAAA,,Lymphedema,Lymphœdème,linfedema,,,,Edema due to obstruction of lymph vessels or disorders of the lymph nodes.,,,Diagnosis,N/A,,,,,,,,,,,,1800
135486AAAAAAAAAAAAAAAAAAAAAAAAAAAAAA,,Lymphangioma,Lymphangiome,linfangioma,,,,"A benign tumor representing a congenital malformation of the lymphatic system and made up of newly formed lymph-containing vascular spaces and channels. Lymphangioendothelioma is a type of lymphangioma in which endothelial cells are the dominant component. (From Dorland, 27th ed)",,,Diagnosis,N/A,,,,,,,,,,,,1801
135488AAAAAAAAAAAAAAAAAAAAAAAAAAAAAA,,Lymphadenopathy,Lymphadénopathie,adenomegalia,,,,Abnormally enlarged lymph nodes.,,,Diagnosis,N/A,,,,,,,,,,,,1802
135498AAAAAAAAAAAAAAAAAAAAAAAAAAAAAA,,"Lyell's Toxic Epidermal Necrolysis, Subepidermal Type",Syndrome de Lyell,"necrólisis epidérmica tóxica de Lyell, tipo subepidérmico",,,,"An exfoliative disease of skin seen primarily in adults and characterized by flaccid bullae and spreading erythema so that the skin has the appearance of being scalded. It results primarily from a toxic reaction to various drugs, but occasionally occurs as a result of infection, neoplastic conditions, or other exposure.",,,Diagnosis,N/A,,,,,,,,,,,,1803
135532AAAAAAAAAAAAAAAAAAAAAAAAAAAAAA,,Lumbar sprain,Entorse du rachis lombaire,esguince lumbar,,,,,,,Diagnosis,N/A,,,,,,,,,,,,1804
135556AAAAAAAAAAAAAAAAAAAAAAAAAAAAAA,Yes,Lower respiratory tract infection,,infección de vías respiratorias inferiores,,,,,,,Diagnosis,N/A,,,,,,,,,,,,1805
135579AAAAAAAAAAAAAAAAAAAAAAAAAAAAAA,,Louse-borne relapsing fever,RECHUTE DE fièvre DUE AU POU,fiebre recurrente transmitida por piojos,,,,"An acute infection characterized by recurrent episodes of pyrexia alternating with asymptomatic intervals of apparent recovery. This condition has worldwide distribution and is caused by spirochetes of the genus BORRELIA. It is transmitted by the bites of either the body louse (Pediculus humanus corporis), for which humans are the reservoir, or by soft ticks of the genus Ornithodoros, for which rodents and other animals are the principal reservoirs. (From Dorland, 28th ed)-",,,Diagnosis,N/A,,,,,,,,,,,,1806
135585AAAAAAAAAAAAAAAAAAAAAAAAAAAAAA,,Loss of Voice,Perte de la voix,afonía,,,,"Complete loss of phonation due to organic disease of the larynx or to nonorganic (i.e., psychogenic) causes.",,,Diagnosis,N/A,,,,,,,,,,,,1807
135588AAAAAAAAAAAAAAAAAAAAAAAAAAAAAA,,Loss of Taste,Perte de goût,Pérdida de gusto,Ageusia,,,"Complete or severe loss of the subjective sense of taste, frequently accompanied by OLFACTION DISORDERS.",,,Diagnosis,N/A,,,,,,,,,,,,1808
135589AAAAAAAAAAAAAAAAAAAAAAAAAAAAAA,,Loss of sense of smell,Perte de l'odorat,Ausencia del sentido del olfato,,,,Loss of or impaired ability to smell. This may be caused by OLFACTORY NERVE DISEASES; PARANASAL SINUS DISEASES; viral RESPIRATORY TRACT INFECTIONS; CRANIOCEREBRAL TRAUMA; SMOKING; and other conditions.,,,Diagnosis,N/A,,,,,,,,,,,,1809
135592AAAAAAAAAAAAAAAAAAAAAAAAAAAAAA,,Loss of consciousness,Perte de connaissance,pérdida de la consciencia,,,,"Loss of the ability to maintain awareness of self and environment combined with markedly reduced responsiveness to environmental stimuli. (From Adams et al., Principles of Neurology, 6th ed, pp344-5)",,,Diagnosis,Coded,,,,,,,,,,,,1810
135595AAAAAAAAAAAAAAAAAAAAAAAAAAAAAA,,Loss of Appetite,Perte d'appétit,pérdida del apetito,,,,Clinical manifestation consisting of a physiopathological lack or loss of appetite accompanied by an aversion to food and the inability to eat.,,,Diagnosis,N/A,,,,,,,,,,,,1811
135603AAAAAAAAAAAAAAAAAAAAAAAAAAAAAA,,Loose stool,Selles molles,heces disgregadas,,,,,,,Diagnosis,N/A,,,,,,,,,,,,1812
135703AAAAAAAAAAAAAAAAAAAAAAAAAAAAAA,,Living in residential institution,Vivant en institution,vivir en una pensión,,,,,,,Diagnosis,N/A,,,,,,,,,,,,1813
135704AAAAAAAAAAAAAAAAAAAAAAAAAAAAAA,,Lives alone,Vit seul(e),vive solo,,,,,,,Diagnosis,N/A,,,,,,,,,,,,1814
135728AAAAAAAAAAAAAAAAAAAAAAAAAAAAAA,,Listeriosis,Listériose,listeriosis,,,,,,,Diagnosis,N/A,,,,,,,,,,,,1815
135761AAAAAAAAAAAAAAAAAAAAAAAAAAAAAA,,Lipodystrophy,Lipodystrophie,lipodistrofia,,,,"A collection of rare conditions resulting from defective fat metabolism and characterized by atrophy of the subcutaneous fat. They include total, congenital or acquired, partial, abdominal infantile, and localized lipodystrophy.",,,Diagnosis,N/A,,,,,,,,,,,,1816
135768AAAAAAAAAAAAAAAAAAAAAAAAAAAAAA,,Lipid proteinosis,Maladie de Urbach Weith,proteinosis lipídica,,,,,,,Diagnosis,N/A,,,,,,,,,,,,1817
135778AAAAAAAAAAAAAAAAAAAAAAAAAAAAAA,,Linear morphoea,Sclérodermie linéaire,esclerodermia lineal,,,,"A chronic, localized hardening and thickening of the skin. Lesions may be categorized as morphea (guttate, profunda, pansclerotic) or linear (with or without melorheostosis or hemiatrophy). It is twice as common in women as in men. The condition is characterized by skin ischemia, lymphocytic infiltrates, swollen collagen bundles, and thickening of the dermis with reduction of subcutaneous fat.",,,Diagnosis,N/A,,,,,,,,,,,,1818
135786AAAAAAAAAAAAAAAAAAAAAAAAAAAAAA,,Limitation of joint movement,Limitation des mouvements articulaires,limitación del movimiento articular,,,,,,,Diagnosis,N/A,,,,,,,,,,,,1819
135809AAAAAAAAAAAAAAAAAAAAAAAAAAAAAA,,Lichen striatus,Lichen striatus,liquen estriado,,,,,,,Diagnosis,N/A,,,,,,,,,,,,1820
135811AAAAAAAAAAAAAAAAAAAAAAAAAAAAAA,,Lichen simplex chronicus,Lichen simplec chronicus,liquen simple crónico,,,,"An extremely variable eczematous skin disease that is presumed to be a response to prolonged vigorous scratching, rubbing, or pinching to relieve intense pruritus. It varies in intensity, severity, course, and morphologic expression in different individuals. Neurodermatitis is believed by some to be psychogenic. The circumscribed or localized form is often referred to as lichen simplex chronicus.",,,Diagnosis,N/A,,,,,,,,,,,,1821
135813AAAAAAAAAAAAAAAAAAAAAAAAAAAAAA,,Lichen planus,Lichen plan,liquen plano,,,,"An inflammatory, pruritic disease of the skin and mucous membranes, which can be either generalized or localized. It is characterized by distinctive purplish, flat-topped papules having a predilection for the trunk and flexor surfaces. The lesions may be discrete or coalesce to form plaques. Histologically, there is a ""saw-tooth"" pattern of epidermal hyperplasia and vacuolar alteration of the basal layer of the epidermis along with an intense upper dermal inflammatory infiltrate composed predominantly of T-cells. Etiology is unknown.",,,Diagnosis,N/A,,,,,,,,,,,,1822
135814AAAAAAAAAAAAAAAAAAAAAAAAAAAAAA,,Lichen planopilaris,Lichen plano-pilaire,liquen planopiloso,,,,"An inflammatory, pruritic disease of the skin and mucous membranes, which can be either generalized or localized. It is characterized by distinctive purplish, flat-topped papules having a predilection for the trunk and flexor surfaces. The lesions may be discrete or coalesce to form plaques. Histologically, there is a ""saw-tooth"" pattern of epidermal hyperplasia and vacuolar alteration of the basal layer of the epidermis along with an intense upper dermal inflammatory infiltrate composed predominantly of T-cells. Etiology is unknown.",,,Diagnosis,N/A,,,,,,,,,,,,1823
135815AAAAAAAAAAAAAAAAAAAAAAAAAAAAAA,,Lichen nitidus,Lichen nitidus,liquen nítido,,,,"Skin diseases characterized by local or general distributions of blisters. They are classified according to the site and mode of blister formation. Lesions can appear spontaneously or be precipitated by infection, trauma, or sunlight. Etiologies include immunologic and genetic factors. (From Scientific American Medicine, 1990)",,,Diagnosis,N/A,,,,,,,,,,,,1824
135830AAAAAAAAAAAAAAAAAAAAAAAAAAAAAA,,Leukorrhea,Leucorrhée,leucorrea,,,,"A whitish, viscid discharge from the vagina and uterine cavity. (Dorland, 27th ed)",,,Diagnosis,N/A,,,,,,,,,,,,1825
135841AAAAAAAAAAAAAAAAAAAAAAAAAAAAAA,,Leukoplakia,Leucoplasie,leucoplasia,,,,"A white patch on a mucous membrane that will not rub off. (Dorland, 27th ed)",,,Diagnosis,N/A,,,,,,,,,,,,1826
135886AAAAAAAAAAAAAAAAAAAAAAAAAAAAAA,,Lesion of brain,Lesions cerebrales,lesión encefálica,,,,,,,Diagnosis,N/A,,,,,,,,,,,,1827
135898AAAAAAAAAAAAAAAAAAAAAAAAAAAAAA,,Lepromatous leprosy,Lèpre lepromateuse,lepra lepromatosa,,,,"A chronic communicable infection which is a principal or polar form of LEPROSY. This disorder is caused by MYCOBACTERIUM LEPRAE and produces diffuse granulomatous skin lesions in the form of nodules, macules, or papules. The peripheral nerves are involved symmetrically and neural sequelae occur in the advanced stage.",,,Diagnosis,N/A,,,,,,,,,,,,1828
135968AAAAAAAAAAAAAAAAAAAAAAAAAAAAAA,,Leg length inequality,Inégalité des membres,desigualdad en la longitud de las piernas,,,,"A condition in which one of a pair of legs fails to grow as long as the other, which could result from injury or surgery.",,,Diagnosis,N/A,,,,,,,,,,,,1829
135971AAAAAAAAAAAAAAAAAAAAAAAAAAAAAA,,Left ventricular hypertrophy,Hypertrophie ventriculaire gauche,hipertrofia ventricular izquierda,,,,,,,Diagnosis,N/A,,,,,,,,,,,,1830
135972AAAAAAAAAAAAAAAAAAAAAAAAAAAAAA,,Left ventricular dilatation,Ventricle gauche dilatation,dilatación del ventrículo izquierdo,,,,Enlargement and thinning of the walls of the left ventricle of the heart.,,,Diagnosis,N/A,,,,,,,,,,,,1831
136035AAAAAAAAAAAAAAAAAAAAAAAAAAAAAA,,Late latent syphilis,"Syphilis tardive, latente",sífilis latente tardía,,,,,,,Diagnosis,N/A,,,,,,,,,,,,1832
136063AAAAAAAAAAAAAAAAAAAAAAAAAAAAAA,,Late effect of tendon injury,"Sequelles de lesions traumatiques, tendon",efecto tardío de una lesión traumática tendinosa,,,,,,,Diagnosis,N/A,,,,,,,,,,,,1833
136119AAAAAAAAAAAAAAAAAAAAAAAAAAAAAA,,Laryngismus stridulus,Stridor laryngé,estridor laríngeo,,,,Spasm of the larynx.,,,Diagnosis,N/A,,,,,,,,,,,,1834
136135AAAAAAAAAAAAAAAAAAAAAAAAAAAAAA,,Large plaque parapsoriasis,Parapsoriasis en large plaque,parapsoriasis en placas grandes,,,,"The term applied to a group of relatively uncommon inflammatory, maculopapular, scaly eruptions of unknown etiology and resistant to conventional treatment. Eruptions are both psoriatic and lichenoid in appearance, but the diseases are distinct from psoriasis, lichen planus, or other recognized dermatoses. Proposed nomenclature divides parapsoriasis into two distinct subgroups, PITYRIASIS LICHENOIDES and parapsoriasis en plaques (small- and large-plaque parapsoriasis).",,,Diagnosis,N/A,,,,,,,,,,,,1835
136162AAAAAAAAAAAAAAAAAAAAAAAAAAAAAA,,Lactic acidosis,Acidose lactique,acidosis láctica,,,,"Acidosis caused by accumulation of lactic acid more rapidly than it can be metabolized. It may occur spontaneously or in association with diseases such as diabetes mellitus, leukemia, or liver failure.",,,Diagnosis,N/A,,,,,,,,,,,,1836
136163AAAAAAAAAAAAAAAAAAAAAAAAAAAAAA,,Lactational amenorrhea,Aménorrhée par lactation,amenorrea relacionada con la lactancia,,,,,,,Diagnosis,N/A,,,,,,,,,,,,1837
136203AAAAAAAAAAAAAAAAAAAAAAAAAAAAAA,,Laboratory animal dander allergy,Allergie aux squames d'animaux de laboratoire,alergia a la caspa de animales de laboratorio,,,,,,,Diagnosis,N/A,,,,,,,,,,,,1838
136245AAAAAAAAAAAAAAAAAAAAAAAAAAAAAA,,Knee pain,Douleur au genou,gonalgia,,,,,,,Diagnosis,N/A,,,,,,,,,,,,1839
136254AAAAAAAAAAAAAAAAAAAAAAAAAAAAAA,,Kleptomania,Kleptomanie,cleptomanía,,,,"Disorders whose essential features are the failure to resist an impulse, drive, or temptation to perform an act that is harmful to the individual or to others. Individuals experience an increased sense of tension prior to the act and pleasure, gratification or release of tension at the time of committing the act.",,,Diagnosis,N/A,,,,,,,,,,,,1840
136281AAAAAAAAAAAAAAAAAAAAAAAAAAAAAA,,Kernicterus of newborn,Ictère nucléaire,kernicterus del recién nacido,,,,"A term used pathologically to describe BILIRUBIN staining of the BASAL GANGLIA; BRAIN STEM; and CEREBELLUM and clinically to describe a syndrome associated with HYPERBILIRUBINEMIA. Clinical features include athetosis, MUSCLE SPASTICITY or hypotonia, impaired vertical gaze, and DEAFNESS. Nonconjugated bilirubin enters the brain and acts as a neurotoxin, often in association with conditions that impair the BLOOD-BRAIN BARRIER (e.g., SEPSIS). This condition occurs primarily in neonates (INFANT, NEWBORN),  but may rarely occur in adults. (Menkes, Textbook of Child Neurology, 5th ed, p613)",,,Diagnosis,N/A,,,,,,,,,,,,1841
136282AAAAAAAAAAAAAAAAAAAAAAAAAAAAAA,,Kernicterus not due to isoimmunisation,Kernictère non dû à une iso-immunisation,kernicterus del recién nacido (duplicate),,,,"A term used pathologically to describe BILIRUBIN staining of the BASAL GANGLIA; BRAIN STEM; and CEREBELLUM and clinically to describe a syndrome associated with HYPERBILIRUBINEMIA. Clinical features include athetosis, MUSCLE SPASTICITY or hypotonia, impaired vertical gaze, and DEAFNESS. Nonconjugated bilirubin enters the brain and acts as a neurotoxin, often in association with conditions that impair the BLOOD-BRAIN BARRIER (e.g., SEPSIS). This condition occurs primarily in neonates (INFANT, NEWBORN),  but may rarely occur in adults. (Menkes, Textbook of Child Neurology, 5th ed, p613)",,,Diagnosis,N/A,,,,,,,,,,,,1842
136308AAAAAAAAAAAAAAAAAAAAAAAAAAAAAA,,Keloid scar,Cicatrice cheloidienne,cicatriz queloide de la piel,,,,"A sharply elevated, irregularly shaped, progressively enlarging scar resulting from formation of excessive amounts of collagen in the dermis during connective tissue repair. It is differentiated from a hypertrophic scar (CICATRIX, HYPERTROPHIC) in that the former does not spread to surrounding tissues.",,,Diagnosis,N/A,,,,,,,,,,,,1843
136343AAAAAAAAAAAAAAAAAAAAAAAAAAAAAA,,Juvenile rheumatoid arthritis,Arthrites rhumatoïde juvénile,artritis idiopática juvenil,JRA,,,"Rheumatoid arthritis of children occurring in three major subtypes defined by the symptoms present during the first six months following onset: systemic-onset (Still's Disease, Juvenile-Onset) polyarticular-onset, and pauciarticular-onset. Adult-onset cases of Still's disease (STILL'S DISEASE, ADULT-ONSET) are also known. Only one subtype of juvenile rheumatoid arthritis (polyarticular-onset, rheumatoid factor-positive) clinically resembles adult rheumatoid arthritis and is considered its childhood equivalent.",,,Diagnosis,N/A,,,,,,,,,,,,1844
136421AAAAAAAAAAAAAAAAAAAAAAAAAAAAAA,,Joint crepitus,Crépitation articulaire,crepitación articular,,,,,,,Diagnosis,N/A,,,,,,,,,,,,1845
136443AAAAAAAAAAAAAAAAAAAAAAAAAAAAAA,,Jaundice,Ictère,ictericia,,,,DEF:Yellow pigmentation of the skin and sclerae due to a raised level of plasma bilirubin. DESC: classified by the type of circulating bilirubin (conjugated or uncongugated). REF OXFORD CLINICAL MEDICINE,,,Diagnosis,N/A,,,,,,,,,,,,1846
136452AAAAAAAAAAAAAAAAAAAAAAAAAAAAAA,,Presence of intrauterine contraceptive device,Dispositif intrauterin,anticoncepción con dispositivo intrauterino,,,,"Contraceptive devices placed high in the uterine fundus with a string extending from the device through the cervical as into the vagina. (UMDNS, 1999)",,,Diagnosis,N/A,,,,,,,,,,,,1847
136455AAAAAAAAAAAAAAAAAAAAAAAAAAAAAA,,Itching,Démangeaisons,Prurito,,,,,,,Diagnosis,N/A,,,,,,,,,,,,1848
136458AAAAAAAAAAAAAAAAAAAAAAAAAAAAAA,,Isosporiasis,Isosporose,Coccidiosis entérica,,,,Protozoan infection found in animals and man. It is caused by several different genera of COCCIDIA.,,,Diagnosis,N/A,,,,,,,,,,,,1849
136522AAAAAAAAAAAAAAAAAAAAAAAAAAAAAA,,Irregular heartbeat,Rythme cardiaque irrégulier,pulso cardíaco irregular,,,,"Impairment of conduction in heart excitation. It is often applied specifically to atrioventricular heart block. (Dorland, 27th ed)",,,Diagnosis,N/A,,,,,,,,,,,,1850
136572AAAAAAAAAAAAAAAAAAAAAAAAAAAAAA,,Intussusception of intestine,Invagination intestinale,intususcepción del intestino,,,,"The prolapse of one part of the intestine into the lumen of an immediately adjoining part. There are four varieties: colic, involving segments of the large intestine; enteric, involving only the small intestine; ileocecal, in which the ileocecal valve prolapses into the cecum, drawing the ileum along with it; and ileocolic, in which the ileum prolapses through the ileocecal valve into the colon. (Dorland, 27th ed)",,,Diagnosis,N/A,,,,,,,,,,,,1851
136587AAAAAAAAAAAAAAAAAAAAAAAAAAAAAA,,Intrauterine synechiae,Synechie utérine,sinequias intrauterinas,,,,,,,Diagnosis,N/A,,,,,,,,,,,,1852
136602AAAAAAAAAAAAAAAAAAAAAAAAAAAAAA,,Intraoperative Death,Mort au cours d'une intervention chirurgicale,muerte intraoperatoria,,,,,,,Diagnosis,N/A,,,,,,,,,,,,1853
136643AAAAAAAAAAAAAAAAAAAAAAAAAAAAAA,,Intracranial injury,Lésion traumatique intracrânienne,lesión traumática intracraneal,,,,"Acute and chronic (see also BRAIN INJURIES, CHRONIC) injuries to the brain, including the cerebral hemispheres, CEREBELLUM, and BRAIN STEM. Clinical manifestations depend on the nature of injury. Diffuse trauma to the brain is frequently associated with DIFFUSE AXONAL INJURY or COMA, POST-TRAUMATIC. Localized injuries may be associated with NEUROBEHAVIORAL MANIFESTATIONS; HEMIPARESIS, or other focal neurologic deficits.",,,Diagnosis,N/A,,,,,,,,,,,,1854
136674AAAAAAAAAAAAAAAAAAAAAAAAAAAAAA,,Intestinal volvulus,Volvulus intestinale,vólvulo intestinal,,,,"Any impairment, arrest, or reversal of the normal flow of intestinal contents toward the anus.",,,Diagnosis,N/A,,,,,,,,,,,,1855
136677AAAAAAAAAAAAAAAAAAAAAAAAAAAAAA,,Intestinal parasitism,Parasitose intestinale,parasitismo intestinal,,,,"Infections of the intestines with a parasite. They are caused most commonly by intestinal nematodes (roundworms) and cestodes (tapeworms). (From Merck Manual, 15th ed; Dorland, 27th ed)",,,Diagnosis,N/A,,,,,,,,,,,,1856
136701AAAAAAAAAAAAAAAAAAAAAAAAAAAAAA,,Intestinal adhesions with obstruction,"Adhérences de l'intestin (brides), avec occlusion",adherencias intestinales con obstrucción,,,,"Any impairment, arrest, or reversal of the normal flow of intestinal contents toward the anus.",,,Diagnosis,N/A,,,,,,,,,,,,1857
136746AAAAAAAAAAAAAAAAAAAAAAAAAAAAAA,,Intermittent explosive disorder,Trouble explosif intermittent,trastorno explosivo intermitente,,,,"Disorders whose essential features are the failure to resist an impulse, drive, or temptation to perform an act that is harmful to the individual or to others. Individuals experience an increased sense of tension prior to the act and pleasure, gratification or release of tension at the time of committing the act.",,,Diagnosis,N/A,,,,,,,,,,,,1858
136768AAAAAAAAAAAAAAAAAAAAAAAAAAAAAA,,Intercostal recession,Récession intercostale,retracción intercostal de la pared torácica,,,,,,,Diagnosis,Coded,,,,,,,,,,,,1859
136784AAAAAAAAAAAAAAAAAAAAAAAAAAAAAA,,Insufficient weight gain of pregnancy,Gain de poids insuffisant à la grossesse,aumento de peso insuficiente en el embarazo,,,,,,,Diagnosis,N/A,,,,,,,,,,,,1860
136790AAAAAAAAAAAAAAAAAAAAAAAAAAAAAA,,Inspiratory stridor,Stridor inspiratoire,estridor inspiratorio,,,,"Noises, normal and abnormal, heard on auscultation over any part of the respiratory tract.",,,Diagnosis,N/A,,,,,,,,,,,,1861
136869AAAAAAAAAAAAAAAAAAAAAAAAAAAAAA,,Injury of ulnar nerve,Lésion traumatique du nerf cubital,lesión traumática del nervio cubital,,,,,,,Diagnosis,N/A,,,,,,,,,,,,1862
136870AAAAAAAAAAAAAAAAAAAAAAAAAAAAAA,,Injury of ulnar artery,Lésion traumatique de l'artère cubitale au niveau de l'avant-bras,lesión traumática de la arteria cubital,,,,,,,Diagnosis,N/A,,,,,,,,,,,,1863
136883AAAAAAAAAAAAAAAAAAAAAAAAAAAAAA,,Injury of tendon of the rotator cuff of shoulder,Lésion traumatique des tendons de la coiffe des rotateurs de l'épaule,lesión de tendón del manguito rotador del hombro,,,,,,,Diagnosis,N/A,,,,,,,,,,,,1864
136921AAAAAAAAAAAAAAAAAAAAAAAAAAAAAA,,Injury of radial nerve,Lésion traumatique du nerf radial,lesión traumática del nervio radial,,,,,,,Diagnosis,N/A,,,,,,,,,,,,1865
136923AAAAAAAAAAAAAAAAAAAAAAAAAAAAAA,,Injury of radial artery,Lésion traumatique de l'artère radiale au niveau de l'avant-bras,lesión traumática de la arteria radial,,,,,,,Diagnosis,N/A,,,,,,,,,,,,1866
136951AAAAAAAAAAAAAAAAAAAAAAAAAAAAAA,,"Spinal cord injury, thoracic region",Lésions traumatiques de la moelle dorsale,lesión de médula dorsal sin lesión de la columna vertebral,,,,,,,Diagnosis,N/A,,,,,,,,,,,,1867
136974AAAAAAAAAAAAAAAAAAAAAAAAAAAAAA,,Injury of median nerve,Lésion traumatique du nerf médian,lesión traumática del nervio mediano,,,,,,,Diagnosis,N/A,,,,,,,,,,,,1868
136979AAAAAAAAAAAAAAAAAAAAAAAAAAAAAA,,Injury of lumbar nerve roots,Lésion traumatique de la racine nerveuse du rachis lombaire et sacré,lesión traumática de las raíces nerviosas lumbares,,,,,,,Diagnosis,N/A,,,,,,,,,,,,1869
137051AAAAAAAAAAAAAAAAAAAAAAAAAAAAAA,,Injury of cauda equina,Lésion traumatique de la queue de cheval,lesión de la cola de caballo,,,,,,,Diagnosis,N/A,,,,,,,,,,,,1870
137059AAAAAAAAAAAAAAAAAAAAAAAAAAAAAA,,Injury of brachial plexus,Lésion traumatique du plexus brachial,lesión traumática del plexo braquial,,,,,,,Diagnosis,N/A,,,,,,,,,,,,1871
137062AAAAAAAAAAAAAAAAAAAAAAAAAAAAAA,,Injury of blood vessel,Lesion traumatique de vaisseau(x) sanguin(s),lesión traumática de vaso sanguíneo,,,,,,,Diagnosis,N/A,,,,,,,,,,,,1872
137063AAAAAAAAAAAAAAAAAAAAAAAAAAAAAA,,Injury of bladder,Lésion vésicale,lesión traumática de la vejiga,,,,Diseases of the urinary tract in both male and female. It does not include the male genitalia for which UROGENITAL DISEASES is used for general discussions of diseases of both the urinary tract and the genitalia.,,,Diagnosis,N/A,,,,,,,,,,,,1873
137071AAAAAAAAAAAAAAAAAAAAAAAAAAAAAA,,Injury of axillary nerve,Lésion traumatique du nerf axillaire,lesión traumática del nervio axilar,,,,,,,Diagnosis,N/A,,,,,,,,,,,,1874
137131AAAAAAAAAAAAAAAAAAAAAAAAAAAAAA,,Inhibited female orgasm,Orgasme féminin inhibé,orgasmo femenino inhibido,,,,"Disturbances in sexual desire and the psychophysiologic changes that characterize the sexual response cycle and cause marked distress and interpersonal difficulty. (APA, DSM-IV, 1994)",,,Diagnosis,N/A,,,,,,,,,,,,1875
137159AAAAAAAAAAAAAAAAAAAAAAAAAAAAAA,,Ingrowing nail,Ongle incarné,uña encarnada,,,,"Excessive lateral nail growth into the nail fold. Because the lateral margin of the nail acts as a foreign body, inflammation and granulation may result. It is caused by improperly fitting shoes and by improper trimming of the nail.",,,Diagnosis,N/A,,,,,,,,,,,,1876
137162AAAAAAAAAAAAAAAAAAAAAAAAAAAAAA,,Influenza-like symptoms,Symptômes grippaux,síntomas tipo gripales,,,,,,,Diagnosis,N/A,,,,,,,,,,,,1877
137193AAAAAAAAAAAAAAAAAAAAAAAAAAAAAA,,Inflammatory disorder of breast,Affections inflammatoires du sein (inclus abcès et mastite),trastorno inflamatorio de la mama,,,,"Inflammatory disease of the breast, or mammary gland.",,,Diagnosis,N/A,,,,,,,,,,,,1878
137213AAAAAAAAAAAAAAAAAAAAAAAAAAAAAA,,Infestation by pediculus,Pediculose,infestación por Pediculus,,,,"Lice of the genus Pediculus, family Pediculidae. Pediculus humanus corporus is the human body louse and Pediculus humanus capitis is the human head louse.",,,Diagnosis,N/A,,,,,,,,,,,,1879
137225AAAAAAAAAAAAAAAAAAAAAAAAAAAAAA,,Infestation by fly larvae,Myiase,infestación por larvas de mosca,,,,The invasion of living tissues of man and other mammals by dipterous larvae.,,,Diagnosis,N/A,,,,,,,,,,,,1880
137293AAAAAAAAAAAAAAAAAAAAAAAAAAAAAA,,Infection of skin,Infection de la peau,infección de la piel,,,,"Skin diseases caused by bacteria, fungi, parasites, or viruses.",,,Diagnosis,N/A,,,,,,,,,,,,1881
137297AAAAAAAAAAAAAAAAAAAAAAAAAAAAAA,,Infection and inflammatory reaction due to indwelling urinary catheter,Infection des voies urinaires lié à la sonde urinaire,infección de catéter vesical,,,,,,,Diagnosis,N/A,,,,,,,,,,,,1882
137298AAAAAAAAAAAAAAAAAAAAAAAAAAAAAA,,Infection of amniotic cavity,Infection du sac amniotique et des membranes,amnionitis,,,,"An inflammatory process involving the chorion, its fetal blood vessels, the umbilical cord, and the amnion by extension of the inflammation, as the amnion itself has no blood supply. This inflammatory process is potentially fatal to mother and fetus.",,,Diagnosis,N/A,,,,,,,,,,,,1883
137327AAAAAAAAAAAAAAAAAAAAAAAAAAAAAA,,Infection due to Group B Shigella,Shigellose à Shigella flexneri,infección por Shigella del grupo B,,,,,,,Diagnosis,N/A,,,,,,,,,,,,1884
137329AAAAAAAAAAAAAAAAAAAAAAAAAAAAAA,,Infection due to Entamoeba histolytica,Infection due à Entamoeba histolytica,infección por Entamoeba histolytica,,,,"Infection with any of various amebae. It is an asymptomatic carrier state in most individuals, but diseases ranging from chronic, mild diarrhea to fulminant dysentery may occur.",,,Diagnosis,N/A,,,,,,,,,,,,1885
137351AAAAAAAAAAAAAAAAAAAAAAAAAAAAAA,,Infection by tapeworm larvae,Téniase,infección por larvas de tenia,,,,"Infection with CYSTICERCUS, a larval form of the various tapeworms of the genus Taenia (usually T. solium in man). In humans they penetrate the intestinal wall and invade subcutaneous tissue, brain, eye, muscle, heart, liver, lung, and peritoneum. Brain involvement results in NEUROCYSTICERCOSIS. (From Dorland, 28th ed)",,,Diagnosis,N/A,,,,,,,,,,,,1886
137393AAAAAAAAAAAAAAAAAAAAAAAAAAAAAA,,Infection by Onchocerca volvulus,Infection d'onchocerca volvulus,infección por Onchocerca volvulus,,,,"Infection with nematodes of the genus ONCHOCERCA. Characteristics include the presence of firm subcutaneous nodules filled with adult worms, pruritus, and ocular lesions.",,,Diagnosis,N/A,,,,,,,,,,,,1887
137504AAAAAAAAAAAAAAAAAAAAAAAAAAAAAA,,Infection by Ascaris lumbricoides,Infection par lARVes d'ascarides,infección por Ascaris lumbricoides,,,,"A species of parasitic nematode that is the largest found in the human intestine. Its distribution is worldwide, but it is more prevalent in areas of poor sanitation. Human infection with A. lumbricoides is acquired by swallowing fully embryonated eggs from contaminated soil.",,,Diagnosis,N/A,,,,,,,,,,,,1888
137507AAAAAAAAAAAAAAAAAAAAAAAAAAAAAA,,Infection by Anisakis larva,Infection par lARVes d'anisakis,infección por larvas de Anisakis,,,,"Infection with roundworms of the genus ANISAKIS. Human infection results from the consumption of fish harboring roundworm larvae. The worms may cause acute nausea and vomiting or may penetrate into the wall of the digestive tract, where they give rise to eosinophilic granulomas in the stomach, intestine, or the omentum.",,,Diagnosis,N/A,,,,,,,,,,,,1889
137557AAAAAAAAAAAAAAAAAAAAAAAAAAAAAA,,Infantile autism,Autisme infantile,autismo infantil,,,,A disorder beginning in childhood. It is marked by the presence of markedly abnormal or impaired development in social interaction and communication and a markedly restricted repertoire of activity and interest. Manifestations of the disorder vary greatly depending on the developmental level and chronological age of the individual. (DSM-IV),,,Diagnosis,N/A,,,,,,,,,,,,1890
137565AAAAAAAAAAAAAAAAAAAAAAAAAAAAAA,,Induced Malaria,Paludisme provoqué,paludismo inducido,,,,,,,Diagnosis,N/A,,,,,,,,,,,,1891
137577AAAAAAAAAAAAAAAAAAAAAAAAAAAAAA,,Indeterminate leprosy,Lèpre indeterminee,lepra indeterminada,,,,"A principal or polar form of LEPROSY in which the skin lesions are few and are sharply demarcated. Peripheral nerve involvement is pronounced and may be severe. Unlike lepromatous leprosy (LEPROSY, LEPROMATOUS), the lepromin test is positive. Tuberculoid leprosy is rarely a source of infection to others.",,,Diagnosis,N/A,,,,,,,,,,,,1892
137593AAAAAAAAAAAAAAAAAAAAAAAAAAAAAA,,Increased Frequency of Urination,Augmentation de la fréquence des mictions,frecuencia aumentada de micción,,,,"Disorders in the frequency of urination, the volume of urine produced or eliminated, or the ability to retain or void urine in normal fashion.",,,Diagnosis,N/A,,,,,,,,,,,,1893
137607AAAAAAAAAAAAAAAAAAAAAAAAAAAAAA,,Incomplete uterovaginal prolapse,Prolapsus utéro-vaginal partiel,prolapso uterovaginal incompleto,,,,Downward displacement of the uterus. It is classified in various degrees: in the first degree the cervix is within the vaginal orifice; in the second degree the cervix is outside the orifice; in the third degree the entire uterus is outside the orifice.,,,Diagnosis,N/A,,,,,,,,,,,,1894
137646AAAAAAAAAAAAAAAAAAAAAAAAAAAAAA,,Incoherent speech,Discours incohérent,discurso incoherente,,,,,,,Diagnosis,N/A,,,,,,,,,,,,1895
137674AAAAAAAAAAAAAAAAAAAAAAAAAAAAAA,,Inadequate housing,Logement inadéquat,alojamiento inadecuado,,,,,,,Diagnosis,N/A,,,,,,,,,,,,1896
137693AAAAAAAAAAAAAAAAAAAAAAAAAAAAAA,,Impetigo,Impetigo,impétigo,,,,"A common superficial bacterial infection caused by STAPHYLOCOCCUS AUREUS or group A beta-hemolytic streptococci. Characteristics include pustular lesions that rupture and discharge a thin, amber-colored fluid that dries and forms a crust. This condition is commonly located on the face, especially about the mouth and nose.",,,Diagnosis,N/A,,,,,,,,,,,,1897
137699AAAAAAAAAAAAAAAAAAAAAAAAAAAAAA,,Imperforate hymen,Imperforation de l'hymen,himen imperforado,,,,,,,Diagnosis,N/A,,,,,,,,,,,,1898
137757AAAAAAAAAAAAAAAAAAAAAAAAAAAAAA,,Impacted tooth,Dents enclavées,diente impactado,,,,"A tooth that is prevented from erupting by a physical barrier, usually other teeth. Impaction may also result from orientation of the tooth in an other than vertical position in the periodontal structures.",,,Diagnosis,N/A,,,,,,,,,,,,1899
137880AAAAAAAAAAAAAAAAAAAAAAAAAAAAAA,,Idiopathic scoliosis,Scolioses idiopathiques,escoliosis idiopática,,,,,,,Diagnosis,N/A,,,,,,,,,,,,1900
137932AAAAAAAAAAAAAAAAAAAAAAAAAAAAAA,,Idiopathic aplastic anaemia,Aplasie médullaire idiopathique,anemia aplásica idiopática,,,,A form of anemia in which the bone marrow fails to produce adequate numbers of peripheral blood elements.,,,Diagnosis,N/A,,,,,,,,,,,,1901
137941AAAAAAAAAAAAAAAAAAAAAAAAAAAAAA,,IDDM with peripheral circulatory disorder,Diabète sucré insulino-dépendant (Type 1) avec complications vasculaires périphériques,trastorno circulatorio periférico asociado con diabetes mellitus tipo 1,,,,"Diabetes mellitus characterized by insulin deficiency, sudden onset, severe hyperglycemia, rapid progression to ketoacidosis, and death unless treated with insulin. The disease may occur at any age, but is most common in childhood or adolescence.",,,Diagnosis,N/A,,,,,,,,,,,,1902
137958AAAAAAAAAAAAAAAAAAAAAAAAAAAAAA,,Iatrogenic death,Mort iatrogène,muerte iatrógena,,,,,,,Diagnosis,N/A,,,,,,,,,,,,1903
137970AAAAAAAAAAAAAAAAAAAAAAAAAAAAAA,,Hypovolaemic shock,Choc hypovolémique,choque hipovolémico,,,,"A pathological condition that can suddenly affect the hemodynamic equilibrium, usually manifested by failure to perfuse or oxygenate vital organs.",,,Diagnosis,N/A,,,,,,,,,,,,1904
138010AAAAAAAAAAAAAAAAAAAAAAAAAAAAAA,,Hypospadias,Hypospadias,hipospadias,,,,A developmental anomaly in the male in which the urethra opens on the underside of the penis or on the perineum.,,,Diagnosis,N/A,,,,,,,,,,,,1905
138043AAAAAAAAAAAAAAAAAAAAAAAAAAAAAA,,Hypomenorrhea,Hypomenorrhée,hipomenorrea,,,,Variations of menstruation which may be indicative of disease.,,,Diagnosis,N/A,,,,,,,,,,,,1906
138075AAAAAAAAAAAAAAAAAAAAAAAAAAAAAA,,Hypochondriasis,Hypocondrie,hipocondriasis,,,,"Preoccupation with the fear of having, or the idea that one has, a serious disease based on the person's misinterpretation of bodily symptoms. (APA, DSM-IV)",,,Diagnosis,N/A,,,,,,,,,,,,1907
138099AAAAAAAAAAAAAAAAAAAAAAAAAAAAAA,,Hypervolaemia,Hypervolémique,hipervolemia,,,,"Excessive amount of watery fluid accumulated in the intercellular spaces, most commonly present in subcutaneous tissue.",,,Diagnosis,N/A,,,,,,,,,,,,1908
138111AAAAAAAAAAAAAAAAAAAAAAAAAAAAAA,,Hyperuricaemia,Hyperuricémie,hiperuricemia,,,,,,,Diagnosis,N/A,,,,,,,,,,,,1909
138119AAAAAAAAAAAAAAAAAAAAAAAAAAAAAA,,Hypertrophy of tonsils and adenoids,Hypertrophie des amygdales et des végétations adénoïdes,hipertrofia de amígdalas Y adenoides,,,,Lymph glad located in the pharynx or throat.,,,Diagnosis,N/A,,,,,,,,,,,,1910
138120AAAAAAAAAAAAAAAAAAAAAAAAAAAAAA,,Hypertrophy of tonsils,Hypertrophie des amygdales,hipertrofia de amígdalas,,,,,,,Diagnosis,N/A,,,,,,,,,,,,1911
138138AAAAAAAAAAAAAAAAAAAAAAAAAAAAAA,,Hypertrophy of breast,Hypertrophie mammaire,hipertrofia de mama,,,,"A rare disease, believed to be autosomal dominant, manifested by fatty deposits that press on nerves causing weakness and pain.",,,Diagnosis,N/A,,,,,,,,,,,,1912
138140AAAAAAAAAAAAAAAAAAAAAAAAAAAAAA,,Bony exostosis,Ostéophyte,exostosis,,,,"Benign hypertrophy that projects outward from the surface of bone, often containing a cartilaginous component.",,,Diagnosis,N/A,,,,,,,,,,,,1913
138141AAAAAAAAAAAAAAAAAAAAAAAAAAAAAA,,Hypertrophy of bone,Hypertrophie osseuse,hipertrofia ósea,,,,Increase in the mass of bone per unit volume.,,,Diagnosis,N/A,,,,,,,,,,,,1914
138144AAAAAAAAAAAAAAAAAAAAAAAAAAAAAA,,Hypertrophy of adenoids,Hypertrophie des végétations adénoïdes,hipertrofia adenoidea,,,,Lymph glad located in the pharynx or throat.,,,Diagnosis,N/A,,,,,,,,,,,,1915
138147AAAAAAAAAAAAAAAAAAAAAAAAAAAAAA,,Hypertrophic scar,Cicatrice chéloïde,cicatriz hipertrófica de la piel,,,,"A sharply elevated, irregularly shaped, progressively enlarging scar resulting from formation of excessive amounts of collagen in the dermis during connective tissue repair. It is differentiated from a hypertrophic scar (CICATRIX, HYPERTROPHIC) in that the former does not spread to surrounding tissues.",,,Diagnosis,N/A,,,,,,,,,,,,1916
138154AAAAAAAAAAAAAAAAAAAAAAAAAAAAAA,,Hypertrophic lichen planus,Lichen plan hypertrophique,liquen plano hipertrófico,,,,"An inflammatory, pruritic disease of the skin and mucous membranes, which can be either generalized or localized. It is characterized by distinctive purplish, flat-topped papules having a predilection for the trunk and flexor surfaces. The lesions may be discrete or coalesce to form plaques. Histologically, there is a ""saw-tooth"" pattern of epidermal hyperplasia and vacuolar alteration of the basal layer of the epidermis along with an intense upper dermal inflammatory infiltrate composed predominantly of T-cells. Etiology is unknown.",,,Diagnosis,N/A,,,,,,,,,,,,1917
138158AAAAAAAAAAAAAAAAAAAAAAAAAAAAAA,,Hypertrophic condition of skin,Affections hypertrophiques de la peau,hipertrofia de la piel,,,,,,,Diagnosis,N/A,,,,,,,,,,,,1918
138166AAAAAAAAAAAAAAAAAAAAAAAAAAAAAA,,Hypertrichosis,Hypertrichose,hipertricosis,,,,"Excess hair in females and children with an adult male pattern of distribution. The concept does not include HYPERTRICHOSIS, which is localized or generalized excess hair.",,,Diagnosis,N/A,,,,,,,,,,,,1919
138176AAAAAAAAAAAAAAAAAAAAAAAAAAAAAA,,Hyperthyroidism,Thyréotoxicose,hipertiroidismo,,,,Excessive functional activity of the thyroid gland.,,,Diagnosis,N/A,,,,,,,,,,,,1920
138180AAAAAAAAAAAAAAAAAAAAAAAAAAAAAA,,Hypertensive retinopathy,Rétinopathie hypertensive,retinopatía hipertensiva,,,,,,,Diagnosis,N/A,,,,,,,,,,,,1921
138185AAAAAAAAAAAAAAAAAAAAAAAAAAAAAA,,Hypertensive kidney disease,Nephropathie hypertensive,nefropatía hipertensiva,,,,"Hardening of the kidney due to overgrowth and contraction of interstitial connective tissue. It is due to renovascular disease. (Dorland, 27th ed; Stedman, 25th ed)",,,Diagnosis,N/A,,,,,,,,,,,,1922
138277AAAAAAAAAAAAAAAAAAAAAAAAAAAAAA,,Hyperkeratosis follicularis in cutem penetrans,Maladie de Kyrle,hiperqueratosis folicular penetrante cutánea,,,,,,,Diagnosis,N/A,,,,,,,,,,,,1923
138291AAAAAAAAAAAAAAAAAAAAAAAAAAAAAA,,Hyperglycaemia,Hyperglycémie,hiperglucemia,,,,"Abnormally increased content of sugar in the blood. (Dorland, 27th ed)",,,Diagnosis,N/A,,,,,,,,,,,,1924
138387AAAAAAAAAAAAAAAAAAAAAAAAAAAAAA,,"Hydatidiform mole, benign","Môle hydatiforme, benigne","mola hidatiforme, benigna",,,,"A trophoblastic disease characterized by hydrops of the mesenchymal portion of the villus. Its karyotype is paternal and usually homozygotic. The tumor is indistinguishable from chorioadenoma destruens or invasive mole ( = HYDATIDIFORM MOLE, INVASIVE) except by karyotype. There is no apparent relation by karyotype to CHORIOCARCINOMA. Hydatidiform refers to the presence of the hydropic state of some or all of the villi (Greek hydatis, a drop of water).",,,Diagnosis,N/A,,,,,,,,,,,,1925
138394AAAAAAAAAAAAAAAAAAAAAAAAAAAAAA,,Huntington's chorea,Chorée de Huntington,corea de Huntington,,,,"A familial disorder inherited as an autosomal dominant trait and characterized by the onset of progressive CHOREA and DEMENTIA in the fourth or fifth decade of life. Common initial manifestations include paranoia; poor impulse control; DEPRESSION; HALLUCINATIONS; and DELUSIONS. Eventually intellectual impairment; loss of fine motor control; ATHETOSIS; and diffuse CHOREA involving axial and limb musculature develops, leading to a vegetative state within 10-15 years of disease onset. The juvenile variant has a more fulminant course including SEIZURES; ATAXIA; dementia; and chorea. (From Adams et al., Principles of Neurology, 6th ed, pp1060-4)",,,Diagnosis,N/A,,,,,,,,,,,,1926
138398AAAAAAAAAAAAAAAAAAAAAAAAAAAAAA,,Hungry,Faim,hambre de alimentos,,,,,,,Diagnosis,N/A,,,,,,,,,,,,1927
138403AAAAAAAAAAAAAAAAAAAAAAAAAAAAAA,,Mpox,Monkeypox,viruela del simio en el humano,MPX,,,,,,Diagnosis,N/A,,,,,,,,,,,,1928
138405AAAAAAAAAAAAAAAAAAAAAAAAAAAAAA,,Human immunodeficiency virus (HIV) disease,Virus de l'immunodéficience humaine (duplicate),infección por virus de la inmunodeficiencia humana,,,,,,,Diagnosis,Coded,,,,,,,,,,,,1929
138407AAAAAAAAAAAAAAAAAAAAAAAAAAAAAA,,Human immunodeficiency virus I infection,Virus de l'immunodéficience humaine 1,infección por virus de la inmunodeficiencia humana I,,Infection du VIH-1,,"Includes the spectrum of human immunodeficiency virus infections that range from asymptomatic seropositivity, thru AIDS-related complex (ARC), to acquired immunodeficiency syndrome (AIDS).",,,Diagnosis,N/A,,,,,,,,,,,,1930
138434AAAAAAAAAAAAAAAAAAAAAAAAAAAAAA,,Hordeolum,Orgelet,orzuelo,,,,Purulent infection of one of the sebaceous glands of Zeis along the eyelid margin (external) or of the meibomian gland on the conjunctival side of the eyelid (internal).,,,Diagnosis,N/A,,,,,,,,,,,,1931
138554AAAAAAAAAAAAAAAAAAAAAAAAAAAAAA,,Hoarse,Enroué,voz ronca,,,,An unnaturally deep or rough quality of voice.,,,Diagnosis,N/A,,,,,,,,,,,,1932
138571AAAAAAAAAAAAAAAAAAAAAAAAAAAAAA,,HIV positive,Virus de l'immunodéficience humaine positif,virus de la inmunodeficiencia humana positivo,,,,"Includes the spectrum of human immunodeficiency virus infections that range from asymptomatic seropositivity, thru AIDS-related complex (ARC), to acquired immunodeficiency syndrome (AIDS).",,,Diagnosis,N/A,,,,,,,,,,,,1933
138603AAAAAAAAAAAAAAAAAAAAAAAAAAAAAA,,Hirsutism,Hirsutisme,hirsutismo,,,,"Excess hair in females and children with an adult male pattern of distribution. The concept does not include HYPERTRICHOSIS, which is localized or generalized excess hair.",,,Diagnosis,N/A,,,,,,,,,,,,1934
138605AAAAAAAAAAAAAAAAAAAAAAAAAAAAAA,,Hirschsprung's disease,Maladie de Hirschsprung,enfermedad de Hirschsprung,,,,Congenital megacolon due to absence of myenteric ganglion cells in a distal segment of the large intestine.,,,Diagnosis,N/A,,,,,,,,,,,,1935
138609AAAAAAAAAAAAAAAAAAAAAAAAAAAAAA,,Hip pain,,coxalgia,,,,Pain in the joint.,,,Diagnosis,N/A,,,,,,,,,,,,1936
138643AAAAAAAAAAAAAAAAAAAAAAAAAAAAAA,,Problem with health-risk sexual behaviour,Comportement sexuel à haut risque,conducta sexual de alto riesgo,,,,"DEF: The sexual practices with the highest risks are those that produce mucosal trauma, typically intercourse. Anal-receptive intercourse poses the highest risk. Sexual practices such as fellatio and cunnilingus appear to be relatively low risk but not absolutely safe. REF; Merck",,,Diagnosis,Coded,,,,,,,,,,,,1937
138660AAAAAAAAAAAAAAAAAAAAAAAAAAAAAA,,Hidradenitis suppurativa,Hidradenite suppurative,hidrosadenitis supurativa,,,,"The inflammation of a sweat gland (usually of the apocrine type). The condition can be idiopathic or occur as a result of or in association with another underlying condition. Neutrophilic eccrine hidradenitis is a relatively rare variant that has been reported in patients undergoing chemotherapy, usually for non-Hodgkin lymphomas or leukemic conditions.",,,Diagnosis,N/A,,,,,,,,,,,,1938
138688AAAAAAAAAAAAAAAAAAAAAAAAAAAAAA,,Herpesvirus infection,Infection au virus Herpès,infección por Herpesvirus,,,,Virus diseases caused by the HERPESVIRIDAE.,,,Diagnosis,N/A,,,,,,,,,,,,1939
138706AAAAAAAAAAAAAAAAAAAAAAAAAAAAAA,,Herpes simplex,"Herpès simplex, non-spécifié",herpes simple,,,,"A group of acute infections caused by herpes simplex virus type 1 or type 2 that is characterized by the development of one or more small fluid-filled vesicles with a raised erythematous base on the skin or mucous membrane. It occurs as a primary infection or recurs due to a reactivation of a latent infection. (Dorland, 27th ed.)",,,Diagnosis,N/A,,,,,,,,,,,,1940
138820AAAAAAAAAAAAAAAAAAAAAAAAAAAAAA,,Hepatitis C carrier,Sujet porteur d'une hepatite virale C,portador de hepatitis C,,,,,,,Diagnosis,N/A,,,,,,,,,,,,1941
138821AAAAAAAAAAAAAAAAAAAAAAAAAAAAAA,,Hepatitis B carrier,Sujet porteur de l'hépatite B,portador de virus de hepatitis B,,,,,,,Diagnosis,N/A,,,,,,,,,,,,1942
138845AAAAAAAAAAAAAAAAAAAAAAAAAAAAAA,,Haemothorax,Hémothorax,hemotórax,,,,Hemorrhage within the pleural cavity.,,,Diagnosis,N/A,,,,,,,,,,,,1943
138849AAAAAAAAAAAAAAAAAAAAAAAAAAAAAA,,Hemorrhoids,Hémorroïde,hemorroides,,,,Varicosities of the hemorrhoidal venous plexuses.,,,Diagnosis,N/A,,,,,,,,,,,,1944
138868AAAAAAAAAAAAAAAAAAAAAAAAAAAAAA,,Haemorrhagic diarrhoea,Diarrhée hémorragique,diarrea hemorrágica,,,,"Any of various disorders marked by inflammation of the intestines, especially of the colon, and attended by pain in the abdomen, tenesmus, and frequent stools containing blood and mucus. Causes include chemical irritants, bacteria, protozoa, or parasitic worms. (Dorland, 27th ed)",,,Diagnosis,N/A,,,,,,,,,,,,1945
138885AAAAAAAAAAAAAAAAAAAAAAAAAAAAAA,,Haemorrhage of rectum and anus,Hemorragie de l'anus et du rectum,hemorragia de recto y ano,,,,Bleeding in the lower gastrointestinal tract.,,,Diagnosis,N/A,,,,,,,,,,,,1946
138902AAAAAAAAAAAAAAAAAAAAAAAAAAAAAA,,Haemorrhage from placenta previa,Hémorragie de placenta previa,placenta previa con hemorragia,,,,,,,Diagnosis,N/A,,,,,,,,,,,,1947
138905AAAAAAAAAAAAAAAAAAAAAAAAAAAAAA,,Hemoptysis,Hémoptysie,hemoptisis,,,,Bronchial hemorrhage manifested with spitting of blood.,,,Diagnosis,N/A,,,,,,,,,,,,1948
138977AAAAAAAAAAAAAAAAAAAAAAAAAAAAAA,,Haematosalpinx,Hématosalpinx,hematosalpinge,,,,,,,Diagnosis,N/A,,,,,,,,,,,,1949
138978AAAAAAAAAAAAAAAAAAAAAAAAAAAAAA,,Haematopoietic aplasia,Aplasie hématopoïétique,aplasia hematopoyética,,,,A form of anemia in which the bone marrow fails to produce adequate numbers of peripheral blood elements.,,,Diagnosis,N/A,,,,,,,,,,,,1950
139005AAAAAAAAAAAAAAAAAAAAAAAAAAAAAA,,Haematemesis and/or maelena due to swallowed maternal blood,Déglutition de sang maternel,hematemesis Y/O melena por deglución de sangre materna,,,,,,,Diagnosis,N/A,,,,,,,,,,,,1951
139006AAAAAAAAAAAAAAAAAAAAAAAAAAAAAA,,Haematemesis,Hématémèse,hematemesis,,,,Vomiting of blood.,,,Diagnosis,N/A,,,,,,,,,,,,1952
139041AAAAAAAAAAAAAAAAAAAAAAAAAAAAAA,,Helicobacter pylori gastrointestinal tract infection,,infección del tracto gastrointestinal por Helicobacter pylori,,,,"A spiral bacterium active as a human gastric pathogen. It is a gram-negative, urease-positive, curved or slightly spiral organism initially isolated in 1982 from patients with lesions of gastritis or peptic ulcers in Western Australia. Helicobacter pylori was originally classified in the genus CAMPYLOBACTER, but RNA sequencing, cellular fatty acid profiles, growth patterns, and other taxonomic characteristics indicate that the micro-organism should be included in the genus HELICOBACTER. It has been officially transferred to Helicobacter gen. nov. (see Int J Syst Bacteriol 1989 Oct;39(4):297-405).",,,Diagnosis,N/A,,,,,,,,,,,,1953
139047AAAAAAAAAAAAAAAAAAAAAAAAAAAAAA,,Heberden's node,Nodule d'Heberden,nódulo de Heberden,,,,,,,Diagnosis,N/A,,,,,,,,,,,,1954
139059AAAAAAAAAAAAAAAAAAAAAAAAAAAAAA,,Heartburn,Pyrosis,pirosis,,,,,,,Diagnosis,N/A,,,,,,,,,,,,1955
139063AAAAAAAAAAAAAAAAAAAAAAAAAAAAAA,,Heart murmur,Souffle,soplo cardíaco,,,,"Abnormal heart sounds heard during auscultation caused by alterations in the flow of blood into a chamber, through a valve, or by a valve opening or closing abnormally. They are classified by the time of occurrence during the cardiac cycle, the duration, and the intensity of the sound on a scale of I to V.",,,Diagnosis,N/A,,,,,,,,,,,,1956
139069AAAAAAAAAAAAAAAAAAAAAAAAAAAAAA,,Heart failure,L'Insufficience cardiaque,insuficiencia cardíaca,,,,Heart decompensation in which the heart is unable to maintain adequate circulation of blood in the tissues of the body or to pump out the venous blood returned to it by the venous circulation.,,,Diagnosis,N/A,,,,,,,,,,,,1957
139071AAAAAAAAAAAAAAAAAAAAAAAAAAAAAA,,Heart disease,Maladie cardiaque,cardiopatía,,,,,,,Diagnosis,Coded,,,,,,,,,,,,1958
139075AAAAAAAAAAAAAAAAAAAAAAAAAAAAAA,,Hearing disorder,Trouble auditif,trastorno de la audición,,,,"Conditions that impair the transmission or perception of auditory impulses and information from the level of the ear to the temporal cortices, including the sensorineural pathways.",,,Diagnosis,N/A,,,,,,,,,,,,1959
139081AAAAAAAAAAAAAAAAAAAAAAAAAAAAAA,,Severe headache,Céphalée sévère,,,,,"Pain in the cranial region that may occur as an isolated and benign symptom or as a manifestation of a wide variety of conditions including SUBARACHNOID HEMORRHAGE; CRANIOCEREBRAL TRAUMA; CENTRAL NERVOUS SYSTEM INFECTIONS; INTRACRANIAL HYPERTENSION; and other disorders. In general, recurrent headaches that are not associated with a primary disease process are referred to as HEADACHE DISORDERS (e.g., MIGRAINE).",,,Diagnosis,N/A,,,,,,,,,,,,1960
139084AAAAAAAAAAAAAAAAAAAAAAAAAAAAAA,,Headache,Céphalée,cefalea,,,,"Pain in the cranial region that may occur as an isolated and benign symptom or as a manifestation of a wide variety of conditions including SUBARACHNOID HEMORRHAGE; CRANIOCEREBRAL TRAUMA; CENTRAL NERVOUS SYSTEM INFECTIONS; INTRACRANIAL HYPERTENSION; and other disorders. In general, recurrent headaches that are not associated with a primary disease process are referred to as HEADACHE DISORDERS (e.g., MIGRAINE).",,,Diagnosis,N/A,,,,,,,,,,,,1961
139098AAAAAAAAAAAAAAAAAAAAAAAAAAAAAA,,Has Watering Eyes,ecoulement de pus dans les yeaux,tiene ojos llorosos,,,,Diseases of the lacrimal apparatus.,,,Diagnosis,N/A,,,,,,,,,,,,1962
139100AAAAAAAAAAAAAAAAAAAAAAAAAAAAAA,,Itchy eyes,Démangeaisons oculaires,presenta prurito ocular,,,,"Corneal and conjunctival dryness due to deficient tear production, predominantly in menopausal and post-menopausal women. Filamentary keratitis or erosion of the conjunctival and corneal epithelium may be caused by these disorders. Sensation of the presence of a foreign body in the eye and burning of the eyes may occur.",,,Diagnosis,N/A,,,,,,,,,,,,1963
139146AAAAAAAAAAAAAAAAAAAAAAAAAAAAAA,,Hallucinations,Hallucinations,alucinaciones,,,,"Subjectively experienced sensations in the absence of an appropriate stimulus, but which are regarded by the individual as real. They may be of organic origin or associated with MENTAL DISORDERS.",,,Diagnosis,N/A,,,,,,,,,,,,1964
139197AAAAAAAAAAAAAAAAAAAAAAAAAAAAAA,,H/O: Malaria,Antécédent Personnel: Paludisme,antecedente de: paludismo,,,,A past medical history of malaria.,,,Diagnosis,N/A,,,,,,,,,,,,1965
139207AAAAAAAAAAAAAAAAAAAAAAAAAAAAAA,,Allergic to other foods,Allergie à d'autres aliments,Alergico a Otros Alimentos,,,,,,,Diagnosis,N/A,,,,,,,,,,,,1966
139212AAAAAAAAAAAAAAAAAAAAAAAAAAAAAA,,Personal History of Asthma,Histoire personnelle de l'asthme,antecedente de: asma,,,,"A form of bronchial disorder associated with airway obstruction, marked by recurrent attacks of paroxysmal dyspnea, with wheezing due to spasmodic contraction of the bronchi.",,,Diagnosis,N/A,,,,,,,,,,,,1967
139233AAAAAAAAAAAAAAAAAAAAAAAAAAAAAA,,Guillain-Barré syndrome,Syndrome de Guillain-Barré,síndrome de Guillain - Barré,,,,"An acute inflammatory autoimmune neuritis caused by T cell- mediated cellular immune response directed towards peripheral myelin. Demyelination occurs in peripheral nerves and nerve roots. The process is often preceded by a viral or bacterial infection, surgery, immunization, lymphoma, or exposure to toxins. Common clinical manifestations include progressive weakness, loss of sensation, and loss of deep tendon reflexes. Weakness of respiratory muscles and autonomic dysfunction may occur. (From Adams et al., Principles of Neurology, 6th ed, pp1312-1314)",,,Diagnosis,N/A,,,,,,,,,,,,1968
139260AAAAAAAAAAAAAAAAAAAAAAAAAAAAAA,,Graves' disease,Maladie de Basedow,Enfermedad de Graves,,,,"Hyperthyroidism associated with a diffuse hyperplastic goiter resulting from production of an antibody directed against the thyroid-stimulating hormone (TSH) receptor, which acts as an agonist of TSH. (Braverman, The Thyroid, 6th ed, p648)",,,Diagnosis,N/A,,,,,,,,,,,,1969
139280AAAAAAAAAAAAAAAAAAAAAAAAAAAAAA,,Granuloma annulare,Granulome annulaire,granuloma anular,,,,Benign granulomatous disease of unknown etiology characterized by a ring of localized or disseminated papules or nodules on the skin and palisading histiocytes surrounding necrobiotic tissue resulting from altered collagen structures.,,,Diagnosis,N/A,,,,,,,,,,,,1970
139448AAAAAAAAAAAAAAAAAAAAAAAAAAAAAA,,Gilles de La Tourette's syndrome,Syndrome de la Tourette,síndrome de Gilles de la Tourette,,,,"Disorders characterized by recurrent TICS that may interfere with speech and other activities. Tics are sudden, rapid, nonrhythmic, stereotyped motor movements or vocalizations which may be exacerbated by stress and are generally attenuated during absorbing activities. Tic disorders are distinguished from conditions which feature other types of abnormal movements that may accompany general medical conditions. (From DSM-IV, 1994)",,,Diagnosis,N/A,,,,,,,,,,,,1971
139505AAAAAAAAAAAAAAAAAAAAAAAAAAAAAA,,Genital warts,Condylomes vénériens,verruga genital,,,,Sexually transmitted form of anogenital warty growth caused by the human papillomaviruses.,,,Diagnosis,N/A,,,,,,,,,,,,1972
139521AAAAAAAAAAAAAAAAAAAAAAAAAAAAAA,,Generalized social phobia,Phobie sociale généralisée	,fobia social generalizada,,,,"Anxiety disorders in which the essential feature is persistent and irrational fear of a specific object, activity, or situation that the individual feels compelled to avoid. The individual recognizes the fear as excessive or unreasonable.",,,Diagnosis,N/A,,,,,,,,,,,,1973
139545AAAAAAAAAAAAAAAAAAAAAAAAAAAAAA,,Generalised anxiety disorder,Anxiété généralisée,trastorno de ansiedad generalizada,,,,"Disorders in which anxiety (persistent feelings of apprehension, tension, or uneasiness) is the predominant disturbance.",,,Diagnosis,N/A,,,,,,,,,,,,1974
139547AAAAAAAAAAAAAAAAAAAAAAAAAAAAAA,,Generalised abdominal pain,Douleurs abdominales généralisées,dolor abdominal generalizado,,,,"Sensation of discomfort, distress, or agony in the abdominal region.",,,Diagnosis,N/A,,,,,,,,,,,,1975
139553AAAAAAAAAAAAAAAAAAAAAAAAAAAAAA,,Gender identity disorder of childhood,Trouble de l'identité sexuelle de l'enfance,trastorno de la identidad sexual en la niñez,,,,,,,Diagnosis,N/A,,,,,,,,,,,,1976
139557AAAAAAAAAAAAAAAAAAAAAAAAAAAAAA,,Gender identity disorder of adulthood,Trouble de l'identité sexuelle chez l'adulte,trastorno de la identidad sexual en la vida adulta,,,,,,,Diagnosis,N/A,,,,,,,,,,,,1977
139561AAAAAAAAAAAAAAAAAAAAAAAAAAAAAA,,Gender identity disorder of adolescence,Trouble de l'identité sexuelle à l'adolescence,trastorno de la identidad sexual en la adolescencia,,,,,,,Diagnosis,N/A,,,,,,,,,,,,1978
139569AAAAAAAAAAAAAAAAAAAAAAAAAAAAAA,,Gastroschisis,Gastroschisis,gastrosquisis,,,,"A congenital fissure of the abdominal wall not involving the site of insertion of the umbilical cord, and usually accompanied by protrusion of the small and part of the large intestine. (Dorland, 28th ed)",,,Diagnosis,N/A,,,,,,,,,,,,1979
139581AAAAAAAAAAAAAAAAAAAAAAAAAAAAAA,,GI upset,Irritation gastro-intestinale,irritación gastrointestinal,,,,,,,Diagnosis,N/A,,,,,,,,,,,,1980
139582AAAAAAAAAAAAAAAAAAAAAAAAAAAAAA,,Gastrointestinal haemorrhage,Hémorragie gastro-intestinale,hemorragia digestiva,,,,Bleeding in the gastrointestinal tract.,,,Diagnosis,N/A,,,,,,,,,,,,1981
139584AAAAAAAAAAAAAAAAAAAAAAAAAAAAAA,,Gastrointestinal Food Allergy,,alergia alimentaria intestinal,,,,,,,Diagnosis,N/A,,,,,,,,,,,,1982
139653AAAAAAAAAAAAAAAAAAAAAAAAAAAAAA,,Ganglion of tendon sheath,Kyste articulaire ou du tendon,ganglión de vaina de tendón,,,,,,,Diagnosis,N/A,,,,,,,,,,,,1983
139739AAAAAAAAAAAAAAAAAAAAAAAAAAAAAA,,Fungal esophagitis,Oesphagites due a candidose,esofagitis fúngica,,,,"Inflammation, acute or chronic, of the esophagus caused by bacteria, chemicals, or trauma.",,,Diagnosis,N/A,,,,,,,,,,,,1984
139753AAAAAAAAAAAAAAAAAAAAAAAAAAAAAA,,Functional diarrhea,Diarrhée fonctionelle,diarrea funcional,,,,,,,Diagnosis,N/A,,,,,,,,,,,,1985
139784AAAAAAAAAAAAAAAAAAAAAAAAAAAAAA,,Frotteurism,Trouble frotteurisme,froteurismo,,,,,,,Diagnosis,N/A,,,,,,,,,,,,1986
139814AAAAAAAAAAAAAAAAAAAAAAAAAAAAAA,,Frank Breech Presentation,Présentation en siege,presentación pélvica franca,,,,,,,Diagnosis,N/A,,,,,,,,,,,,1987
139845AAAAAAAAAAAAAAAAAAAAAAAAAAAAAA,,Fracture of shaft of femur,Fracture de la diaphyse fémorale,fractura de la diáfisis del fémur,,,,,,,Diagnosis,N/A,,,,,,,,,,,,1988
139849AAAAAAAAAAAAAAAAAAAAAAAAAAAAAA,,Fracture of radius and ulna,"Fracture des deux diaphyses, cubitale et radiale",fractura del radio Y cúbito,,,,Fractures of the larger bone of the forearm.,,,Diagnosis,N/A,,,,,,,,,,,,1989
139850AAAAAAAAAAAAAAAAAAAAAAAAAAAAAA,,Fracture of pubis,Fracture du pubis,Fractura púbica,,,,,,,Diagnosis,N/A,,,,,,,,,,,,1990
139851AAAAAAAAAAAAAAAAAAAAAAAAAAAAAA,,Fracture of proximal end of radius,Fracture de l'extrémité supérieure du radius,fractura proximal del radio,,,,,,,Diagnosis,N/A,,,,,,,,,,,,1991
139853AAAAAAAAAAAAAAAAAAAAAAAAAAAAAA,,Fracture of phalanx of thumb,Fracture du pouce,fractura de falange del pulgar,,,,,,,Diagnosis,N/A,,,,,,,,,,,,1992
139859AAAAAAAAAAAAAAAAAAAAAAAAAAAAAA,,Fracture of navicular bone of wrist,Fracture de l'os scaphoïde de la main,fractura del hueso escafoides de la muñeca,,,,,,,Diagnosis,N/A,,,,,,,,,,,,1993
139865AAAAAAAAAAAAAAAAAAAAAAAAAAAAAA,,Fracture of mandible,Fracture du maxillaire inférieur,fractura de la mandíbula,,,,Fractures of the upper or lower jaw.,,,Diagnosis,N/A,,,,,,,,,,,,1994
139871AAAAAAAAAAAAAAAAAAAAAAAAAAAAAA,,Fracture of lower leg,Fracture de la jambe,fractura de pierna,,,,General or unspecified injuries involving the leg.,,,Diagnosis,N/A,,,,,,,,,,,,1995
139876AAAAAAAAAAAAAAAAAAAAAAAAAAAAAA,,Fracture of ilium,Fracture de l'ilion,fractura del hueso ilíaco,,,,,,,Diagnosis,N/A,,,,,,,,,,,,1996
139884AAAAAAAAAAAAAAAAAAAAAAAAAAAAAA,,Fracture of face bones,Fracture des os de la face,fractura de los huesos de la cara,,,,,,,Diagnosis,N/A,,,,,,,,,,,,1997
139887AAAAAAAAAAAAAAAAAAAAAAAAAAAAAA,,Fracture of distal end of radius and ulna,Fracture de l'extrémité inférieure du cubitus et du radius,fractura del extremo distal de radio y cúbito,,,,,,,Diagnosis,N/A,,,,,,,,,,,,1998
139892AAAAAAAAAAAAAAAAAAAAAAAAAAAAAA,,Fracture of calcaneus,Fracture du calcanéum,fractura del calcáneo,,,,,,,Diagnosis,N/A,,,,,,,,,,,,1999
139899AAAAAAAAAAAAAAAAAAAAAAAAAAAAAA,,Closed fracture,Fracture fermée,fractura ósea no expuesta,,,,Fractures in which the break in bone is not accompanied by an external wound.,,,Diagnosis,N/A,,,,,,,,,,,,2000
139905AAAAAAAAAAAAAAAAAAAAAAAAAAAAAA,,Fracture of acetabulum,Fracture de l'acétabulum,fractura del acetábulo,,,,,,,Diagnosis,N/A,,,,,,,,,,,,2001
139906AAAAAAAAAAAAAAAAAAAAAAAAAAAAAA,,Fox-Fordyce disease,Maladie de Fox-fordyce,enfermedad de Fox - Fordyce,,,,"Chronic pruritic disease, usually in women, characterized by small follicular papular eruptions in apocrine areas. It is caused by obstruction and rupture of intraepidermal apocrine ducts. (From Dorland, 27th ed)",,,Diagnosis,N/A,,,,,,,,,,,,2002
139960AAAAAAAAAAAAAAAAAAAAAAAAAAAAAA,,Foreign body in genitourinary tract,Corps étranger dans les voies génito-urinaires,cuerpo extraño en el aparato genitourinario,,,,,,,Diagnosis,N/A,,,,,,,,,,,,2003
139962AAAAAAAAAAAAAAAAAAAAAAAAAAAAAA,,Foreign body in ear,Corps étranger dans l'oreille,cuerpo extraño en el oído,,,,,,,Diagnosis,N/A,,,,,,,,,,,,2004
139963AAAAAAAAAAAAAAAAAAAAAAAAAAAAAA,,Foreign body in digestive tract,Corps étranger dans les voies digestives,cuerpo extraño en una estructura digestiva,,,,,,,Diagnosis,N/A,,,,,,,,,,,,2005
139972AAAAAAAAAAAAAAAAAAAAAAAAAAAAAA,,Foreign body granuloma of skin,Granulome cutané et sous-cutané dû à la preésence d'un corps étranger,granuloma de la piel por cuerpo extraño,,,,,,,Diagnosis,N/A,,,,,,,,,,,,2006
139981AAAAAAAAAAAAAAAAAAAAAAAAAAAAAA,,Foot-Drop,Pied tombant,pie péndulo,,,,"Distortion or disfigurement of the foot, or a part of the foot, acquired through disease or injury after birth.",,,Diagnosis,N/A,,,,,,,,,,,,2007
139994AAAAAAAAAAAAAAAAAAAAAAAAAAAAAA,,Food allergy,Allergie alimentaire,alergia alimentaria,,,,"Gastrointestinal disturbances, skin eruptions, or shock due to allergic reactions to allergens ingested in food.",,,Diagnosis,N/A,,,,,,,,,,,,2008
140012AAAAAAAAAAAAAAAAAAAAAAAAAAAAAA,,Follicular cyst of ovary,Kyste folliculaire de l'ovaire,quiste folicular del ovario,,,,Cyst due to the occlusion of the duct of a follicle or small gland.,,,Diagnosis,N/A,,,,,,,,,,,,2009
140039AAAAAAAAAAAAAAAAAAAAAAAAAAAAAA,,Flushing,Rougeur,rubor,,,,"A transient reddening of the face that may be due to fever, certain drugs, exertion, stress, or a disease process.",,,Diagnosis,N/A,,,,,,,,,,,,2010
140070AAAAAAAAAAAAAAAAAAAAAAAAAAAAAA,,Flank pain,Douleur au flanc,dolor en el flanco,,,,,,,Diagnosis,N/A,,,,,,,,,,,,2011
140071AAAAAAAAAAAAAAAAAAAAAAAAAAAAAA,,Flail joint - paralytic,Hyperlaxite articulaire,hiperlaxitud articular - paralítica,,,,,,,Diagnosis,N/A,,,,,,,,,,,,2012
140080AAAAAAAAAAAAAAAAAAAAAAAAAAAAAA,,Fixed drug eruption,Érythème pigmenté fixe,dermatitis medicamentosa fija,,,,,,,Diagnosis,N/A,,,,,,,,,,,,2013
140093AAAAAAAAAAAAAAAAAAAAAAAAAAAAAA,,Fistula of intestine,Fistule de l'intestin,fístula intestinal,,,,Abnormal passage communicating with the intestines.,,,Diagnosis,N/A,,,,,,,,,,,,2014
140116AAAAAAAAAAAAAAAAAAAAAAAAAAAAAA,,First degree burn,Brûlure du premier degré,quemadura de primer grado,,,,"Injuries to tissues caused by contact with heat, steam, chemicals (BURNS, CHEMICAL), electricity (BURNS, ELECTRIC), or the like.",,,Diagnosis,N/A,,,,,,,,,,,,2015
140125AAAAAAAAAAAAAAAAAAAAAAAAAAAAAA,,Finger clubbing,Doigts en forme de massue,dedos hipocráticos,,,,"Symmetrical osteitis of the four limbs, chiefly localized to the phalanges and the terminal epiphyses of the long bones of the forearm and leg, sometimes extending to the proximal ends of the limbs and the flat bones, and accompanied by dorsal kyphosis and joint involvement. It is often secondary to chronic conditions of the lungs and heart. (Dorland, 27th ed)",,,Diagnosis,N/A,,,,,,,,,,,,2016
140147AAAAAAAAAAAAAAAAAAAAAAAAAAAAAA,,Elevated blood pressure,Tension artérielle élevée,hallazgo relacionado con la presión sanguínea alta,,,,Persistently high arterial blood pressure. Currently accepted threshold levels are 140 mm Hg systolic and 90 mm Hg diastolic pressure.,,,Diagnosis,N/A,,,,,,,,,,,,2017
140162AAAAAAAAAAAAAAAAAAAAAAAAAAAAAA,,Low-income population,Faibles revenus,nivel de pobreza,,,,"A situation in which the level of living of an individual, family, or group is below the standard of the community. It is often related to a specific income level.",,,Diagnosis,N/A,,,,,,,,,,,,2018
140210AAAAAAAAAAAAAAAAAAAAAAAAAAAAAA,,Fibroadenoma of breast,Fibroadénome du sein,fibroadenoma de mama,,,,"An adenoma containing fibrous tissue. It should be differentiated from ADENOFIBROMA which is a tumor composed of connective tissue (fibroma) containing glandular (adeno-) structures. (From Dorland, 27th ed)",,,Diagnosis,N/A,,,,,,,,,,,,2019
140228AAAAAAAAAAAAAAAAAAAAAAAAAAAAAA,,Family history of diabetes mellitus,Histoire familiaux de diabète sucré,antecedente familiar de diabetes mellitus,,,,,,,Diagnosis,Coded,,,,,,,,,,,,2020
140231AAAAAAAAAAAAAAAAAAAAAAAAAAAAAA,,Family history of cardiovascular disease,Histoire familiaux de maladie cardiovasculaire,antecedente familiar de enfermedad cardiovascular,,,,,,,Diagnosis,N/A,,,,,,,,,,,,2021
140234AAAAAAAAAAAAAAAAAAAAAAAAAAAAAA,,Family history of asthma,Histoire de famille de l'asthme,antecedente familiar de asma,,,,,,,Diagnosis,N/A,,,,,,,,,,,,2022
140238AAAAAAAAAAAAAAAAAAAAAAAAAAAAAA,,Fever,Fièvre,fiebre,,,,"An abnormal elevation of body temperature, usually as a result of a pathologic process.",,,Diagnosis,Coded,,,,,,,,,,,,2023
140343AAAAAAAAAAAAAAAAAAAAAAAAAAAAAA,,Fetus or neonate affected by maternal infection,Fœtus ou nouveau-né affectés par une infection maternelle,feto o neonato afectado por infección materna,,,,,,,Diagnosis,N/A,,,,,,,,,,,,2024
140353AAAAAAAAAAAAAAAAAAAAAAAAAAAAAA,,Fetishism,Trouble fétichisme,fetichismo,,,,A condition in which inanimate objects are utilized as a preferred or exclusive method of stimulating erotic arousal.,,,Diagnosis,N/A,,,,,,,,,,,,2025
140399AAAAAAAAAAAAAAAAAAAAAAAAAAAAAA,,Death foetal,Mort fœtale (Fœtus mort-né),muerte fetal,,,,Death of the young developing in utero.,,,Diagnosis,N/A,,,,,,,,,,,,2026
140402AAAAAAAAAAAAAAAAAAAAAAAAAAAAAA,,Fetal cephalhaematoma,Céphalhématome du nouveau-né,cefalohematoma fetal,,,,,,,Diagnosis,N/A,,,,,,,,,,,,2027
140429AAAAAAAAAAAAAAAAAAAAAAAAAAAAAA,,Female urethrocele without uterine prolapse,Urétrocèle chez la femme,uretrocele femenino sin prolapso uterino,,,,,,,Diagnosis,N/A,,,,,,,,,,,,2028
140432AAAAAAAAAAAAAAAAAAAAAAAAAAAAAA,,Female sexual arousal disorder,Trouble de l'excitation sexuelle féminine,trastorno de la excitación sexual en la mujer,,,,,,,Diagnosis,N/A,,,,,,,,,,,,2029
140439AAAAAAAAAAAAAAAAAAAAAAAAAAAAAA,,Female pelvic peritoneal adhesions,Adhérences pelvi-péritonéales chez la femme,adherencias peritoneales de la pelvis femenina,,,,,,,Diagnosis,N/A,,,,,,,,,,,,2030
140472AAAAAAAAAAAAAAAAAAAAAAAAAAAAAA,,Feeling despair,Se sentir désesperer,sensación de desesperanza,,,,An affective disorder manifested by either a dysphoric mood or loss of interest or pleasure in usual activities. The mood disturbance is prominent and relatively persistent.,,,Diagnosis,N/A,,,,,,,,,,,,2031
140476AAAAAAAAAAAAAAAAAAAAAAAAAAAAAA,,Feeding problem,Problème d'alimentation,problemas de alimentación,,,,,,,Diagnosis,N/A,,,,,,,,,,,,2032
140485AAAAAAAAAAAAAAAAAAAAAAAAAAAAAA,,Febrile convulsion,Convulsion fièvreuse,convulsión febril,,,,"Seizures that occur during a febrile episode. It is a common condition, affecting 2-5% of children aged 3 months to five years. An autosomal dominant pattern of inheritance has been identified in some families. The majority are simple febrile seizures (generally defined as generalized onset, single seizures with a duration of less than 30 minutes). Complex febrile seizures are characterized by focal onset, duration greater than 30 minutes, and/or more than one seizure in a 24 hour period. The likelihood of developing epilepsy (i.e., a nonfebrile seizure disorder) following simple febrile seizures is low. Complex febrile seizures are associated with a moderately increased incidence of epilepsy. (From Menkes, Textbook of Child Neurology, 5th ed, p784)",,,Diagnosis,Coded,,,,,,,,,,,,2033
140487AAAAAAAAAAAAAAAAAAAAAAAAAAAAAA,,Fearful mood,Humeur craintive,estado de ánimo temeroso,,,,"Anxiety disorders in which the essential feature is persistent and irrational fear of a specific object, activity, or situation that the individual feels compelled to avoid. The individual recognizes the fear as excessive or unreasonable.",,,Diagnosis,N/A,,,,,,,,,,,,2034
140501AAAAAAAAAAAAAAAAAAAAAAAAAAAAAA,,Fatigue,Fatigue,fatiga,,,,,,,Diagnosis,Boolean,,,,,,,,,,,,2035
140507AAAAAAAAAAAAAAAAAAAAAAAAAAAAAA,,Fat necrosis of breast,Nécrose adipeuse du sein,necrosis grasa de la mama,,,,,,,Diagnosis,N/A,,,,,,,,,,,,2036
140509AAAAAAAAAAAAAAAAAAAAAAAAAAAAAA,,Fat embolism as early complication of trauma,Embolie graisseuse (traumatique),embolia grasa como complicación temprana de un traumatismo,,,,,,,Diagnosis,N/A,,,,,,,,,,,,2037
140707AAAAAAAAAAAAAAAAAAAAAAAAAAAAAA,,Failure to gain weight,Ne pas prendre du poids,imposibilidad de aumentar de peso,,,,,,,Diagnosis,N/A,,,,,,,,,,,,2038
140721AAAAAAAAAAAAAAAAAAAAAAAAAAAAAA,,Failure of exfoliation of primary tooth,Persistance de dents temporaires,diente primario persistente,,,,,,,Diagnosis,N/A,,,,,,,,,,,,2039
140790AAAAAAAAAAAAAAAAAAAAAAAAAAAAAA,,Failed attempted abortion,Echec d'une tentative d'avortement médical,intento fallido de aborto,,,,,,,Diagnosis,N/A,,,,,,,,,,,,2040
140791AAAAAAAAAAAAAAAAAAAAAAAAAAAAAA,,Failed abortion,Échec d'avortement,aborto fallido,,,,"A common form of arteriosclerosis characterized by deposits of plaques (atheromas) containing lipids, carbohydrates, blood and blood products, fibrous tissue, and calcium deposits. These plaques are found in the intima of large- and medium-sized arteries.",,,Diagnosis,N/A,,,,,,,,,,,,2041
140849AAAAAAAAAAAAAAAAAAAAAAAAAAAAAA,,Extrinsic asthma with asthma attack,Asthme extrinsèque avec crise d'asthme,asma extrínseca con ataque asmático,,,,"A form of bronchial disorder associated with airway obstruction, marked by recurrent attacks of paroxysmal dyspnea, with wheezing due to spasmodic contraction of the bronchi.",,,Diagnosis,N/A,,,,,,,,,,,,2042
140919AAAAAAAAAAAAAAAAAAAAAAAAAAAAAA,,Exophthalmos,Exophtalmie,exoftalmos,,,,"Abnormal protrusion of both eyes; may be caused by endocrine gland malfunction, malignancy, injury, or paralysis of the extrinsic muscles of the eye.",,,Diagnosis,N/A,,,,,,,,,,,,2043
140920AAAAAAAAAAAAAAAAAAAAAAAAAAAAAA,,Exhibitionism,Trouble exhibitionnisme,exhibicionismo,,,,A disorder in which fantasies about or the act of exposing the genitals to an unsuspecting stranger produces sexual excitement with no attempt at further sexual activity with the stranger.,,,Diagnosis,N/A,,,,,,,,,,,,2044
140931AAAAAAAAAAAAAAAAAAAAAAAAAAAAAA,,Excoriated acne,Acne excoriee,Acné excoriada,,,,,,,Diagnosis,N/A,,,,,,,,,,,,2045
140936AAAAAAAAAAAAAAAAAAAAAAAAAAAAAA,,Excessive weight loss,Perte de poids excessive,pérdida de peso excesiva,,,,,,,Diagnosis,N/A,,,,,,,,,,,,2046
140939AAAAAAAAAAAAAAAAAAAAAAAAAAAAAA,,Excessive thirst,Soif excessive,sed excesiva,,,,A drive stemming from a physiological need for water.,,,Diagnosis,N/A,,,,,,,,,,,,2047
140940AAAAAAAAAAAAAAAAAAAAAAAAAAAAAA,,Excessive tear production,Production excessive de larmes,producción excesiva de lágrimas,,,,Diseases of the lacrimal apparatus.,,,Diagnosis,N/A,,,,,,,,,,,,2048
140941AAAAAAAAAAAAAAAAAAAAAAAAAAAAAA,,Excessive sweating,Transpiration excessive,sudoración aumentada,,,,"Excessive sweating. In the localized type, the most frequent sites are the palms, soles, axillae, inguinal folds, and the perineal area. Its chief cause is thought to be emotional. Generalized hyperhidrosis may be induced by a hot, humid environment, by fever, or by vigorous exercise.",,,Diagnosis,N/A,,,,,,,,,,,,2049
140951AAAAAAAAAAAAAAAAAAAAAAAAAAAAAA,,Exceptionally large baby,Macrosomie,macrosomía fetal,,,,"A newborn who is significantly larger than average; has a birth weight of more than 8 pounds, 13 ounces (4,000 grams), regardless of his or her gestational age.",,,Diagnosis,N/A,,,,,,,,,,,,2050
140987AAAAAAAAAAAAAAAAAAAAAAAAAAAAAA,,Essential hypertension,Hypertension essentielle,hipertensión arterial esencial,,,,Persistently high arterial blood pressure. Currently accepted threshold levels are 140 mm Hg systolic and 90 mm Hg diastolic pressure.,,,Diagnosis,N/A,,,,,,,,,,,,2051
140AAAAAAAAAAAAAAAAAAAAAAAAAAAAAAAAA,,Scabies,Gale,"infestación por Sarcoptes scabiei, variedad hominis",,,,A contagious skin disease caused by a parasitic mite (Sarcoptes scabiei) and characterized by intense itching.,,,Diagnosis,N/A,,,,,,,,,,,,2052
141002AAAAAAAAAAAAAAAAAAAAAAAAAAAAAA,,Esophageal dysphagia,Dysphagie de l'œsophage,disfagia esofágica,,,,,,,Diagnosis,N/A,,,,,,,,,,,,2053
141040AAAAAAAAAAAAAAAAAAAAAAAAAAAAAA,,Erythrasma,Erythrasma,eritrasma,,,,"A chronic bacterial infection of major folds of the skin, caused by Corynebacterium minutissimum.",,,Diagnosis,N/A,,,,,,,,,,,,2054
141049AAAAAAAAAAAAAAAAAAAAAAAAAAAAAA,,Erythema nodosum,Erythème noueux,eritema nudoso,,,,"An erythematous eruption commonly associated with drug reactions or infection and characterized by inflammatory nodules that are usually tender, multiple, and bilateral. These nodules are located predominantly on the shins with less common occurrence on the thighs and forearms. They undergo characteristic color changes ending in temporary bruise-like areas. This condition usually subsides in 3-6 weeks without scarring or atrophy.",,,Diagnosis,N/A,,,,,,,,,,,,2055
141053AAAAAAAAAAAAAAAAAAAAAAAAAAAAAA,,Erythema multiforme,Erytheme multiforme,eritema polimorfo,,,,"A skin and mucous membrane disease characterized by an eruption of macules, papules, nodules, vesicles, and/or bullae with characteristic ""bull's-eye"" lesions usually occurring on the dorsal aspect of the hands and forearms.",,,Diagnosis,N/A,,,,,,,,,,,,2056
141064AAAAAAAAAAAAAAAAAAAAAAAAAAAAAA,,Erysipelas,Erysipele,erisipela,,,,"An acute infection of the skin caused by species of STREPTOCOCCUS. This disease most frequently affects infants, young children, and the elderly. Characteristics include pink-to-red lesions that spread rapidly and are warm to the touch. The commonest site of involvement is the face.",,,Diagnosis,N/A,,,,,,,,,,,,2057
141114AAAAAAAAAAAAAAAAAAAAAAAAAAAAAA,,Epiphyseal arrest,Arret epiphysaire,detención epifisaria,,,,,,,Diagnosis,N/A,,,,,,,,,,,,2058
141128AAAAAAAAAAAAAAAAAAAAAAAAAAAAAA,,Epigastric pain,Douleur épigastrique,dolor epigástrico,,,,"Sensation of discomfort, distress, or agony in the abdominal region.",,,Diagnosis,N/A,,,,,,,,,,,,2059
141149AAAAAAAAAAAAAAAAAAAAAAAAAAAAAA,,Epidermoid cyst,Kyste sébacé,quiste epidermoide,,,,"Intradermal or subcutaneous saclike structure, the wall of which is stratified epithelium containing keratohyalin granules.",,,Diagnosis,N/A,,,,,,,,,,,,2060
141164AAAAAAAAAAAAAAAAAAAAAAAAAAAAAA,,Ephelides,Tache de rousseur,efélides,,,,Disorders of increased melanin pigmentation that develop without preceding inflammatory disease.,,,Diagnosis,N/A,,,,,,,,,,,,2061
141204AAAAAAAAAAAAAAAAAAAAAAAAAAAAAA,,Enteroviral vesicular stomatitis with exanthem,Syndrome pieds-mains-bouche,"enfermedad de mano, pie, boca",,,,"A mild, highly infectious viral disease of children, characterized by vesicular lesions in the mouth and on the hands and feet. It is caused by COXSACKIEVIRUSES A.",,,Diagnosis,N/A,,,,,,,,,,,,2062
141226AAAAAAAAAAAAAAAAAAAAAAAAAAAAAA,,Enophthalmos due to trauma,Enophtalmie traumatique,enoftalmos por traumatismo,,,,,,,Diagnosis,N/A,,,,,,,,,,,,2063
141309AAAAAAAAAAAAAAAAAAAAAAAAAAAAAA,,Encopresis,Encoprèsie,encopresis,,,,Incontinence of feces not due to organic defect or illness.,,,Diagnosis,N/A,,,,,,,,,,,,2064
141386AAAAAAAAAAAAAAAAAAAAAAAAAAAAAA,,Embolic infarction,Embolique myocarde,infarto embólico,,,,,,,Diagnosis,N/A,,,,,,,,,,,,2065
141388AAAAAAAAAAAAAAAAAAAAAAAAAAAAAA,,Embedded teeth,Dents incluses,dientes retenidos,,,,,,,Diagnosis,N/A,,,,,,,,,,,,2066
141390AAAAAAAAAAAAAAAAAAAAAAAAAAAAAA,,Emaciated,Émacié,emaciado,,,,Clinical manifestation of excessive leanness usually caused by disease or a lack of nutrition.,,,Diagnosis,N/A,,,,,,,,,,,,2067
141403AAAAAAAAAAAAAAAAAAAAAAAAAAAAAA,,Electrolyte imbalance,Déséquilibre électrolytique,desequilibrio electrolítico,,,,"The state of the body in relation to the intake and excretion of water and electrolytes, particularly sodium and potassium. It exists in a metabolic balance internally with BODY FLUID COMPARTMENTS, total BODY WATER, BLOOD VOLUME, EXTRACELLULAR SPACE, etc., externally through sensible and insensible SWEATING. The hypothalamus controls water balance. (Dorland, 27th ed; Mountcastle, Medical Physiology, 14th ed, 1980, p1152)",,,Diagnosis,N/A,,,,,,,,,,,,2068
141420AAAAAAAAAAAAAAAAAAAAAAAAAAAAAA,,Elastosis perforans serpiginosa,Elastome perforant serpigineux,elastosis perforante serpiginosa,,Elastose,,,,,Diagnosis,N/A,,,,,,,,,,,,2069
141465AAAAAAAAAAAAAAAAAAAAAAAAAAAAAA,,"Oedema, generalised",Oedème généralisé,"edema, generalizado",,,,"Excessive amount of watery fluid accumulated in the intercellular spaces, most commonly present in subcutaneous tissue.",,,Diagnosis,N/A,,,,,,,,,,,,2070
141488AAAAAAAAAAAAAAAAAAAAAAAAAAAAAA,,Eczema herpeticum,Syndrome de Kaposi-Juliusberg,eccema herpético,,,,"A disseminated vesicular-pustular eruption caused by the herpes simplex virus (HERPESVIRUS HOMINUS), the VACCINIA VIRUS, or Varicella zoster (HERPESVIRUS 3, HUMAN). It is usually superimposed on a preexisting, inactive or active, atopic dermatitis (DERMATITIS, ATOPIC).",,,Diagnosis,N/A,,,,,,,,,,,,2071
141538AAAAAAAAAAAAAAAAAAAAAAAAAAAAAA,,Eclampsia in puerperium,Eclampsie pendant la grossesse,eclampsia en el puerperio,,,,,,,Diagnosis,N/A,,,,,,,,,,,,2072
141563AAAAAAAAAAAAAAAAAAAAAAAAAAAAAA,,Ebstein's anomaly,Maladie d'Ebstein,anomalía de Ebstein de la válvula tricúspide,,,,Congenital downward displacement of the tricuspid valve with the septal and posterior leaflets being attached to the wall of the right ventricle.,,,Diagnosis,N/A,,,,,,,,,,,,2073
141582AAAAAAAAAAAAAAAAAAAAAAAAAAAAAA,,Early complication of trauma,Complication précoce d'un traumatisme,complicación temprana de un traumatismo,,,,,,,Diagnosis,N/A,,,,,,,,,,,,2074
141584AAAAAAAAAAAAAAAAAAAAAAAAAAAAAA,,Earache symptoms,Symptômes maux d'oreilles,síntoma de dolor de oído,,,,Pain in the ear.,,,Diagnosis,N/A,,,,,,,,,,,,2075
141585AAAAAAAAAAAAAAAAAAAAAAAAAAAAAA,,Ear problem,Problème d'oreille,problema de oído,,,,,,,Diagnosis,N/A,,,,,,,,,,,,2076
141592AAAAAAAAAAAAAAAAAAAAAAAAAAAAAA,,Dystrophia unguium,Dystrophie ungueale,distrofia de uñas,,,,,,,Diagnosis,N/A,,,,,,,,,,,,2077
141597AAAAAAAAAAAAAAAAAAAAAAAAAAAAAA,,Dyssomnia,Dyssomnie,disomnia (duplicate),,,,,,,Diagnosis,N/A,,,,,,,,,,,,2078
141599AAAAAAAAAAAAAAAAAAAAAAAAAAAAAA,,Dyspnea on exertion,Dyspnée à l'effort,disnea de esfuerzo,DOE,,,Does the patient have shortness of breath while doing exercise or any physical activities?,,,Diagnosis,Coded,,,,,,,,,,,,2079
141600AAAAAAAAAAAAAAAAAAAAAAAAAAAAAA,,Shortness of breath,Difficulté à respirer,disnea (duplicate),,,,,,,Diagnosis,N/A,,,,,,,,,,,,2080
141611AAAAAAAAAAAAAAAAAAAAAAAAAAAAAA,,Dysphoric mood,Humeur dysphorique	,ánimo disfórico,,,,,,,Diagnosis,N/A,,,,,,,,,,,,2081
141615AAAAAAAAAAAAAAAAAAAAAAAAAAAAAA,,Dyspareunia,Dyspareunie,dispareunia,,,,Painful sexual intercourse.,,,Diagnosis,N/A,,,,,,,,,,,,2082
141631AAAAAAAAAAAAAAAAAAAAAAAAAAAAAA,,Dysfunctional uterine bleeding,Saignements utérins dysfonctionnel,sangrado uterino disfuncional,,,,,,,Diagnosis,N/A,,,,,,,,,,,,2083
141635AAAAAAAAAAAAAAAAAAAAAAAAAAAAAA,,Dysaesthesia,Dysesthesie,disestesia,,,,"Subjective cutaneous sensations (e.g., cold, warmth, tingling, pressure, etc.) that are experienced spontaneously in the absence of stimulation.",,,Diagnosis,N/A,,,,,,,,,,,,2084
141645AAAAAAAAAAAAAAAAAAAAAAAAAAAAAA,,Dysarthria,Dysarthrie,disartria,,,,"Disorders of speech articulation caused by imperfect coordination of pharnyx, larnyx, tongue, or face muscles. This may result from CRANIAL NERVE DISEASES; NEUROMUSCULAR DISEASES; CEREBELLAR DISEASES; BASAL GANGLIA DISEASES; BRAIN STEM diseases; or diseases of the corticobulbar tracts (see PYRAMIDAL TRACTS). The cortical language centers are intact in this condition. (From Adams et al., Principles of Neurology, 6th ed, p489)",,,Diagnosis,N/A,,,,,,,,,,,,2085
141664AAAAAAAAAAAAAAAAAAAAAAAAAAAAAA,,Duodenitis,Duodénite,duodenitis,,,,Inflammation of the duodenum (first part of small intestine).,,,Diagnosis,N/A,,,,,,,,,,,,2086
141732AAAAAAAAAAAAAAAAAAAAAAAAAAAAAA,,Drug-induced depressive state,Trouble depressif induit par une medicament,estado depresivo medicamentoso,,,,,,,Diagnosis,N/A,,,,,,,,,,,,2087
141748AAAAAAAAAAAAAAAAAAAAAAAAAAAAAA,,Drug interaction (properly prescribed and administered),,interacción farmacológica,,,,"The action of one drug on the metabolism, effectiveness or toxicity of another. (Dorland, 27th ed)",,,Diagnosis,N/A,,,,,,,,,,,,2088
141760AAAAAAAAAAAAAAAAAAAAAAAAAAAAAA,Yes,Drug allergy,Allergie aux médicaments,alergia medicamentosa,,,,Immunologically mediated adverse reactions to medicinal substances used legally or illegally.,,,Diagnosis,N/A,,,,,,,,,,,,2089
141762AAAAAAAAAAAAAAAAAAAAAAAAAAAAAA,,Drowsy,Somnolence,somnolencia,,,,"Periods of sleep manifested by changes in EEG activity and certain behavioral correlates; includes Stage 1: sleep onset, drowsy sleep; Stage 2: light sleep; Stages 3 and 4: delta sleep, light sleep, deep sleep, telencephalic sleep.",,,Diagnosis,N/A,,,,,,,,,,,,2090
141768AAAAAAAAAAAAAAAAAAAAAAAAAAAAAA,,Drowning,Noyade,ahogamiento,,,,"Death that occurs as a result of anoxia or heart arrest, associated with immersion in liquid.",,,Diagnosis,Boolean,,,,,,,,,,,,2091
141774AAAAAAAAAAAAAAAAAAAAAAAAAAAAAA,,Dribbling of urine,Écoulement d'urine,goteo,,,,,,,Diagnosis,N/A,,,,,,,,,,,,2092
141788AAAAAAAAAAAAAAAAAAAAAAAAAAAAAA,,Double outlet right ventricle,Ventricule droit à double issue,dextrotransposición de la aorta,,,,"Incomplete transposition of the great vessels in which both the aorta and the pulmonary artery arise from the right ventricle, often associated with a subaortic ventricular septal defect.",,,Diagnosis,N/A,,,,,,,,,,,,2093
141829AAAAAAAAAAAAAAAAAAAAAAAAAAAAAA,,Dizziness on standing up,Vertiges en se levant,mareo al ponerse de pie,,,,"An imprecise term which may refer to a sense of spatial disorientation, motion of the environment, or lightheadedness.",,,Diagnosis,N/A,,,,,,,,,,,,2094
141830AAAAAAAAAAAAAAAAAAAAAAAAAAAAAA,,Dizziness and giddiness,Vertiges et étourdissements,vértigo y mareos,,,,"An imprecise term which may refer to a sense of spatial disorientation, motion of the environment, or lightheadedness.",,,Diagnosis,N/A,,,,,,,,,,,,2095
141831AAAAAAAAAAAAAAAAAAAAAAAAAAAAAA,,Dizziness,Vertiges,mareo,,,,,,,Diagnosis,N/A,,,,,,,,,,,,2096
141859AAAAAAAAAAAAAAAAAAAAAAAAAAAAAA,,Disturbance of tooth formation,Troubles de la formation des dents,alteración de la formación del diente,,,,,,,Diagnosis,N/A,,,,,,,,,,,,2097
141933AAAAAAAAAAAAAAAAAAAAAAAAAAAAAA,,Disorientated,Désorientation,desorientado,,,,"A mental state characterized by bewilderment, emotional disturbance, lack of clear thinking, and perceptual disorientation.",,,Diagnosis,N/A,,,,,,,,,,,,2098
141968AAAAAAAAAAAAAAAAAAAAAAAAAAAAAA,,Disorder of upper digestive tract,Trouble digestif haut,trastorno del tubo digestivo superior,,,,,,,Diagnosis,N/A,,,,,,,,,,,,2099
141989AAAAAAAAAAAAAAAAAAAAAAAAAAAAAA,,Disorder of stomach,Affection de l'estomac,trastorno del estómago,,,,,,,Diagnosis,N/A,,,,,,,,,,,,2100
141AAAAAAAAAAAAAAAAAAAAAAAAAAAAAAAAA,,Typhoid fever,Fievre typhoïde,fiebre tifoidea,,,,"An acute, highly infectious disease caused by a bacillus (Salmonella typhi) transmitted chiefly by contaminated food or water and characterized by high fever, headache, coughing, intestinal hemorrhaging, and rose-colored spots on the skin.",,,Diagnosis,N/A,,,,,,,,,,,,2101
142057AAAAAAAAAAAAAAAAAAAAAAAAAAAAAA,,Disease of lip,Maladies des lèvres,trastorno de labio,,,,,,,Diagnosis,N/A,,,,,,,,,,,,2102
142060AAAAAAAAAAAAAAAAAAAAAAAAAAAAAA,,Disorder of language,Trouble du langage,trastorno del lenguaje,,,,,,,Diagnosis,N/A,,,,,,,,,,,,2103
142089AAAAAAAAAAAAAAAAAAAAAAAAAAAAAA,Yes,Disorder of endocrine system,Trouble du système endocrinien,trastorno del sistema endocrino,,,,,,,Diagnosis,N/A,,,,,,,,,,,,2104
142096AAAAAAAAAAAAAAAAAAAAAAAAAAAAAA,,Disorder of duodenum,Affection du duodenum,trastorno del duodeno,,,,,,,Diagnosis,N/A,,,,,,,,,,,,2105
142141AAAAAAAAAAAAAAAAAAAAAAAAAAAAAA,,Dislocation of wrist,Luxation du poignet,luxación traumática de la muñeca,,,,,,,Diagnosis,N/A,,,,,,,,,,,,2106
142142AAAAAAAAAAAAAAAAAAAAAAAAAAAAAA,,Dislocation of tooth,Luxation dentaire,luxación de diente,,,,"Partial or complete displacement of a tooth from its alveolar support. It is commonly the result of trauma. (From Boucher's Clinical Dental Terminology, 4th ed, p312)",,,Diagnosis,N/A,,,,,,,,,,,,2107
142153AAAAAAAAAAAAAAAAAAAAAAAAAAAAAA,,Dislocation of knee,Luxation du genou,luxación de la rodilla,,,,Injuries to the knee or the knee joint.,,,Diagnosis,N/A,,,,,,,,,,,,2108
142158AAAAAAAAAAAAAAAAAAAAAAAAAAAAAA,,Dislocation of jaw,Luxation de la mâchoire,luxación de articulación temporomandibular,,,,,,,Diagnosis,N/A,,,,,,,,,,,,2109
142162AAAAAAAAAAAAAAAAAAAAAAAAAAAAAA,,Dislocation of finger,Luxation du doigt,luxación traumática de dedo de la mano,,,,General or unspecified injuries involving the fingers.,,,Diagnosis,N/A,,,,,,,,,,,,2110
142165AAAAAAAAAAAAAAAAAAAAAAAAAAAAAA,,Dislocation of ankle,Luxation de la cheville,luxación traumática del tobillo,,,,Harm or hurt to the ankle or ankle joint usually inflicted by an external source.,,,Diagnosis,N/A,,,,,,,,,,,,2111
142166AAAAAAAAAAAAAAAAAAAAAAAAAAAAAA,,Dislocation of acromioclavicular joint,Luxation de l'articulation acromio-claviculaire,luxación de articulación acromioclavicular,,,,,,,Diagnosis,N/A,,,,,,,,,,,,2112
142177AAAAAAAAAAAAAAAAAAAAAAAAAAAAAA,,Disease suspected,Suspicion d'une pathologie,enfermedad sospechada,,,,,,,Diagnosis,Boolean,,,,,,,,,,,,2113
142240AAAAAAAAAAAAAAAAAAAAAAAAAAAAAA,,Discoid lupus erythematosus,Lupus discoïde érythémateux,lupus eritematoso discoide,,,,"A chronic form of cutaneous lupus erythematosus (LUPUS ERYTHEMATOSUS, CUTANEOUS) in which the skin lesions mimic those of the systemic form but in which systemic signs are rare. It is characterized by the presence of discoid skin plaques showing varying degrees of edema, erythema, scaliness, follicular plugging, and skin atrophy. Lesions are surrounded by an elevated erythematous border. The condition typically involves the face and scalp, but widespread dissemination may occur.",,,Diagnosis,N/A,,,,,,,,,,,,2114
142247AAAAAAAAAAAAAAAAAAAAAAAAAAAAAA,,Discharge from penis,Écoulement provenant du pénis,descarga peniana,,,,"Inflammation of the urethra. (Dorland, 27th ed)",,,Diagnosis,N/A,,,,,,,,,,,,2115
142263AAAAAAAAAAAAAAAAAAAAAAAAAAAAAA,,Diplopia,Diplopie,diplopía,,,,A visual symptom in which a single object is perceived by the visual cortex as two objects rather than one. Disorders associated with this condition include REFRACTIVE ERRORS; STRABISMUS; OCULOMOTOR NERVE DISEASES; TROCHLEAR NERVE DISEASES; ABDUCENS NERVE DISEASES; and diseases of the BRAIN STEM and OCCIPITAL LOBE.,,,Diagnosis,N/A,,,,,,,,,,,,2116
142372AAAAAAAAAAAAAAAAAAAAAAAAAAAAAA,,Difficulty in urination,Difficulté à uriner,dificultad en la micción,,,,"Inability to urinate. The etiology of this disorder includes obstructive, neurogenic, pharmacologic, and psychogenic causes.",,,Diagnosis,N/A,,,,,,,,,,,,2117
142407AAAAAAAAAAAAAAAAAAAAAAAAAAAAAA,,Diarrhoea of presumed infectious origin,Diarrhée d'origine infectieuse présumée,diarrea de origen presuntamente infeccioso,,,,Passage of excessively liquid or excessively frequent stools.,,,Diagnosis,N/A,,,,,,,,,,,,2118
142412AAAAAAAAAAAAAAAAAAAAAAAAAAAAAA,,Diarrhoea,Diarrhée,diarrea,,,,Passage of excessively liquid or excessively frequent stools.,,,Diagnosis,Coded,,,,,,,,,,,,2119
142420AAAAAAAAAAAAAAAAAAAAAAAAAAAAAA,,Diaphragmatic hernia,Hernie diaphragmatique,hernia diafragmática,,,,"Protrusion of some part of the abdominal or retroperitoneal structures through the diaphragm into the thorax. (Dorland, 27th ed)",,,Diagnosis,N/A,,,,,,,,,,,,2120
142429AAAAAAAAAAAAAAAAAAAAAAAAAAAAAA,,Diabetic retinopathy,Rétinopathie diabétique,retinopatía diabética,,,,"Retinopathy associated with diabetes mellitus, which may be of the background type, progressively characterized by microaneurysms, interretinal punctuate macular edema, or of the proliferative type, characterized by neovascularization of the retina and optic disk, which may project into the vitreous, proliferation of fibrous tissue, vitreous hemorrhage, and retinal detachment.",,,Diagnosis,N/A,,,,,,,,,,,,2121
142451AAAAAAAAAAAAAAAAAAAAAAAAAAAAAA,,Diabetic foot ulcer,Ulcère du pied diabétique,úlcera pédica diabética,,,,"Ulcers of the foot as a complication of diabetes. Diabetic foot, often with infection, is a common serious complication of diabetes and may require hospitalization and disfiguring surgery. The foot ulcers are probably secondary to neuropathies and vascular problems.",,,Diagnosis,N/A,,,,,,,,,,,,2122
142473AAAAAAAAAAAAAAAAAAAAAAAAAAAAAA,,"Diabetes mellitus, type 2",Diabète sucré non insulino-dépendant (Type 2),diabetes mellitus no dependiente de insulina,,,,A heterogeneous group of disorders that share glucose intolerance in common.,,,Diagnosis,N/A,,,,,,,,,,,,2123
142474AAAAAAAAAAAAAAAAAAAAAAAAAAAAAA,,"Diabetes mellitus, type 1",Type 1 ou insuline-dépéndènt,diabetes mellitus dependiente de insulina,,,,"Diabetes mellitus characterized by insulin deficiency, sudden onset, severe hyperglycemia, rapid progression to ketoacidosis, and death unless treated with insulin. The disease may occur at any age, but is most common in childhood or adolescence.",,,Diagnosis,N/A,,,,,,,,,,,,2124
142486AAAAAAAAAAAAAAAAAAAAAAAAAAAAAA,,Diabetes insipidus,Diabète insipide,diabetes insípida,,,,,,,Diagnosis,N/A,,,,,,,,,,,,2125
142505AAAAAAAAAAAAAAAAAAAAAAAAAAAAAA,,Developmental arithmetic disorder,"Trouble specifique des apprentissages, avec deficit du calcul",trastorno del desarrollo del cálculo,,,,"A cognitive disorder marked by an impaired ability to comprehend or express language in its written or spoken form. This condition is caused by diseases which affect the language areas of the dominant hemisphere. Clinical features are used to classify the various subtypes of this condition. General categories include receptive, expressive, and mixed forms of aphasia.",,,Diagnosis,N/A,,,,,,,,,,,,2126
142508AAAAAAAAAAAAAAAAAAAAAAAAAAAAAA,,Developmental abnormality of tooth size and form,Anomalie développmentale de volume et forme des dents,alteración de desarrollo del tamaño de diente y forma,,,,,,,Diagnosis,N/A,,,,,,,,,,,,2127
142513AAAAAAAAAAAAAAAAAAAAAAAAAAAAAA,,Destructive behavior,Comportement destructeur,conducta destructiva,,,,"A repetitive and persistent pattern of behavior in which the basic rights of others or major age-appropriate societal norms or rules are violated. These behaviors include aggressive conduct that causes or threatens physical harm to other people or animals, nonagressive conduct that causes property loss or damage, deceitfulness or theft, and serious violations of rules. The onset is before age 18. (From DSM-IV, 1994)",,,Diagnosis,N/A,,,,,,,,,,,,2128
142514AAAAAAAAAAAAAAAAAAAAAAAAAAAAAA,,Indigent,Pauvreté extrême,indigente,,,,"A situation in which the level of living of an individual, family, or group is below the standard of the community. It is often related to a specific income level.",,,Diagnosis,N/A,,,,,,,,,,,,2129
142536AAAAAAAAAAAAAAAAAAAAAAAAAAAAAA,,Dermatographic urticaria,Dermographisme,urticaria dermatográfica,,,,,,,Diagnosis,N/A,,,,,,,,,,,,2130
142541AAAAAAAAAAAAAAAAAAAAAAAAAAAAAA,,Dermatitis factitia,Dermatose factice,dermatitis facticia,,,,,,,Diagnosis,N/A,,,,,,,,,,,,2131
142563AAAAAAAAAAAAAAAAAAAAAAAAAAAAAA,,Depressive disorder,Trouble dépressif,depresión,,,,An affective disorder manifested by either a dysphoric mood or loss of interest or pleasure in usual activities. The mood disturbance is prominent and relatively persistent.,,,Diagnosis,N/A,,,,,,,,,,,,2132
142567AAAAAAAAAAAAAAAAAAAAAAAAAAAAAA,,Depersonalization disorder,Trouble de dépersonnalisation,trastorno de despersonalización,,,,"State in which an individual perceives or experiences a sensation of unreality concerning the self or the environment; it is seen in disorders such as schizophrenia, affection disorders, organic mental disorders, and personality disorders. (APA, Thesaurus of Psychological Index Terms, 8th ed.)",,,Diagnosis,N/A,,,,,,,,,,,,2133
142569AAAAAAAAAAAAAAAAAAAAAAAAAAAAAA,,Dependent personality disorder,Personnalité dépendante,trastorno de la personalidad por dependencia,,,,"A personality disorder characterized by a pervasive and excessive need to be taken care of that leads to submissive and clinging behavior and fears of separation, beginning by early adulthood and present in a variety of contexts. (From DSM-IV, 1994)",,,Diagnosis,N/A,,,,,,,,,,,,2134
142575AAAAAAAAAAAAAAAAAAAAAAAAAAAAAA,,Dentinogenesis imperfecta,Dentinogenesis Imperfecta,dentinogénesis imperfecta,,,,"An autosomal dominant disorder of tooth development characterized by opalescent dentin resulting in discoloration of the teeth, ranging from dusky blue to brownish. The dentin is poorly formed with an abnormally low mineral content; the pulp canal is obliterated, but the enamel is normal. The teeth usually wear down rapidly, leaving short, brown stumps. (Dorland, 27th ed)",,,Diagnosis,N/A,,,,,,,,,,,,2135
142584AAAAAAAAAAAAAAAAAAAAAAAAAAAAAA,,Dental fluorosis,Fluorose,fluorosis dental,,,,"A chronic endemic form of hypoplasia of the dental enamel caused by drinking water with a high fluorine content during the time of tooth formation, and characterized by defective calcification that gives a white chalky appearance to the enamel, which gradually undergoes brown discoloration. (Jablonski's Dictionary of Dentistry, 1992, p286)",,,Diagnosis,N/A,,,,,,,,,,,,2136
142591AAAAAAAAAAAAAAAAAAAAAAAAAAAAAA,,Dengue haemorrhagic fever,Fièvre hemorragique due au virus de la dengue,fiebre hemorrágica dengue,,,,"A distinct and virulent form of DENGUE characterized by thrombocytopenia and hemoconcentration (grades I and II) and distinguished by a positive tourniquet test. When accompanied by circulatory failure and shock (grades III and IV), it is called dengue shock syndrome. (From Dorland, 28th ed)",,,Diagnosis,N/A,,,,,,,,,,,,2137
142592AAAAAAAAAAAAAAAAAAAAAAAAAAAAAA,,Dengue,Dengue,Dengue,,,dengue,,,Infeccion aguda febril,Diagnosis,N/A,,,,,,,,,,,,2138
142600AAAAAAAAAAAAAAAAAAAAAAAAAAAAAA,,Delusions,Idées délirantes,delirio (duplicate),,,,"A false belief regarding the self or persons or objects outside the self that persists despite the facts, and is not considered tenable by one's associates.",,,Diagnosis,N/A,,,,,,,,,,,,2139
142630AAAAAAAAAAAAAAAAAAAAAAAAAAAAAA,,Dehydration,Déshydratation,deshidratación,,,,,,,Diagnosis,N/A,,,,,,,,,,,,2140
142660AAAAAAAAAAAAAAAAAAAAAAAAAAAAAA,,Degeneration of lumbosacral intervertebral disc,Dégénération du disque intervertébral lumbosacral,degeneración de disco intervertebral lumbosacro,,,,,,,Diagnosis,N/A,,,,,,,,,,,,2141
142661AAAAAAAAAAAAAAAAAAAAAAAAAAAAAA,,Degeneration of lumbar intervertebral disc,Dégénération du disque intervertébral lombaire,degeneración de disco intervertebral lumbar,,,,,,,Diagnosis,N/A,,,,,,,,,,,,2142
142917AAAAAAAAAAAAAAAAAAAAAAAAAAAAAA,,Death of unknown cause,"Décès, cause inconnue",muerte de causa desconocida,,,,,,,Diagnosis,N/A,,,,,,,,,,,,2143
142943AAAAAAAAAAAAAAAAAAAAAAAAAAAAAA,,Dander (animal) allergy,Allergie aux squames d'animaux,alergia a la caspa de animales,,,,,,,Diagnosis,N/A,,,,,,,,,,,,2144
142963AAAAAAAAAAAAAAAAAAAAAAAAAAAAAA,,Cytomegalovirus infection,Infection au cytomegalovirus,infección por citomegalovirus,,,,"Infection with CYTOMEGALOVIRUS, characterized by enlarged cells bearing intranuclear inclusions. Infection may be in almost any organ, but the salivary glands are the most common site in children, as are the lungs in adults.",,,Diagnosis,N/A,,,,,,,,,,,,2145
142965AAAAAAAAAAAAAAAAAAAAAAAAAAAAAA,,Cytomegaloviral retinitis,Rétinite à cytomégalovirus,retinitis citomegaloviral,,,,"Infection with CYTOMEGALOVIRUS, characterized by enlarged cells bearing intranuclear inclusions. Infection may be in almost any organ, but the salivary glands are the most common site in children, as are the lungs in adults.",,,Diagnosis,N/A,,,,,,,,,,,,2146
142974AAAAAAAAAAAAAAAAAAAAAAAAAAAAAA,,Cystocele,Cystocèle,cistocele,,,,,,,Diagnosis,N/A,,,,,,,,,,,,2147
143009AAAAAAAAAAAAAAAAAAAAAAAAAAAAAA,,Cyst of pancreas,Kyste du pancréas,quiste del páncreas,,,,"A true cyst of the pancreas to be distinguished from the much more common PANCREATIC PSEUDOCYST by possessing a mucous epithelial lining. Pancreatic cysts are categorized as congenital, retention, neoplastic, parasitic, enterogenous, or dermoid. Congenital cysts occur more frequently as solitary cysts but may be multiple. Retention cysts are gross enlargements of pancreatic ducts secondary to ductal obstruction. (From Bockus Gastroenterology, 4th ed, p4145)",,,Diagnosis,N/A,,,,,,,,,,,,2148
143033AAAAAAAAAAAAAAAAAAAAAAAAAAAAAA,,Pilonidal cyst,Sinus pilonidal,quiste pilonidal,,,,"A hair-containing cyst or sinus, occurring chiefly in the coccygeal region.",,,Diagnosis,N/A,,,,,,,,,,,,2149
143050AAAAAAAAAAAAAAAAAAAAAAAAAAAAAA,,Cyanosis,Cyanose,cianosis,,,,,,,Diagnosis,N/A,,,,,,,,,,,,2150
143073AAAAAAAAAAAAAAAAAAAAAAAAAAAAAA,,Cutaneous lupus erythematosus,Lupus érythémateux cutané,lupus eritematoso cutáneo,,,,"A form of lupus erythematosus in which the skin may be the only organ involved or in which skin involvement precedes the spread into other body systems. It has been classified into three forms - acute (= LUPUS ERYTHEMATOSUS, SYSTEMIC with skin lesions), subacute, and chronic (= LUPUS ERYTHEMATOSUS, DISCOID).",,,Diagnosis,N/A,,,,,,,,,,,,2151
143074AAAAAAAAAAAAAAAAAAAAAAAAAAAAAA,,Cutaneous leishmaniasis,Leishmaniose cutanée,leishmaniasis cutáneo,,,,"An endemic disease that is characterized by the development of single or multiple localized lesions on exposed areas of skin that typically ulcerate. The disease has been divided into Old and New World forms. Old World leishmaniasis is separated into three distinct types according to epidemiology and clinical manifestations and is caused by species of the L. tropica and L. aethiopica complexes as well as by species of the L. major genus. New World leishmaniasis, also called American leishmaniasis, occurs in South and Central America and is caused by species of the L. mexicana or L. braziliensis complexes.",,,Diagnosis,N/A,,,,,,,,,,,,2152
143098AAAAAAAAAAAAAAAAAAAAAAAAAAAAAA,,Current drinker,Consommation d'alcool,bebedor de alcohol,,,,,,,Diagnosis,N/A,,,,,,,,,,,,2153
143129AAAAAAAAAAAAAAAAAAAAAAAAAAAAAA,,Crying infant,Bébé qui pleure,lactante que llora,,,,,,,Diagnosis,N/A,,,,,,,,,,,,2154
143133AAAAAAAAAAAAAAAAAAAAAAAAAAAAAA,,Crushing injury of wrist,Ecrasement du poignet et de la main,lesión traumática por aplastamiento de la muñeca,,,,,,,Diagnosis,N/A,,,,,,,,,,,,2155
143136AAAAAAAAAAAAAAAAAAAAAAAAAAAAAA,,Crushing injury of toe,Ecrasement d'un (des) orteil(s),lesión traumática por aplastamiento de dedo de pie,,,,,,,Diagnosis,N/A,,,,,,,,,,,,2156
143137AAAAAAAAAAAAAAAAAAAAAAAAAAAAAA,,Crushing injury of thigh,Ecrasement de la cuisse,lesión traumática por aplastamiento del muslo,,,,,,,Diagnosis,N/A,,,,,,,,,,,,2157
143140AAAAAAAAAAAAAAAAAAAAAAAAAAAAAA,,Crushing injury of shoulder region,Ecrasement de l'épaule,lesión traumática por aplastamiento de la región del hombro,,,,,,,Diagnosis,N/A,,,,,,,,,,,,2158
143145AAAAAAAAAAAAAAAAAAAAAAAAAAAAAA,,Crushing injury of neck,Ecrasement du cou,lesión traumática por aplastamiento del cuello,,,,,,,Diagnosis,N/A,,,,,,,,,,,,2159
143151AAAAAAAAAAAAAAAAAAAAAAAAAAAAAA,,Crushing injury of lower leg,Ecrasement de la jambe,lesión traumática por aplastamiento de la pierna,,,,,,,Diagnosis,N/A,,,,,,,,,,,,2160
143153AAAAAAAAAAAAAAAAAAAAAAAAAAAAAA,,Crushing injury of knee,Ecrasement du genou,lesión traumática por aplastamiento de la rodilla,,,,,,,Diagnosis,N/A,,,,,,,,,,,,2161
143155AAAAAAAAAAAAAAAAAAAAAAAAAAAAAA,,Crushing injury of hip,Ecrasement de la hanche,lesión traumática por aplastamiento de la cadera,,,,,,,Diagnosis,N/A,,,,,,,,,,,,2162
143158AAAAAAAAAAAAAAAAAAAAAAAAAAAAAA,,Crushing injury of forearm,Ecrasement de l'avant-bras,lesión traumática por aplastamiento del antebrazo,,,,,,,Diagnosis,N/A,,,,,,,,,,,,2163
143160AAAAAAAAAAAAAAAAAAAAAAAAAAAAAA,,Crushing injury of finger,Ecrasement du pouce et d'autre(s) doigt(s),lesión traumática por aplastamiento de dedo de la mano,,,,,,,Diagnosis,N/A,,,,,,,,,,,,2164
143170AAAAAAAAAAAAAAAAAAAAAAAAAAAAAA,,Crushing injury of ankle,Ecrasement de la cheville,lesión traumática por aplastamiento del tobillo,,,,,,,Diagnosis,N/A,,,,,,,,,,,,2165
143187AAAAAAAAAAAAAAAAAAAAAAAAAAAAAA,,Crush injury wrist/hand,Ecrasement de parties autres et non précisées du poignet et de la main,"lesión abierta por aplastamiento, muñeca o mano",,,,,,,Diagnosis,N/A,,,,,,,,,,,,2166
143217AAAAAAAAAAAAAAAAAAAAAAAAAAAAAA,,CREST syndrome,Syndrome de CREST,síndrome CREST,,,,"A chronic, progressive dermatosis characterized by boardlike hardening and immobility of the affected skin, with visceral involvement, especially of lungs, esophagus, kidneys and heart. It may be accompanied by calcinosis, Raynaud's phenomenon, and telangiectasis (CREST syndrome). It includes acrosclerosis and sclerodactyly.",,,Diagnosis,N/A,,,,,,,,,,,,2167
143264AAAAAAAAAAAAAAAAAAAAAAAAAAAAAA,,Cough,Toux,tos,,,,,,,Diagnosis,Coded,,,,,,,,,,,,2168
143317AAAAAAAAAAAAAAAAAAAAAAAAAAAAAA,,Corpus luteum cyst,Kyste du corps jaune,quiste del cuerpo lúteo,,,,General term for cysts and cystic diseases of the ovary.,,,Diagnosis,N/A,,,,,,,,,,,,2169
143336AAAAAAAAAAAAAAAAAAAAAAAAAAAAAA,,Corns and callus,Cors et callosités,callos y callosidades,,,,,,,Diagnosis,N/A,,,,,,,,,,,,2170
143378AAAAAAAAAAAAAAAAAAAAAAAAAAAAAA,,Cord around neck with compression,"Circulaire du cordon, avec compression","circular de cordón umbilical alrededor del cuello, con compresión",,,,,,,Diagnosis,N/A,,,,,,,,,,,,2171
143388AAAAAAAAAAAAAAAAAAAAAAAAAAAAAA,,Convulsions in the newborn,Convulsions du nouveau-né,convulsiones en el recién nacido,,,,,,,Diagnosis,N/A,,,,,,,,,,,,2172
143476AAAAAAAAAAAAAAAAAAAAAAAAAAAAAA,,Contrast media allergy,Allergie aux produits de contraste,alergia a medio de contraste,,,,,,,Diagnosis,N/A,,,,,,,,,,,,2173
143582AAAAAAAAAAAAAAAAAAAAAAAAAAAAAA,,Constantly crying,Pleurer constamment,llora constantemente,,,,,,,Diagnosis,N/A,,,,,,,,,,,,2174
143624AAAAAAAAAAAAAAAAAAAAAAAAAAAAAA,,Congestive cardiomyopathy,Myocardiopathie avec dilatation,miocardiopatía congénita,,,,"A syndrome characterized by cardiac enlargement and congestive heart failure. It probably represents the end result of many forms of myocardial damage produced by a variety of toxic, metabolic, or infectious agents.",,,Diagnosis,N/A,,,,,,,,,,,,2175
143702AAAAAAAAAAAAAAAAAAAAAAAAAAAAAA,,Congenital stenosis of small intestine,Sténose congénitale de l'intestin grêle,estenosis congénita del intestino delgado,,,,,,,Diagnosis,N/A,,,,,,,,,,,,2176
143749AAAAAAAAAAAAAAAAAAAAAAAAAAAAAA,,Congenital pyloric stenosis,Sténose hypertrophique congénitale du pylore,estenosis pilórica congénita,,,,,,,Diagnosis,N/A,,,,,,,,,,,,2177
143772AAAAAAAAAAAAAAAAAAAAAAAAAAAAAA,,Congenital pneumonia,Pneumopathie congénitale,neumonía congénita,,,,,,,Diagnosis,N/A,,,,,,,,,,,,2178
143780AAAAAAAAAAAAAAAAAAAAAAAAAAAAAA,,Congenital pes cavus,Pied creux,pie cavo congénito,,,,Alterations or deviations from normal shape or size which result in a disfigurement of the foot.,,,Diagnosis,N/A,,,,,,,,,,,,2179
143849AAAAAAAAAAAAAAAAAAAAAAAAAAAAAA,,Congenital malformation,Malformations congénitales,malformación congénita,,,,Congenital malformations of organs or parts.,,,Diagnosis,Coded,,,,,,,,,,,,2180
143850AAAAAAAAAAAAAAAAAAAAAAAAAAAAAA,,Congenital malaria,Paludisme congénital,malaria congénita,,,,"DEF: P. falciparum malaria in new born transmitted directly from the mother. DESC: Placental involvement by the malarial parasite may lead to spontaneous abortion, stillbirth, or, rarely, congenital infection. REF: Merck",Paludisme congenital,,Diagnosis,N/A,,,,,,,,,,,,2181
144025AAAAAAAAAAAAAAAAAAAAAAAAAAAAAA,,Multiple congenital anomalies,Malformations congénitales multiples,malformaciones congénitas múltiples,,,,,,,Diagnosis,N/A,,,,,,,,,,,,2182
144053AAAAAAAAAAAAAAAAAAAAAAAAAAAAAA,,Congenital deafness,Surdité congénitale,sordera congénita,,,,A general term for the complete or partial loss of the ability to hear from one or both ears. Deafness may result from EAR DISEASES; VESTIBULOCOCHLEAR NERVE DISEASES; or BRAIN DISEASES.,,,Diagnosis,N/A,,,,,,,,,,,,2183
144111AAAAAAAAAAAAAAAAAAAAAAAAAAAAAA,,Congenital blindness,Cécité congénitale,ceguera congénita,,,,,,,Diagnosis,N/A,,,,,,,,,,,,2184
144283AAAAAAAAAAAAAAAAAAAAAAAAAAAAAA,,"Congenital absence, atresia and stenosis of small intestine","Absence, atrésie et sténose congénitales de l'intestin grêle","ausencia congénita, atresia y estenosis de intestino delgado",,,,,,,Diagnosis,N/A,,,,,,,,,,,,2185
144284AAAAAAAAAAAAAAAAAAAAAAAAAAAAAA,,"Congenital absence, atresia and stenosis of large intestine","Absence, atrésie et sténose congénitales du côlon","ausencia congénita, atresia y estenosis del intestino grueso",,,,,,,Diagnosis,N/A,,,,,,,,,,,,2186
144394AAAAAAAAAAAAAAAAAAAAAAAAAAAAAA,,Condyloma latum,Condyloma lata,condiloma lato,,,,,,,Diagnosis,N/A,,,,,,,,,,,,2187
144397AAAAAAAAAAAAAAAAAAAAAAAAAAAAAA,,"Conduct disorder, undifferentiated type","Trouble des conduites, type indifférencié","trastorno de conducta, tipo indiferenciado",,,,,,,Diagnosis,N/A,,,,,,,,,,,,2188
144422AAAAAAAAAAAAAAAAAAAAAAAAAAAAAA,,Compulsive gambling,Jeu compulsif,juego compulsivo,,,,"An activity distinguished primarily by an element of risk in trying to obtain a desired goal, e.g., playing a game of chance for money.",,,Diagnosis,N/A,,,,,,,,,,,,2189
144464AAAAAAAAAAAAAAAAAAAAAAAAAAAAAA,,Complication of anesthesia,Complication anesthésique,reacción adversa a agente anestésico,,,,,,,Diagnosis,N/A,,,,,,,,,,,,2190
144481AAAAAAAAAAAAAAAAAAAAAAAAAAAAAA,,Complete trisomy 21 syndrome,Syndrome de Down,síndrome de trisomía 21 completa,,,,"A chromosome disorder associated either with an extra chromosome 21 or an effective trisomy for chromosome 21. Clinical manifestations include hypotonia, short stature, brachycephaly, upslanting palpebral fissures, epicanthus, Brushfield spots on the iris, protruding tongue, small ears, short, broad hands, fifth finger clinodactyly, Simian crease, and moderate to severe MENTAL RETARDATION. Cardiac and gastrointestinal malformations, a marked increase in the incidence of LEUKEMIA, and the early onset of ALZHEIMER DISEASE are also associated with this condition. Pathologic features include the development of NEUROFIBRILLARY TANGLES in neurons and the deposition of AMYLOID BETA-PROTEIN, similar to the pathology of ALZHEIMER DISEASE. (Menkes, Textbook of Child Neurology, 5th ed, p213)",,,Diagnosis,N/A,,,,,,,,,,,,2191
144542AAAAAAAAAAAAAAAAAAAAAAAAAAAAAA,,Communication disorder,Trouble de communication,trastorno de la comunicación,,,,"Disorders of verbal and nonverbal communication caused by receptive or expressive LANGUAGE DISORDERS, cognitive dysfunction (e.g., MENTAL RETARDATION), psychiatric conditions, and HEARING DISORDERS.",,,Diagnosis,N/A,,,,,,,,,,,,2192
144576AAAAAAAAAAAAAAAAAAAAAAAAAAAAAA,,Coma,Coma,Coma,,,,"A profound state of unconsciousness associated with depressed cerebral activity from which the individual cannot be aroused. Coma generally occurs when there is dysfunction or injury involving both cerebral hemispheres or the brain stem RETICULAR FORMATION. Causes of coma include ANOXIA, BRAIN; CRANIOCEREBRAL TRAUMA; CEREBROVASCULAR ACCIDENT; METABOLIC DISEASES; CENTRAL NERVOUS SYSTEM INFECTIONS; NEUROTOXICITY; HYPOTHERMIA; INTRACRANIAL HYPERTENSION; and other conditions. (From Adams et al., Principles of Neurology, 6th ed, pp346-60)",,,Diagnosis,Coded,,,,,,,,,,,,2193
144578AAAAAAAAAAAAAAAAAAAAAAAAAAAAAA,,Colostomy and enterostomy malfunction,Mauvais résultats fonctionnels d'une colostomie et d'une entérostomie,disfunción de una colostomía y enterostomía,,,,,,,Diagnosis,N/A,,,,,,,,,,,,2194
144651AAAAAAAAAAAAAAAAAAAAAAAAAAAAAA,,Cocaine-induced organic mental disorder,Trouble mental de la cocaïne,trastornos mentales orgánicos inducidos por cocaína,,,,Disorders related or resulting from use of cocaine.,,,Diagnosis,N/A,,,,,,,,,,,,2195
144661AAAAAAAAAAAAAAAAAAAAAAAAAAAAAA,,Cocaine abuse,Abus de cocaine,abuso de cocaína,,,,Disorders related or resulting from use of cocaine.,,,Diagnosis,N/A,,,,,,,,,,,,2196
144762AAAAAAAAAAAAAAAAAAAAAAAAAAAAAA,,Closed fracture of upper limb,Fracture du membre supérieur (fermée),fractura cerrada de la extremidad superior,,,,,,,Diagnosis,N/A,,,,,,,,,,,,2197
144864AAAAAAAAAAAAAAAAAAAAAAAAAAAAAA,,Fracture neck of femur,Fracture du col du fémur,fractura del cuello femoral,,,,"Fractures of the short, constricted portion of the thigh bone between the femur head and the trochanters. It excludes intertrochanteric fractures which are HIP FRACTURES.",,,Diagnosis,N/A,,,,,,,,,,,,2198
144888AAAAAAAAAAAAAAAAAAAAAAAAAAAAAA,,Closed fracture of lower leg,Fracture (fermée) du membre inférieur,fractura no expuesta de pierna,,,,,,,Diagnosis,N/A,,,,,,,,,,,,2199
144902AAAAAAAAAAAAAAAAAAAAAAAAAAAAAA,,Closed fracture of humerus,"Fracture du haut bras, fermée",fractura cerrada del húmero,,,,,,,Diagnosis,N/A,,,,,,,,,,,,2200
144915AAAAAAAAAAAAAAAAAAAAAAAAAAAAAA,,"Fracture of lower arm, closed","Fracture de l'avant-bras, fermée",fractura cerrada del antebrazo,,,,Fracture of one or both bones of the forearm.,,,Diagnosis,N/A,,,,,,,,,,,,2201
144924AAAAAAAAAAAAAAAAAAAAAAAAAAAAAA,,Closed fracture of femur,Fracture du femur (fermee),fractura cerrada del fémur,,,,Fractures of the femur.,,,Diagnosis,N/A,,,,,,,,,,,,2202
1449AAAAAAAAAAAAAAAAAAAAAAAAAAAAAAAA,,Gestational diabetes,Diabète gestationnel,Diabetes gestacional,,,,DEF: Includes gestational impaired glucose tolerance and gestational diabetes mellitus. DESC: Glucose tolerance changes during pregnancy; two hours after 75G glucose: venous glusose >= 7.8 mmol/L but < 11.1 mmol/L means Impaired Glucose Tolerance; venous glucose >= 11.1 means Diabetes Mellitus. REF: Oxford Clinical Medicine.,Diabète gestationnel,,Diagnosis,Boolean,,,,,,,,,,,,2203
145063AAAAAAAAAAAAAAAAAAAAAAAAAAAAAA,,Cleft palate,Fente palatine,fisura palatina,,,,"Congenital fissure of the soft and/or hard palate, due to faulty fusion.",,,Diagnosis,N/A,,,,,,,,,,,,2204
145066AAAAAAAAAAAAAAAAAAAAAAAAAAAAAA,,Cleft lip,Fente labiale,labio leporino,,,,Congenital defect in the upper lip where the maxillary prominence fails to merge with the merged medial nasal prominences. It is thought to be caused by faulty migration of the mesoderm in the head region.,,,Diagnosis,N/A,,,,,,,,,,,,2205
145091AAAAAAAAAAAAAAAAAAAAAAAAAAAAAA,,Cirrhosis of liver,Cirrhose du foie,cirrosis hepática,,,,"Liver disease in which the normal microcirculation, the gross vascular anatomy, and the hepatic architecture have been variably destroyed and altered with fibrous septa surrounding regenerated or regenerating parenchymal nodules.",,,Diagnosis,N/A,,,,,,,,,,,,2206
145092AAAAAAAAAAAAAAAAAAAAAAAAAAAAAA,,Cirrhosis and chronic liver disease,Cirrhose et insuffisance hépatique chronique,cirrosis y hepatopatía crónica,,,,,,,Diagnosis,N/A,,,,,,,,,,,,2207
145136AAAAAAAAAAAAAAAAAAAAAAAAAAAAAA,,Chronic urticaria,Urticaire chronique,urticaria crónica,,,,,,,Diagnosis,N/A,,,,,,,,,,,,2208
145162AAAAAAAAAAAAAAAAAAAAAAAAAAAAAA,,Chronic tonsillitis,Amygdalite chronique,amigdalitis crónica,,,,"Inflammation of the tonsils, especially the palatine tonsils. It is often caused by a bacterium. Tonsillitis may be acute, chronic, or recurrent.",,,Diagnosis,N/A,,,,,,,,,,,,2209
145223AAAAAAAAAAAAAAAAAAAAAAAAAAAAAA,,Chronic periodontitis,Périodontite chronique,periodontitis crónica,,,,"Inflammatory reaction of the tissues surrounding a tooth (periodontium), usually resulting from the extension of gingival inflammation (gingivitis) into the periodontium. (From Dorland, 27th ed)",,,Diagnosis,N/A,,,,,,,,,,,,2210
145280AAAAAAAAAAAAAAAAAAAAAAAAAAAAAA,,Chronic myeloid leukemia,Leucémie myéloïde chronique,leucemia mieloide crónica,,,,,,,Diagnosis,N/A,,,,,,,,,,,,2211
145283AAAAAAAAAAAAAAAAAAAAAAAAAAAAAA,,Chronic motor tic disorder,Tic moteur ou vocal chronique,trastorno de tics motores crónicos,,,,"Disorders characterized by recurrent TICS that may interfere with speech and other activities. Tics are sudden, rapid, nonrhythmic, stereotyped motor movements or vocalizations which may be exacerbated by stress and are generally attenuated during absorbing activities. Tic disorders are distinguished from conditions which feature other types of abnormal movements that may accompany general medical conditions. (From DSM-IV, 1994)",,,Diagnosis,N/A,,,,,,,,,,,,2212
1452AAAAAAAAAAAAAAAAAAAAAAAAAAAAAAAA,,No fetal movements,Aucun mouvement du foetus,No se observan movimientos fetales,,,,,,,Diagnosis,Boolean,,,,,,,,,,,,2213
145326AAAAAAAAAAAAAAAAAAAAAAAAAAAAAA,,Chronic infectious disease,Maladie infectieuse chronique,enfermedad infecciosa crónica,,,,,,,Diagnosis,N/A,,,,,,,,,,,,2214
145347AAAAAAAAAAAAAAAAAAAAAAAAAAAAAA,,Chronic viral hepatitis C,Hepatite C chronique,hepatitis C crónica,,,,An inflammatory disease of the liver caused by hepatitis C virus lasting six months or more.,,,Diagnosis,N/A,,,,,,,,,,,,2215
145377AAAAAAAAAAAAAAAAAAAAAAAAAAAAAA,,Chronic gingivitis,Gingivite chronique,gingivitis crónica,,,,Inflammation of the gums.,,,Diagnosis,N/A,,,,,,,,,,,,2216
145438AAAAAAAAAAAAAAAAAAAAAAAAAAAAAA,,Chronic kidney disease,Maladie rénale chronique,Alteración renal crónica,,,,,,,Diagnosis,N/A,,,,,,,,,,,,2217
145443AAAAAAAAAAAAAAAAAAAAAAAAAAAAAA,,Chronic diarrhea of unknown origin,Diarrhee chronique de cause inconnue,diarrea crónica de causa desconocida,,,,Passage of excessively liquid or excessively frequent stools.,,,Diagnosis,N/A,,,,,,,,,,,,2218
145491AAAAAAAAAAAAAAAAAAAAAAAAAAAAAA,,Chronic apical periodontitis,Périodontite apicale chronique,periodontitis apical crónica,,,,Chronic nonsuppurative inflammation of periapical tissue resulting from irritation following pulp disease or endodontic treatment.,,,Diagnosis,N/A,,,,,,,,,,,,2219
145523AAAAAAAAAAAAAAAAAAAAAAAAAAAAAA,,Chromomycosis,Chromomycose,cromoblastomicosis,,,,"Scaly papule or warty growth, caused by five fungi, that spreads as a result of satellite lesions affecting the foot or leg. The extremity may become swollen and, at its distal portion, covered with various nodular, tumorous, verrucous lesions that resemble cauliflower. In rare instances, the disease may begin on the hand or wrist and involve the entire upper extremity. (Arnold, Odom, and James, Andrew's Diseases of the Skin, 8th ed, p362)",,,Diagnosis,N/A,,,,,,,,,,,,2220
145548AAAAAAAAAAAAAAAAAAAAAAAAAAAAAA,,Chorioamnionitis,Chorioamniotite,corioamnionitis,,,,"An inflammatory process involving the chorion, its fetal blood vessels, the umbilical cord, and the amnion by extension of the inflammation, as the amnion itself has no blood supply. This inflammatory process is potentially fatal to mother and fetus.",,,Diagnosis,N/A,,,,,,,,,,,,2221
145600AAAAAAAAAAAAAAAAAAAAAAAAAAAAAA,,Cholinergic angio-oedema-urticaria,Urticaire cholinergique,urticaria colinérgica,,,,,,,Diagnosis,N/A,,,,,,,,,,,,2222
145625AAAAAAAAAAAAAAAAAAAAAAAAAAAAAA,,Cholelithiasis,Cholélithiase,Colelitiasis,,,,,,,Diagnosis,N/A,,,,,,,,,,,,2223
145659AAAAAAAAAAAAAAAAAAAAAAAAAAAAAA,,Chloasma,Mélasma,melasma,,,,Disorders of increased melanin pigmentation that develop without preceding inflammatory disease.,,,Diagnosis,N/A,,,,,,,,,,,,2224
145695AAAAAAAAAAAAAAAAAAAAAAAAAAAAAA,,Child attention deficit disorder,Perturbation de l'attention de l'enfance,trastorno por déficit de atención en la infancia,,,,"A behavior disorder originating in childhood in which the essential features are signs of developmentally inappropriate inattention, impulsivity, and hyperactivity. Although most individuals have symptoms of both inattention and hyperactivity-impulsivity, one or the other pattern may be predominant. The disorder is more frequent in males than females. Onset is in childhood. Symptoms often attenuate during late adolescence although a minority experience the full complement of symptoms into mid-adulthood. (From DSM-IV)",,,Diagnosis,N/A,,,,,,,,,,,,2225
145712AAAAAAAAAAAAAAAAAAAAAAAAAAAAAA,,Abnormal dullness to percussion of chest,Anomalie de la percussion thoracique,tórax mate a la percusión,,,,,,,Diagnosis,N/A,,,,,,,,,,,,2226
145727AAAAAAAAAAAAAAAAAAAAAAAAAAAAAA,,Chemical burn,Brûlure chimique,quemadura química,,,,,,,Diagnosis,N/A,,,,,,,,,,,,2227
145749AAAAAAAAAAAAAAAAAAAAAAAAAAAAAA,,Charcot's arthropathy,Arthropathie de Charcot,artropatía de Charcot,,,,"Parenchymatous NEUROSYPHILIS marked by slowly progressive degeneration of the posterior columns, posterior roots, and ganglia of the spinal cord. The condition tends to present 15 to 20 years after the initial infection and is characterized by lightening-like pains in the lower extremities, URINARY INCONTINENCE, ATAXIA, severely impaired position and vibratory sense, abnormal gait (see GAIT DISORDERS, NEUROLOGIC), OPTIC ATROPHY, Argyll-Robertson pupils, hypotonia, hyperreflexia, and trophic joint degeneration (Charcot's Joint; see ARTHROPATHY, NEUROGENIC). (From Adams et al., Principles of Neurology, 6th ed, p726)",,,Diagnosis,N/A,,,,,,,,,,,,2228
145762AAAAAAAAAAAAAAAAAAAAAAAAAAAAAA,,Chancroid,Chancre mou,chancroide,,,,"Acute, localized autoinoculable infectious disease usually acquired through sexual contact. Caused by HAEMOPHILUS DUCREYI, it occurs endemically almost worldwide, especially in tropical and subtropical countries and more commonly in seaports and urban areas than in rural areas.",,,Diagnosis,N/A,,,,,,,,,,,,2229
145768AAAAAAAAAAAAAAAAAAAAAAAAAAAAAA,,Chalazion,Chalazion,Chalazion,,,,,,,Diagnosis,N/A,,,,,,,,,,,,2230
145777AAAAAAAAAAAAAAAAAAAAAAAAAAAAAA,,Status Post Cesarean Delivery,Statut apres accouhement par césarienne,antecedente de: cesárea,,,,Patient has had a cesarean section procedure in the recent past.,,,Diagnosis,N/A,,,,,,,,,,,,2231
145802AAAAAAAAAAAAAAAAAAAAAAAAAAAAAA,,Cervical lymphadenopathy,Adénopathie cervicale,linfadenopatía cervical,,,,,,,Diagnosis,Coded,,,,,,,,,,,,2232
145805AAAAAAAAAAAAAAAAAAAAAAAAAAAAAA,,Papanicolaou Smear of Cervix with High Grade Squamous Intraepithelial Lesion (HGSIL),"Frottis anormal,  Lésion Intraépithéliale Squameuse de Haut Grade (HGSIL)",citología cervicovaginal: lesión intraepitelial escamosa de alto grado o carcinoma,HSIL,HSIL,,,,,Diagnosis,N/A,,,,,,,,,,,,2233
145807AAAAAAAAAAAAAAAAAAAAAAAAAAAAAA,,Cervical intraepithelial neoplasia grade 2,Dysplasie moyenne du col de l'utérus (CIN 2),neoplasia intraepitelial cervical grado 2,,,,A spectrum of histologic changes in the epithelium of the cervix uteri which may begin as a superficial lesion and progress to invasive carcinoma.,,,Diagnosis,N/A,,,,,,,,,,,,2234
145808AAAAAAAAAAAAAAAAAAAAAAAAAAAAAA,,"Abnormal pap smear, low grade squamous intraepithelial lesion (LGSIL)","Frottis anormal, Lésion Squameuse Intraépithéliale de Bas Grade",citología cervicovaginal: lesión intraepitelial escamosa de bajo grado,LSIL,LSIL,,A spectrum of histologic changes in the epithelium of the cervix uteri which may begin as a superficial lesion and progress to invasive carcinoma.,,,Diagnosis,N/A,,,,,,,,,,,,2235
145809AAAAAAAAAAAAAAAAAAAAAAAAAAAAAA,,Cervical intraepithelial neoplasia grade 1,Dysplasie légère du col de l'utérus (CIN 1),neoplasia intraepitelial cervical grado 1,,,,A spectrum of histologic changes in the epithelium of the cervix uteri which may begin as a superficial lesion and progress to invasive carcinoma.,,,Diagnosis,N/A,,,,,,,,,,,,2236
145851AAAAAAAAAAAAAAAAAAAAAAAAAAAAAA,,Cerebral malaria,Malaria cérébral,paludismo cerebral,,,,"A condition characterized by somnolence or coma in the presence of an acute infection with PLASMODIUM FALCIPARUM (and rarely other Plasmodium species). Initial clinical manifestations include HEADACHES, SEIZURES, and alterations of mentation followed by a rapid progression to COMA. Pathologic features include cerebral capillaries filled with parasitized erythrocytes and multiple small foci of cortical and subcortical necrosis. (From Adams et al., Principles of Neurology, 6th ed, p136)",,,Diagnosis,N/A,,,,,,,,,,,,2237
145864AAAAAAAAAAAAAAAAAAAAAAAAAAAAAA,,Cerebral hemorrhage,Hémorragie intracérébrale non traumatique,hemorragia cerebral,,,,"Bleeding into a cerebral hemisphere of the brain, including lobar, subcortical white matter, and basal ganglia hemorrhages. Commonly associated conditions include HYPERTENSION; INTRACRANIAL ARTERIOSCLEROSIS; INTRACRANIAL ANEURYSM; CRANIOCEREBRAL TRAUMA; INTRACRANIAL ARTERIOVENOUS MALFORMATIONS; CEREBRAL AMYLOID ANGIOPATHY; and CEREBRAL INFARCTION.",,,Diagnosis,N/A,,,,,,,,,,,,2238
145884AAAAAAAAAAAAAAAAAAAAAAAAAAAAAA,,Cerebral abscess,Abcès cérébral,absceso cerebral,,,,"A circumscribed collection of purulent exudate in the brain, due to bacterial and other infections. The majority are caused by spread of infected material from a focus of suppuration elsewhere in the body, notably the PARANASAL SINUSES, middle ear (see EAR, MIDDLE), HEART (see also ENDOCARDITIS, BACTERIAL), and LUNG. Penetrating CRANIOCEREBRAL TRAUMA and NEUROSURGICAL PROCEDURES may also be associated with this condition. Clinical manifestations include HEADACHE, SEIZURES, focal neurologic deficits, and alterations of consciousness. (Adams et al., Principles of Neurology, 6th ed, pp712-6)",,,Diagnosis,N/A,,,,,,,,,,,,2239
145935AAAAAAAAAAAAAAAAAAAAAAAAAAAAAA,,Cephalopelvic disproportion,Disproportion céphalo-pelvienne,desproporción cefalopélvica,,,,"Medical problems associated with labor including cephalopelvic disproportion, hemorrhage, FETAL DISTRESS, or other disorders.",,,Diagnosis,N/A,,,,,,,,,,,,2240
146003AAAAAAAAAAAAAAAAAAAAAAAAAAAAAA,,Cellulitis of head,Cellulite de la tête,celulitis de la cabeza,,,,"Accumulation of purulent material in tissues, organs, or circumscribed spaces, usually associated with signs of infection.",,,Diagnosis,N/A,,,,,,,,,,,,2241
1460AAAAAAAAAAAAAAAAAAAAAAAAAAAAAAAA,,AIDS meningoencephalitis,Encéphalopathie présumée due au VIH,Encefalitis por VIH,,,,"DESC: Meningoencephalitis and/or dementia caused by HIV virus. DESC: Can be caused by infection with Toxoplasmosis Gondii or Cryptococcus neoformans, both potentially treatable. REF: Oxford Clinical Medicine",,,Diagnosis,Boolean,,,,,,,,,,,,2242
146113AAAAAAAAAAAAAAAAAAAAAAAAAAAAAA,,Allergy to cats,Allergie aux chats,alergia a los gatos,,,,,,,Diagnosis,N/A,,,,,,,,,,,,2243
146166AAAAAAAAAAAAAAAAAAAAAAAAAAAAAA,,Cardiogenic shock,Choc cardiogénique,choque cardiógeno,,,,Shock resulting from diminution of cardiac output in heart disease.,,,Diagnosis,N/A,,,,,,,,,,,,2244
146167AAAAAAAAAAAAAAAAAAAAAAAAAAAAAA,,Cardiac tamponade,Tamponnade cardiaque,taponamiento cardíaco,,,,,,,Diagnosis,N/A,,,,,,,,,,,,2245
146192AAAAAAAAAAAAAAAAAAAAAAAAAAAAAA,,Cardiac arrest,Arrêt cardiaque,paro cardíaco,,,,"Sudden and usually momentary cessation of the heart beat. This sudden cessation may, but not usually, lead to DEATH, SUDDEN, CARDIAC.",,,Diagnosis,N/A,,,,,,,,,,,,2246
146221AAAAAAAAAAAAAAAAAAAAAAAAAAAAAA,,Carcinoma of prostate,Carcinome de la prostate	,carcinoma de próstata,,,,Tumors or cancer of the prostate.,,,Diagnosis,N/A,,,,,,,,,,,,2247
146299AAAAAAAAAAAAAAAAAAAAAAAAAAAAAA,,Carcinoma in situ of uterine cervix,Carcinome in situ du col utérin,carcinoma in situ del cuello uterino,CIS uterine cervix,,,"A malignancy arising in uterine cervical epithelium and confined thereto, representing a continuum of histological changes ranging from well-differentiated CIN 1 (formerly, mild dysplasia) to severe dysplasia/carcinoma in situ, CIN 3. The lesion arises at the squamocolumnar cell junction at the transformation zone of the endocervical canal, with a variable tendency to develop invasive epidermoid carcinoma, a tendency that is enhanced by concomitant human papillomaviral infection. (Segen, Dictionary of Modern Medicine, 1992)",,,Diagnosis,N/A,,,,,,,,,,,,2248
1463AAAAAAAAAAAAAAAAAAAAAAAAAAAAAAAA,,Acute bacterial pneumonia,Pneumonie bactérienne aigüe,neumonía bacteriana aguda,,,,"DEF: An acute bacterial lower respiratory tract infection. DESC: Associated with fever, symptoms and signs in the chest and abnormalities on the chest X-ray. REF: Oxford Clinical Medicine.",,,Diagnosis,N/A,,,,,,,,,,,,2249
146492AAAAAAAAAAAAAAAAAAAAAAAAAAAAAA,,Cannabis-induced organic mental disorder,Trouble mental de cannabis,trastornos mentales orgánicos inducidos por Cannabis,,,,The excessive use of marijuana with associated psychological symptoms and impairment in social or occupational functioning.,,,Diagnosis,N/A,,,,,,,,,,,,2250
146504AAAAAAAAAAAAAAAAAAAAAAAAAAAAAA,,Cannabis abuse,,abuso de Cannabis,,,,The excessive use of marijuana with associated psychological symptoms and impairment in social or occupational functioning.,,,Diagnosis,N/A,,,,,,,,,,,,2251
146513AAAAAAAAAAAAAAAAAAAAAAAAAAAAAA,,Candidiasis of the esophagus,Candidose de l'œsophage,Candidiasis del esófago,,,,"Infection with a fungus of the genus CANDIDA. It is usually a superficial infection of the moist areas of the body and is generally caused by CANDIDA ALBICANS. (Dorland, 27th ed)",CANDIDOSE ŒSOPHAGIENNE,,Diagnosis,N/A,,,,,,,,,,,,2252
146517AAAAAAAAAAAAAAAAAAAAAAAAAAAAAA,,Candidiasis of mouth,Candidose bucco-pharyngée,candidiasis de la boca,,,,"Infection of the mucous membranes of the mouth by a fungus of the genus CANDIDA. (Dorland, 27th ed)",,,Diagnosis,N/A,,,,,,,,,,,,2253
146521AAAAAAAAAAAAAAAAAAAAAAAAAAAAAA,,Candidal septicemia,Septicémie à Candida,candidemia,,,,"Infection with a fungus of the genus CANDIDA. It is usually a superficial infection of the moist areas of the body and is generally caused by CANDIDA ALBICANS. (Dorland, 27th ed)",,,Diagnosis,N/A,,,,,,,,,,,,2254
146541AAAAAAAAAAAAAAAAAAAAAAAAAAAAAA,,Calculus of kidney and ureter,Calcul du rein et de l'uretère,cálculo de riñón y uréter,,,,,,,Diagnosis,N/A,,,,,,,,,,,,2255
146570AAAAAAAAAAAAAAAAAAAAAAAAAAAAAA,,Calcinosis cutis,Calcinose cutanée,calcinosis cutánea,,,,,,,Diagnosis,N/A,,,,,,,,,,,,2256
146591AAAAAAAAAAAAAAAAAAAAAAAAAAAAAA,,Caffeine-related disorder,Trouble lié à la caféine,trastorno relacionado con la cafeína,,,,,,,Diagnosis,N/A,,,,,,,,,,,,2257
146596AAAAAAAAAAAAAAAAAAAAAAAAAAAAAA,,Cafe-au-lait spots,Tache café au lait,manchas de color café con leche,,,,"Light brown pigmented macules associated with NEUROFIBROMATOSIS and Albright's syndrome (see FIBROUS DYSPLASIA, POLYOSTOTIC).",,,Diagnosis,N/A,,,,,,,,,,,,2258
146602AAAAAAAAAAAAAAAAAAAAAAAAAAAAAA,,Ca cervix - screening done,Dépistage du cancer du col utérin effectué (duplicate),cáncer de cuello uterino - cribado realizado,,,,Collection of pooled secretions of the posterior vaginal fornix for cytologic examination.,,,Diagnosis,N/A,,,,,,,,,,,,2259
146613AAAAAAAAAAAAAAAAAAAAAAAAAAAAAA,,Buruli ulcer,Ulcère de Buruli,úlcera de Buruli,,,,,,,Diagnosis,N/A,,,,,,,,,,,,2260
146625AAAAAAAAAAAAAAAAAAAAAAAAAAAAAA,,Burning pain,,dolor urente,,,,An unpleasant sensation induced by noxious stimuli and generally received by specialized nerve endings.,,,Diagnosis,N/A,,,,,,,,,,,,2261
146636AAAAAAAAAAAAAAAAAAAAAAAAAAAAAA,,Burn of wrist(s) and hand(s),Brûlure du poignet et de la main,quemadura de muñeca(s) y mano(s),,,,,,,Diagnosis,N/A,,,,,,,,,,,,2262
1467AAAAAAAAAAAAAAAAAAAAAAAAAAAAAAAA,,Diarrhea for less than one month,Diarrhée (<1 mois),,,,,Diarrhea for less than one month,,,Diagnosis,N/A,,,,,,,,,,,,2263
146825AAAAAAAAAAAAAAAAAAAAAAAAAAAAAA,,Burkitt's lymphoma,Tumeur de Burkitt,linfoma de Burkitt,,,,"A form of undifferentiated malignant lymphoma usually found in central Africa, but also reported in other parts of the world. It is commonly manifested as a large osteolytic lesion in the jaw or as an abdominal mass. B-cell antigens are expressed on the immature cells that make up the tumor in virtually all cases of Burkitt lymphoma. The Epstein-Barr virus (HERPESVIRUS 4, HUMAN) has been isolated from Burkitt lymphoma cases in Africa and it is implicated as the causative agent in these cases; however, most non-African cases are EBV-negative.",,,Diagnosis,N/A,,,,,,,,,,,,2264
146828AAAAAAAAAAAAAAAAAAAAAAAAAAAAAA,,Bunion,Oignon,tumefacción de la primera articulación metatarsofalángica del dedo gordo,,,,"Lateral displacement of the great toe, producing deformity of the first metatarsophalangeal joint with callous, bursa, or bunion formation over the bony prominence.",,,Diagnosis,N/A,,,,,,,,,,,,2265
146832AAAAAAAAAAAAAAAAAAAAAAAAAAAAAA,,Bullous pemphigoid,Pemphigoide bulleuse,penfigoide ampolloso,,,,A chronic and relatively benign subepidermal blistering disease usually of the elderly and without histopathologic acantholysis.,,,Diagnosis,N/A,,,,,,,,,,,,2266
146847AAAAAAAAAAAAAAAAAAAAAAAAAAAAAA,,Bulimia nervosa,Boulimie nervosa,bulimia nerviosa,,,,"Episodic binge eating associated with the fear of not being able to stop eating, depressed mood, and self-deprecating thoughts. Binges are frequently terminated by self-induced vomiting. The bulimic episodes are not due to ANOREXIA NERVOSA or any known physical disorder.",,,Diagnosis,N/A,,,,,,,,,,,,2267
146873AAAAAAAAAAAAAAAAAAAAAAAAAAAAAA,,Bronchopulmonary dysplasia of newborn,Dysplasie broncho-pulmonaire du nouveau-né,Displasia broncopulmonar del recién nacido,Neonatal BPD,,,A chronic lung disease appearing in certain newborn infants treated for RESPIRATORY DISTRESS SYNDROME with mechanical ventilation and elevated concentration of inspired oxygen.,,,Diagnosis,N/A,,,,,,,,,,,,2268
146893AAAAAAAAAAAAAAAAAAAAAAAAAAAAAA,,Bronchial breathing,,respiración bronquial,,,,,,,Diagnosis,N/A,,,,,,,,,,,,2269
146900AAAAAAAAAAAAAAAAAAAAAAAAAAAAAA,,Bromhidrosis,Bromhidrose,bromhidrosis,,,,,,,Diagnosis,N/A,,,,,,,,,,,,2270
146915AAAAAAAAAAAAAAAAAAAAAAAAAAAAAA,,Brief reactive psychosis,Trouble psychotique bref,psicosis reactiva breve,,,,"Disorders in which there is a loss of ego boundaries or a gross impairment in reality testing with delusions or prominent hallucinations. (From DSM-IV, 1994)",,,Diagnosis,N/A,,,,,,,,,,,,2271
146931AAAAAAAAAAAAAAAAAAAAAAAAAAAAAA,,Breast lump,Nodule mammaire,bulto mamario,,,,A chronic disorder comprising three variants which range from lesions consisting primarily of an overgrowth of fibrous tissue to those characterized by dominance of the proliferation of the epithelial parenchyma to a form of dysplasia characterized by both stromal and epithelial hyperplasia with the formation of cysts.,,,Diagnosis,N/A,,,,,,,,,,,,2272
1469AAAAAAAAAAAAAAAAAAAAAAAAAAAAAAAA,,"Rash, Minor",Éruption légère,,,,,,,,Diagnosis,N/A,,,,,,,,,,,,2273
147056AAAAAAAAAAAAAAAAAAAAAAAAAAAAAA,,Borderline leprosy,Lèpre borderline,lepra dimorfa,,,,A form of LEPROSY in which there are clinical manifestations of both principal types (lepromatous and tuberculoid). The disease may shift toward one of these two polar or principal forms.,,,Diagnosis,N/A,,,,,,,,,,,,2274
1470AAAAAAAAAAAAAAAAAAAAAAAAAAAAAAAA,,"Rash, moderate",Éruption modérée,,,,,,,,Diagnosis,N/A,,,,,,,,,,,,2275
147101AAAAAAAAAAAAAAAAAAAAAAAAAAAAAA,,Body dysmorphic disorder,Obsession d'une dysmorphie corporelle,trastorno dismórfico corporal,,,,"Disorders having the presence of physical symptoms that suggest a general medical condition but that are not fully explained by a general medical condition, by the direct effects of a substance, or by another mental disorder. The symptoms must cause clinically significant distress or impairment in social, occupational, or other areas of functioning. In contrast to FACTITIOUS DISORDERS and MALINGERING, the physical symptoms are not under voluntary control. (APA, DSM-IV)",,,Diagnosis,N/A,,,,,,,,,,,,2276
147104AAAAAAAAAAAAAAAAAAAAAAAAAAAAAA,,Blurred vision,Vision voilée,imagen visual borrosa,,,,"A nonspecific term referring to impaired vision. Major subcategories include stimulus deprivation-induced amblyopia and toxic amblyopia. Stimulus deprivation-induced amblopia is a developmental disorder of the visual cortex. A discrepancy between visual information received by the visual cortex from each eye results in abnormal cortical development. STRABISMUS and REFRACTIVE ERRORS may cause this condition. Toxic amblyopia is a disorder of the OPTIC NERVE which is associated with ALCOHOLISM, tobacco SMOKING, and other toxins and as an adverse effect of the use of some medications.",,,Diagnosis,N/A,,,,,,,,,,,,2277
147127AAAAAAAAAAAAAAAAAAAAAAAAAAAAAA,,Abnormal blood coagulation profile,Profil de coagulation sanguine anormale,"trastorno en el proceso de coagulación sanguínea, categorizado por el valor de la prueba de cribado",,,,,,,Diagnosis,N/A,,,,,,,,,,,,2278
1471AAAAAAAAAAAAAAAAAAAAAAAAAAAAAAAA,,"Rash, Severe",Éruption sévère,,,,,,,,Diagnosis,N/A,,,,,,,,,,,,2279
147230AAAAAAAAAAAAAAAAAAAAAAAAAAAAAA,,Bleeding gums,Saignement gingival,encías sangrantes,,,,"The flowing of blood from the marginal gingival area, particularly the sulcus, seen in such conditions as GINGIVITIS, marginal PERIODONTITIS, injury, and ASCORBIC  ACID DEFICIENCY.",,,Diagnosis,N/A,,,,,,,,,,,,2280
147232AAAAAAAAAAAAAAAAAAAAAAAAAAAAAA,,Vaginal bleeding,Saignement vaginal,sangrado por vagina,,,,"Hemorrhage from vessels in the uterus, sometimes manifested as vaginal bleeding.",,,Diagnosis,Coded,,,,,,,,,,,,2281
147241AAAAAAAAAAAAAAAAAAAAAAAAAAAAAA,,Bleeding,Saignement,hemorragia,,,,Bleeding or escape of blood from a vessel.,,,Diagnosis,N/A,,,,,,,,,,,,2282
147243AAAAAAAAAAAAAAAAAAAAAAAAAAAAAA,,Blastomycosis,Blastomycose,blastomicosis,,,,"A fungal infection that may appear in two forms: 1) a primary lesion characterized by the formation of a small cutaneous nodule and small nodules along the lymphatics that may heal within several months; and 2) chronic granulomatous lesions characterized by thick crusts, warty growths, and unusual vascularity and infection in the middle or upper lobes of the lung.",,,Diagnosis,N/A,,,,,,,,,,,,2283
147364AAAAAAAAAAAAAAAAAAAAAAAAAAAAAA,,Bilateral inguinal hernia with gangrene,"Hernie inguinale bilatérale, avec gangrène",hernia inguinal bilateral con gangrena,,,,,,,Diagnosis,N/A,,,,,,,,,,,,2284
147365AAAAAAAAAAAAAAAAAAAAAAAAAAAAAA,,Bilateral inguinal hernia,"Hernie inguinale bilatérale, sans occlusion ni gangrène",hernia inguinal bilateral,,,,,,,Diagnosis,N/A,,,,,,,,,,,,2285
147375AAAAAAAAAAAAAAAAAAAAAAAAAAAAAA,,Bilateral congenital dislocation of hip,"Luxation congénitale de la hanche, bilatérale",luxación congénita bilateral de la cadera,,,,,,,Diagnosis,N/A,,,,,,,,,,,,2286
147425AAAAAAAAAAAAAAAAAAAAAAAAAAAAAA,,Beriberi,Béribéri,beriberi,,,,"A disease caused by a deficiency of thiamine (vitamin B1) and characterized by polyneuritis, cardiac pathology, and edema. The epidemic form is found primarily in areas in which white (polished) rice is the staple food, as in Japan, China, the Philippines, India, and other countries of southeast Asia. (Dorland, 27th ed)",,,Diagnosis,N/A,,,,,,,,,,,,2287
147593AAAAAAAAAAAAAAAAAAAAAAAAAAAAAA,,Benign neoplasm of uterine cervix,Tumeur bénigne du col de l'utérus,neoplasia benigna del cuello uterino,,,,,,,Diagnosis,N/A,,,,,,,,,,,,2288
147603AAAAAAAAAAAAAAAAAAAAAAAAAAAAAA,,Benign neoplasm of thyroid gland,Tumeur bénigne de la thyroïde,neoplasia benigna de la glándula tiroides,,,,Tumors or cancer of the THYROID GLAND.,,,Diagnosis,N/A,,,,,,,,,,,,2289
147619AAAAAAAAAAAAAAAAAAAAAAAAAAAAAA,,Benign neoplasm of stomach,Tumeur bénigne de l'estomac,neoplasia benigna del estómago,,,,Tumors or cancer of the STOMACH.,,,Diagnosis,N/A,,,,,,,,,,,,2290
147635AAAAAAAAAAAAAAAAAAAAAAAAAAAAAA,,Fibroma,Fibrome	,fibroma,,,,A benign tumor of fibrous or fully developed connective tissue.,,,Diagnosis,N/A,,,,,,,,,,,,2291
147669AAAAAAAAAAAAAAAAAAAAAAAAAAAAAA,,Benign neoplasm of scrotum,Tumeur bénigne du scrotum,neoplasia benigna del escroto,,,,,,,Diagnosis,N/A,,,,,,,,,,,,2292
147692AAAAAAAAAAAAAAAAAAAAAAAAAAAAAA,,Benign neoplasm of parotid gland,Tumeur bénigne de Glande parotide,neoplasia benigna de la glándula parótida,,,,,,,Diagnosis,N/A,,,,,,,,,,,,2293
147699AAAAAAAAAAAAAAAAAAAAAAAAAAAAAA,,Benign neoplasm of pancreas,Tumeur bénigne du pancréas,neoplasia benigna de páncreas,,,,,,,Diagnosis,N/A,,,,,,,,,,,,2294
147708AAAAAAAAAAAAAAAAAAAAAAAAAAAAAA,,Benign neoplasm of ovary,Tumeur bénigne de l'ovaire,neoplasia benigna del ovario,,,,Tumors or cancer of the OVARY.,,,Diagnosis,N/A,,,,,,,,,,,,2295
147748AAAAAAAAAAAAAAAAAAAAAAAAAAAAAA,,Benign neoplasm of major salivary gland,Tumeur bénigne des glandes salivaires principales,neoplasia benigna de glándula salival mayor,,,,Tumors or cancer of the SALIVARY GLANDS.,,,Diagnosis,N/A,,,,,,,,,,,,2296
147758AAAAAAAAAAAAAAAAAAAAAAAAAAAAAA,,Benign neoplasm of liver,Tumeur bénigne du foie,neoplasia benigna de hígado,,,,Tumors or cancer of the LIVER.,,,Diagnosis,N/A,,,,,,,,,,,,2297
147801AAAAAAAAAAAAAAAAAAAAAAAAAAAAAA,,Benign neoplasm of fallopian tube,Tumeur bénigne des trompes de Fallope,neoplasia benigna de trompa de Falopio,,,,,,,Diagnosis,N/A,,,,,,,,,,,,2298
147805AAAAAAAAAAAAAAAAAAAAAAAAAAAAAA,,Benign neoplasm of oesophagus,Tumeur bénigne de l'esophage,neoplasia benigna del esófago,,,,,,,Diagnosis,N/A,,,,,,,,,,,,2299
147845AAAAAAAAAAAAAAAAAAAAAAAAAAAAAA,,Benign neoplasm of bone,Tumeur bénigne des os,neoplasia benigna de hueso,,,,Tumors or cancer located in bone tissue or specific bones.,,,Diagnosis,N/A,,,,,,,,,,,,2300
147920AAAAAAAAAAAAAAAAAAAAAAAAAAAAAA,,Behcet's syndrome,Syndrome de Behçet,síndrome de Behcet,,,,"Rare chronic inflammatory disease involving the small blood vessels. It is of unknown etiology and characterized by mucocutaneous ulceration in the mouth and genital region and uveitis with hypopyon. The neuro-ocular form may cause blindness and death. Synovitis, thrombophlebitis, gastrointestinal ulcerations, retinal vasculitis, and optic atrophy may be occur as well.",,,Diagnosis,N/A,,,,,,,,,,,,2301
147AAAAAAAAAAAAAAAAAAAAAAAAAAAAAAAAA,,Bronchitis,Bronchite,bronquitis,,,,"Inflammation of the bronchial tubes, usually with cough.",,,Diagnosis,N/A,,,,,,,,,,,,2302
148003AAAAAAAAAAAAAAAAAAAAAAAAAAAAAA,,Bacterial septicemia,Septicemie bacterienne,Septicemia bacteriana,,,,"The presence of viable bacteria circulating in the blood. Fever, chills, tachycardia, and tachypnea are common acute manifestations of bacteremia. The majority of cases are seen in already hospitalized patients, most of whom have underlying diseases or procedures which render their bloodstreams susceptible to invasion.",,,Diagnosis,N/A,,,,,,,,,,,,2303
148023AAAAAAAAAAAAAAAAAAAAAAAAAAAAAA,,Bacterial gastroenteritis,"Diarrhée, bactérienne",gastroenteritis bacteriana,,,,Passage of excessively liquid or excessively frequent stools.,,,Diagnosis,N/A,,,,,,,,,,,,2304
148026AAAAAAAAAAAAAAAAAAAAAAAAAAAAAA,,Bacterial conjunctivitis,Conjonctivite bactérienne,conjuntivitis bacteriana,,,,"Purulent infections of the conjunctiva by several species of gram-negative, gram-positive, or acid-fast organisms. Some of the more commonly found genera causing conjunctival infections are Haemophilus, Streptococcus, Neisseria, and Chlamydia.",,,Diagnosis,N/A,,,,,,,,,,,,2305
148035AAAAAAAAAAAAAAAAAAAAAAAAAAAAAA,,Back pain,,dolor de espalda,,,,,,,Diagnosis,N/A,,,,,,,,,,,,2306
148036AAAAAAAAAAAAAAAAAAAAAAAAAAAAAA,,Bacillary dysentery,Dysenterie bacillaire,disentería basilar,,,,An infectious disease caused by bacteria of the genus SHIGELLA. This condition is characterized by intestinal pain and diarrhea.,,,Diagnosis,N/A,,,,,,,,,,,,2307
148058AAAAAAAAAAAAAAAAAAAAAAAAAAAAAA,,Axillary lymphadenopathy,Lymphadenopathie axillaire,linfadenopatía axilar,,,,,,,Diagnosis,Coded,,,,,,,,,,,,2308
148065AAAAAAAAAAAAAAAAAAAAAAAAAAAAAA,,Avoidant personality disorder,Personnalité évitante,trastorno de la personalidad por evitación,,,,A major deviation from normal patterns of behavior.,,,Diagnosis,N/A,,,,,,,,,,,,2309
148069AAAAAAAAAAAAAAAAAAAAAAAAAAAAAA,,Avian influenza,"Grippe, à virus de grippe aviaire identifié",influenza aviaria,,,,Unspecified type of avian influenza,,,Diagnosis,N/A,,,,,,,,,,,,2310
148191AAAAAAAAAAAAAAAAAAAAAAAAAAAAAA,,Atrioventricular block,Bloc auriculo-ventriculaire,bloqueo aurículo-ventricular,,,,"Impairment of conduction in heart excitation. It is often applied specifically to atrioventricular heart block. (Dorland, 27th ed)",,,Diagnosis,N/A,,,,,,,,,,,,2311
148193AAAAAAAAAAAAAAAAAAAAAAAAAAAAAA,,Atrial thrombosis,Auriculaire thrombose,trombosis auricular,,,,,,,Diagnosis,N/A,,,,,,,,,,,,2312
148196AAAAAAAAAAAAAAAAAAAAAAAAAAAAAA,,Atrial septal defect,Défaut de l'atrial septal,comunicación interauricular,,,,"Defects in the septum between the atria of the heart, due to failure of fusion between either the septum secundum or the septum primum and the endocardial cushions.",,,Diagnosis,N/A,,,,,,,,,,,,2313
148202AAAAAAAAAAAAAAAAAAAAAAAAAAAAAA,,Atrial flutter,Flutter auriculaire,aleteo auricular,,,,"Rapid, irregular atrial contractions due to an abnormality of atrial excitation.",,,Diagnosis,N/A,,,,,,,,,,,,2314
148203AAAAAAAAAAAAAAAAAAAAAAAAAAAAAA,,Atrial fibrillation,Fibrillation Auriculaire,fibrilación auricular,AF,,,"Disorder of cardiac rhythm characterized by rapid, irregular atrial impulses and ineffective atrial contractions.",,,Diagnosis,N/A,,,,,,,,,,,,2315
148278AAAAAAAAAAAAAAAAAAAAAAAAAAAAAA,,Asteatosis cutis,Xerose cutanee,asteatosis cutánea,,,,,,,Diagnosis,N/A,,,,,,,,,,,,2316
148298AAAAAAAAAAAAAAAAAAAAAAAAAAAAAA,,Assault by handgun,Agression par arme de poing,agresión por pistola,,,,,,,Diagnosis,N/A,,,,,,,,,,,,2317
148303AAAAAAAAAAAAAAAAAAAAAAAAAAAAAA,,Assault by cutting and piercing instrument,Agression par objet tranchant,agresión por instrumentos cortantes y punzantes,,,,,,,Diagnosis,N/A,,,,,,,,,,,,2318
148346AAAAAAAAAAAAAAAAAAAAAAAAAAAAAA,,Ascites,Ascite,ascitis,,,,,,,Diagnosis,N/A,,,,,,,,,,,,2319
148353AAAAAAAAAAAAAAAAAAAAAAAAAAAAAA,,Ascariasis,VER rond,ascariasis,,,,A genus of nematodes of the superfamily ASCARIDOIDEA whose species usually inhabit the intestine.,,,Diagnosis,N/A,,,,,,,,,,,,2320
148517AAAAAAAAAAAAAAAAAAAAAAAAAAAAAA,,Apnea,,apnea,,,,A transient absence of spontaneous respiration.,,,Diagnosis,N/A,,,,,,,,,,,,2321
148546AAAAAAAAAAAAAAAAAAAAAAAAAAAAAA,,Aortic valve regurgitation,Insuffisance de la valvule aortique,insuficiencia valvular aórtica,,,,"Backflow of blood from the aorta into the left ventricle, owing to imperfect functioning of the aortic semilunar valve.",,,Diagnosis,N/A,,,,,,,,,,,,2322
148559AAAAAAAAAAAAAAAAAAAAAAAAAAAAAA,,Anxiety hyperventilation,Problème respiratoire lié à l'anxiété,hiperventilación por ansiedad,,,,"Disorders in which anxiety (persistent feelings of apprehension, tension, or uneasiness) is the predominant disturbance.",,,Diagnosis,N/A,,,,,,,,,,,,2323
148561AAAAAAAAAAAAAAAAAAAAAAAAAAAAAA,,Anxiety disorder of childhood,Trouble anxieux de l'enfance,trastorno de ansiedad en la niñez,,,,"Disorders in which anxiety (persistent feelings of apprehension, tension, or uneasiness) is the predominant disturbance.",,,Diagnosis,N/A,,,,,,,,,,,,2324
148563AAAAAAAAAAAAAAAAAAAAAAAAAAAAAA,,Anxiety disorder due to a general medical condition,Trouble anxieux du à une affection médicale,trastorno de ansiedad debido a una enfermedad general,,,,"Disorders in which anxiety (persistent feelings of apprehension, tension, or uneasiness) is the predominant disturbance.",,,Diagnosis,N/A,,,,,,,,,,,,2325
148564AAAAAAAAAAAAAAAAAAAAAAAAAAAAAA,,Anxiety attack,Crise d'angoisse,crisis de ansiedad,,,,"A type of anxiety disorder characterized by unexpected panic attacks that last minutes or, rarely, hours. Panic attacks begin with intense apprehension, fear or terror and, often, a feeling of impending doom. Symptoms experienced during a panic attack include dyspnea or sensations of being smothered; dizziness, loss of balance or faintness; choking sensations; palpitations or accelerated heart rate; shakiness; sweating; nausea or other form of abdominal distress; depersonalization or derealization; paresthesias; hot flashes or chills; chest discomfort or pain; fear of dying and fear of not being in control of oneself or going crazy. Agoraphobia may also develop. Similar to other anxiety disorders, it may be inherited as an autosomal dominant trait.",,,Diagnosis,N/A,,,,,,,,,,,,2326
148566AAAAAAAAAAAAAAAAAAAAAAAAAAAAAA,,Anuria,Anurie,anuria,,,,Inability to form or excrete urine.,,,Diagnosis,N/A,,,,,,,,,,,,2327
148647AAAAAAAAAAAAAAAAAAAAAAAAAAAAAA,,"Anorexia nervosa, restricting type","Restriction de l'ingestion d'aliments, Anorexie","anorexia nerviosa, tipo restrictivo",,,,"Syndrome in which the primary features include excessive fear of becoming overweight, body image disturbance, significant weight loss, refusal to maintain minimal normal weight, and amenorrhea. This disorder occurs most frequently in adolescent females. (APA, Thesaurus of Psychological Index Terms, 1994)",,,Diagnosis,N/A,,,,,,,,,,,,2328
148649AAAAAAAAAAAAAAAAAAAAAAAAAAAAAA,,Anorexia nervosa,Anorexie,anorexia nerviosa,,,,"Syndrome in which the primary features include excessive fear of becoming overweight, body image disturbance, significant weight loss, refusal to maintain minimal normal weight, and amenorrhea. This disorder occurs most frequently in adolescent females. (APA, Thesaurus of Psychological Index Terms, 1994)",,,Diagnosis,N/A,,,,,,,,,,,,2329
148652AAAAAAAAAAAAAAAAAAAAAAAAAAAAAA,,Anorectal fistula,Fistule ano-rectale,fístula anorrectal,,,,"A painful linear ulcer at the margin of the anus. It appears as a crack or slit in the mucous membrane of the anus and is very painful and difficult to heal. (Dorland, 27th ed & Stedman, 25th ed)",,,Diagnosis,N/A,,,,,,,,,,,,2330
148654AAAAAAAAAAAAAAAAAAAAAAAAAAAAAA,,Anorectal abscess,Abcès ano-rectal,absceso anorrectal,,,,"Accumulation of purulent material in tissues, organs, or circumscribed spaces, usually associated with signs of infection.",,,Diagnosis,N/A,,,,,,,,,,,,2331
148709AAAAAAAAAAAAAAAAAAAAAAAAAAAAAA,,Ankylosis of temporomandibular joint,Ankylose mandibulaire,anquilosis de la articulación temporomandibular,,,,,,,Diagnosis,N/A,,,,,,,,,,,,2332
148787AAAAAAAAAAAAAAAAAAAAAAAAAAAAAA,,Angioedema,Œdème de Quincke,angioedema,,,,"Recurring attacks of transient edema suddenly appearing in areas of the skin or mucous membranes and occasionally of the viscera, often associated with dermatographism, urticaria, erythema, and purpura.",,,Diagnosis,N/A,,,,,,,,,,,,2333
148826AAAAAAAAAAAAAAAAAAAAAAAAAAAAAA,,Personal history of allergy to anaesthetic agent,Antécédents personnels d'allergie aux agents anesthésiques,antecedente de: alergia a la anestesia,,,,,,,Diagnosis,N/A,,,,,,,,,,,,2334
148833AAAAAAAAAAAAAAAAAAAAAAAAAAAAAA,,Anaemia of prematurity,Anémie de la prématurité,anemia del prematuro,,,,,,,Diagnosis,N/A,,,,,,,,,,,,2335
148834AAAAAAAAAAAAAAAAAAAAAAAAAAAAAA,,"Anaemia of mother, complicating pregnancy, childbirth, or the puerperium, unspecified as to episode of care","L'anémie de la mère, compliquant la grossesse, l'accouchement ou la puerpéralité, sans précision quant à l'épisode de soins",anemia del embarazo,,,,,,,Diagnosis,N/A,,,,,,,,,,,,2336
148882AAAAAAAAAAAAAAAAAAAAAAAAAAAAAA,,Ancylostomiasis due to ancylostoma duodenale,Ancylostomiase due à Ancylostoma duodenale,ancilostomiasis por Ancylostoma duodenale,,,,"A genus of nematode intestinal parasites that consists of several species. A. duodenale is the common hookworm in humans. A. braziliense, A. ceylonicum, and A. caninum occur primarily in cats and dogs, but all have been known to occur in humans.",,,Diagnosis,N/A,,,,,,,,,,,,2337
148888AAAAAAAAAAAAAAAAAAAAAAAAAAAAAA,,Anaphylaxis,Anaphylaxie,anafilaxis,,,,"An acute hypersensitivity reaction due to exposure to a previously encountered antigen. The reaction may include rapidly progressing urticaria, respiratory distress, vascular collapse, systemic shock, and death.",,,Diagnosis,N/A,,,,,,,,,,,,2338
1488AAAAAAAAAAAAAAAAAAAAAAAAAAAAAAAA,,Non-productive cough,Toux sèche,Tos no productiva,,,,DEF: A cough producing no sputum.,,,Diagnosis,N/A,,,,,,,,,,,,2339
148900AAAAAAAAAAAAAAAAAAAAAAAAAAAAAA,,Anal polyp,Polype anal,pólipo anal,,,,,,,Diagnosis,N/A,,,,,,,,,,,,2340
148901AAAAAAAAAAAAAAAAAAAAAAAAAAAAAA,,Anal pain,,dolor anal,,,,,,,Diagnosis,N/A,,,,,,,,,,,,2341
148904AAAAAAAAAAAAAAAAAAAAAAAAAAAAAA,,Anal fissure,Fissure anale,fisura anal,,,,"A painful linear ulcer at the margin of the anus. It appears as a crack or slit in the mucous membrane of the anus and is very painful and difficult to heal. (Dorland, 27th ed & Stedman, 25th ed)",,,Diagnosis,N/A,,,,,,,,,,,,2342
148968AAAAAAAAAAAAAAAAAAAAAAAAAAAAAA,,Amniotic fluid leaking,Passage de liquide amniotique,filtración de líquido amniótico,,,,,,,Diagnosis,N/A,,,,,,,,,,,,2343
148989AAAAAAAAAAAAAAAAAAAAAAAAAAAAAA,,Amenorrhea,Amenorrhee,amenorrea,,,,Absence of menstruation.,,,Diagnosis,N/A,,,,,,,,,,,,2344
148990AAAAAAAAAAAAAAAAAAAAAAAAAAAAAA,,Amelogenesis imperfecta,Amelogenesis Imperfecta,amelogénesis imperfecta,,,,"An autosomal dominant or X-linked disorder in which there is faulty development of the dental enamel owing to agenesis, hypoplasia, or hypocalcification of the enamel. It is marked by enamel that is very thin and friable and frequently stained in various shades of brown. (Dorland, 27th ed)",,,Diagnosis,N/A,,,,,,,,,,,,2345
149001AAAAAAAAAAAAAAAAAAAAAAAAAAAAAA,,Amebic liver abscess,Abces amibien du foie,absceso hepático amebiano,,,,Liver abscess caused by ENTAMOEBA HISTOLYTICA.,,,Diagnosis,N/A,,,,,,,,,,,,2346
149019AAAAAAAAAAAAAAAAAAAAAAAAAAAAAA,,Alzheimer's disease,Maladie d'Alzheimer,enfermedad de Alzheimer,,,,"A degenerative disease of the brain characterized by the insidious onset of dementia. Impairment of memory, judgement, attention span, and problem solving skills are followed by severe APRAXIA and a global loss of cognitive abilities. The condition primarily occurs after age 60, and is marked pathologically by severe cortical atrophy and the triad of SENILE PLAQUES; NEUROFIBRILLARY TANGLES; and NEUROPIL THREADS. (From Adams et al., Principles of Neurology, 6th ed, pp1049-57)",,,Diagnosis,N/A,,,,,,,,,,,,2347
149057AAAAAAAAAAAAAAAAAAAAAAAAAAAAAA,,Alopecia universalis,Alopécie universalis,alopecia universal,,,,,,,Diagnosis,N/A,,,,,,,,,,,,2348
149058AAAAAAAAAAAAAAAAAAAAAAAAAAAAAA,,Alopecia totalis,Alopécie totale,alopecia total,,,,,,,Diagnosis,N/A,,,,,,,,,,,,2349
149062AAAAAAAAAAAAAAAAAAAAAAAAAAAAAA,,Alopecia areata,Alopécie areata,alopecia circunscripta,,,,"A microscopically inflammatory, usually reversible, patchy hair loss occurring in sharply defined areas and usually involving the beard or scalp. (Dorland, 27th ed)",,,Diagnosis,N/A,,,,,,,,,,,,2350
149068AAAAAAAAAAAAAAAAAAAAAAAAAAAAAA,Yes,"Allergy, unspecified",,,,,,,,,Diagnosis,N/A,,,,,,,,,,,,2351
149069AAAAAAAAAAAAAAAAAAAAAAAAAAAAAA,,Personal history of allergy to sulfonamides,Antécédents personnels d'allergie aux sulfamides,alergia a antibiótico sulfonamídico,,,,,,,Diagnosis,N/A,,,,,,,,,,,,2352
149070AAAAAAAAAAAAAAAAAAAAAAAAAAAAAA,,Allergy to seafood,Allergie aux fruits de mer,alergia a mariscos,,,,,,,Diagnosis,N/A,,,,,,,,,,,,2353
149071AAAAAAAAAAAAAAAAAAAAAAAAAAAAAA,,Allergy to penicillin,Allergie à la pénicilline,alergia a la penicilina,,,,,,,Diagnosis,N/A,,,,,,,,,,,,2354
149072AAAAAAAAAAAAAAAAAAAAAAAAAAAAAA,,Allergy to peanuts,Allergie aux arachides,alergia al maní,,,,,,,Diagnosis,N/A,,,,,,,,,,,,2355
149074AAAAAAAAAAAAAAAAAAAAAAAAAAAAAA,,Allergy to eggs,Allergie aux œufs,alergia a los huevos,,,,,,,Diagnosis,N/A,,,,,,,,,,,,2356
149083AAAAAAAAAAAAAAAAAAAAAAAAAAAAAA,,Allergy to spiders,Allergie aux araignées,alergia a veneno de arácnido,,,,,,,Diagnosis,N/A,,,,,,,,,,,,2357
149084AAAAAAAAAAAAAAAAAAAAAAAAAAAAAA,,Allergy to insects,Allergie aux insectes,reacción alérgica al veneno de insecto,,,,,,,Diagnosis,N/A,,,,,,,,,,,,2358
149085AAAAAAAAAAAAAAAAAAAAAAAAAAAAAA,,Allergy to insect bites,Allergie aux piqûres d'insectes,reacción alérgica a las picaduras de insecto,,,,,,,Diagnosis,N/A,,,,,,,,,,,,2359
1490AAAAAAAAAAAAAAAAAAAAAAAAAAAAAAAA,Yes,Physical trauma,Traumatisme physique,Trauma físico,,,,,,,Diagnosis,N/A,,,,,,,,,,,,2360
149153AAAAAAAAAAAAAAAAAAAAAAAAAAAAAA,,Alcoholic hepatitis,Hépatite alcoolique,hepatitis alcohólica,,,,"An acute or chronic degenerative and inflammatory lesion of the liver in the alcoholic which is potentially progressive though sometimes reversible. It does not necessarily include steatosis, fibrosis, or cirrhosis of alcoholics, although it is frequently associated with these conditions. It is characterized by liver cell necrosis, infiltration by polymorphonuclear leukocytes and lymphocytes, and Mallory bodies. The morphologic changes of chronic alcoholic hepatitis are not likely to be confused with chronic hepatitis (HEPATITIS, CHRONIC).",,,Diagnosis,N/A,,,,,,,,,,,,2361
149195AAAAAAAAAAAAAAAAAAAAAAAAAAAAAA,,Ainhum,Ainhum,ainhum,,,,Spontaneous autoamputation of the fourth or fifth toe.,,,Diagnosis,N/A,,,,,,,,,,,,2362
149197AAAAAAAAAAAAAAAAAAAAAAAAAAAAAA,,Acquired immunodeficiency syndrome,Syndrome d'immunodéficience acquise,Sida,AIDS,Sida,,,,,Diagnosis,N/A,,,,,,,,,,,,2363
149209AAAAAAAAAAAAAAAAAAAAAAAAAAAAAA,,Agoraphobia,Agoraphobie,agorafobia,,,,"Obsessive, persistent, intense fear of open places.",,,Diagnosis,N/A,,,,,,,,,,,,2364
149241AAAAAAAAAAAAAAAAAAAAAAAAAAAAAA,,African trypanosomiasis,Trypanosomiase africaine,tripanosomiasis africana,,,,"A disease endemic among people and animals in Central Africa. It is caused by various species of trypanosomes, particularly T. gambiense and T. rhodesiense. Its second host is the tsetse fly. Involvement of the central nervous system produces ""African sleeping sickness."" Nagana is a rapidly fatal trypanosomiasis of horses and other animals.",,,Diagnosis,N/A,,,,,,,,,,,,2365
149393AAAAAAAAAAAAAAAAAAAAAAAAAAAAAA,,Adhesive capsulitis of shoulder,Capsulite retractile de l'epaule,capsulitis adhesiva del hombro,,,,"Inflammation of a bursa, occasionally accompanied by a calcific deposit in the underlying supraspinatus tendon. The most common site is the subdeltoid bursa. (Dorland, 27th ed)",,,Diagnosis,N/A,,,,,,,,,,,,2366
149395AAAAAAAAAAAAAAAAAAAAAAAAAAAAAA,,Adhesions of uterus,Adhérences de l'utérus,adherencias de útero,,,,,,,Diagnosis,N/A,,,,,,,,,,,,2367
149478AAAAAAAAAAAAAAAAAAAAAAAAAAAAAA,,Acute upper respiratory infection,Infection des voies respiratoires supérieures aiguë,infección aguda de vías respiratorias superiores,Acute URI,,,"A catarrhal disorder of the upper respiratory tract, which may be viral, a mixed infection, or an allergic reaction. It is marked by acute coryza, slight rise in temperature, chilly sensations, and general indisposition. (Dorland, 27th ed)",,,Diagnosis,N/A,,,,,,,,,,,,2368
149482AAAAAAAAAAAAAAAAAAAAAAAAAAAAAA,,Acute ulcerative gingivitis,Gingivite ulcéreuse aiguë,gingivitis ulcerosa aguda,,,,"An acute or chronic gingival infection characterized by redness and swelling, necrosis extending from the interdental papillae along the gingival margins, pain, hemorrhage, necrotic odor, and often a pseudomembrane. The condition may extend to the oral mucosa, tongue, palate, or pharynx.",,,Diagnosis,N/A,,,,,,,,,,,,2369
149484AAAAAAAAAAAAAAAAAAAAAAAAAAAAAA,,Acute type A viral hepatitis,Hépatite aiguë A,hepatitis viral aguda tipo A,,,,"DEF: An acute infectious disease of the liver caused by the hepatitis A virus. DESC: Most commonly transmitted by the faecal-oral route, such as contaminated food. Incubation period 4-6 weeks. REF: {http://en.wikipedia.org/wiki/Hepatitis_A }",,,Diagnosis,N/A,,,,,,,,,,,,2370
1494AAAAAAAAAAAAAAAAAAAAAAAAAAAAAAAA,,Fever lasting more than three weeks,Fièvre de plus de trois semaines,,,,,,,,Diagnosis,Boolean,,,,,,,,,,,,2371
149514AAAAAAAAAAAAAAAAAAAAAAAAAAAAAA,,Acute stress disorder,Réaction à un facteur de stress,trastorno por estrés agudo,,,,,,,Diagnosis,N/A,,,,,,,,,,,,2372
149537AAAAAAAAAAAAAAAAAAAAAAAAAAAAAA,,Acute respiratory failure,Insuffisance respiratoire aiguë,difucultad respiratoria aguda,,,,"Failure to adequately provide oxygen to cells of the body and to remove excess carbon dioxide from them. (Stedman, 25th ed)",,,Diagnosis,N/A,,,,,,,,,,,,2373
149538AAAAAAAAAAAAAAAAAAAAAAAAAAAAAA,,Acute respiratory distress,Détresse respiratoire aiguë,distrés respiratorio agudo,,,,,,,Diagnosis,N/A,,,,,,,,,,,,2374
149554AAAAAAAAAAAAAAAAAAAAAAAAAAAAAA,,Acute pyelonephritis,Pyélonéphrite aiguë,pielonefritis aguda,,,,Inflammation or infection of the kidney.,,,Diagnosis,N/A,,,,,,,,,,,,2375
149563AAAAAAAAAAAAAAAAAAAAAAAAAAAAAA,,Acute prostatitis,Prostatite aiguë,prostatitis aguda,,,,"Inflammation of the prostate. (Dorland, 27th ed)",,,Diagnosis,N/A,,,,,,,,,,,,2376
149566AAAAAAAAAAAAAAAAAAAAAAAAAAAAAA,,Acute posthemorrhagic anemia,d,Anemia poshemorrégica aguda,,,,Anemia due to depletion of red blood cells following an acute loss of blood through hemorrhage.,,,Diagnosis,N/A,,,,,,,,,,,,2377
149592AAAAAAAAAAAAAAAAAAAAAAAAAAAAAA,,Acute peptic ulcer with perforation,Ulcère gastroduodénal aigu avec perforation,úlcera péptica aguda con perforación,,,,,,,Diagnosis,N/A,,,,,,,,,,,,2378
149594AAAAAAAAAAAAAAAAAAAAAAAAAAAAAA,,Acute peptic ulcer with haemorrhage but without obstruction,,úlcera péptica aguda con hemorragia pero sin obstrucción,,,,,,,Diagnosis,N/A,,,,,,,,,,,,2379
149609AAAAAAAAAAAAAAAAAAAAAAAAAAAAAA,,Acute otitis media,Otite moyenne aiguë,otitis media aguda,,,,Inflammation of the middle ear.,,,Diagnosis,N/A,,,,,,,,,,,,2380
149707AAAAAAAAAAAAAAAAAAAAAAAAAAAAAA,,Acute lichenoid pityriasis,Pityriasis lichénoïde et varioliforme aigu,Pitiriasis liquenoide aguda,,,,"A subgroup of PARAPSORIASIS itself divided into acute and chronic forms. The acute form is characterized by the abrupt onset of a generalized, reddish-brown, maculopapular eruption. Lesions may be vesicular, hemorrhagic, crusted, or necrotic. Histologically the disease is characterized by epidermal necrolysis. The chronic form shows milder skin changes with necrosis. An important variant of the chronic form is LYMPHOMATOID PAPULOSIS.",,,Diagnosis,N/A,,,,,,,,,,,,2381
149743AAAAAAAAAAAAAAAAAAAAAAAAAAAAAA,,Acute hepatitis C,Hepatite C aigu,hepatitis C aguda,,,,,,,Diagnosis,N/A,,,,,,,,,,,,2382
149745AAAAAAAAAAAAAAAAAAAAAAAAAAAAAA,,Acute hepatitis,,hepatitis aguda,,,,,,,Diagnosis,N/A,,,,,,,,,,,,2383
149779AAAAAAAAAAAAAAAAAAAAAAAAAAAAAA,,Acute gastroenteritis,Gastro-entérite aiguë,gastroenteritis aguda,,,,"Inflammation of the lining of the stomach and intestines, often accompanied by diarrhea.",,,Diagnosis,N/A,,,,,,,,,,,,2384
149783AAAAAAAAAAAAAAAAAAAAAAAAAAAAAA,,Acute gastric ulcer without haemorrhage or perforation,,úlcera gástrica aguda sin hemorragia y sin perforación,,,,,,,Diagnosis,N/A,,,,,,,,,,,,2385
149856AAAAAAAAAAAAAAAAAAAAAAAAAAAAAA,,Acute diarrhea,Diarrhée aigüe,Diarrea aguda,,,,DEF: Frequent and loose bowel movements of acute onset (< 24 hours).  DESC: Commonly associated with abdominal pain. May be associated with blood or mucus in the stool. REF: http://www.healthatoz.com/healthatoz/Atoz/common/standard/transform.jsp?requestURI=/healthatoz/Atoz/ency/diarrhea.jsp,,,Diagnosis,N/A,,,,,,,,,,,,2386
149885AAAAAAAAAAAAAAAAAAAAAAAAAAAAAA,,Acute bronchiolitis,Bronchiolite aiguë,bronquiolitis aguda,,,,"Inflammation of the bronchioles. Including acute bronchiolitis due to respiratory syncitial virus, human metapneumovirus, other specified organisms or unspecified.",,,Diagnosis,N/A,,,,,,,,,,,,2387
149906AAAAAAAAAAAAAAAAAAAAAAAAAAAAAA,,Acute appendicitis,Appendicite aiguë,apendicitis aguda,,,,Acute inflammation of the vermiform appendix.,,,Diagnosis,N/A,,,,,,,,,,,,2388
149916AAAAAAAAAAAAAAAAAAAAAAAAAAAAAA,,Acute or subacute endocarditis,Endocardite aiguë ou subaiguë,endocarditis aguda y subaguda,,,,,,,Diagnosis,N/A,,,,,,,,,,,,2389
149923AAAAAAAAAAAAAAAAAAAAAAAAAAAAAA,,Acute alcoholic liver disease,,hepatitis alcohólica aguda,,,,,,,Diagnosis,N/A,,,,,,,,,,,,2390
149938AAAAAAAAAAAAAAAAAAAAAAAAAAAAAA,,Acute abdomen,Syndrome abdominal aigu,abdomen agudo,,,,"Clinical syndrome characterized by abdominal pain of great severity associated with other symptoms and signs, usually those of acute peritonitis, which might well be the result of a ruptured abdominal viscus or a similar abdominal catastrophe requiring urgent surgical operation.",,,Diagnosis,N/A,,,,,,,,,,,,2391
149946AAAAAAAAAAAAAAAAAAAAAAAAAAAAAA,,Actinomycotic infection,Actinomycose,infección actinomicótica,,,,Infections with bacteria of the genus ACTINOMYCES.,,,Diagnosis,N/A,,,,,,,,,,,,2392
149949AAAAAAAAAAAAAAAAAAAAAAAAAAAAAA,,Actinic keratosis,Keratose actinique,queratosis actínica,,,,,,,Diagnosis,N/A,,,,,,,,,,,,2393
149964AAAAAAAAAAAAAAAAAAAAAAAAAAAAAA,,Acrodermatitis atrophicans chronica,Acrodermatite chronique atrophiante,acrodermatitis atrófica crónica,,,,,,,Diagnosis,N/A,,,,,,,,,,,,2394
149977AAAAAAAAAAAAAAAAAAAAAAAAAAAAAA,,Acquired trigger finger,"Doigt à ressaut, acquis",dedo en resorte adquirido,,,,General or unspecified injuries involving the fingers.,,,Diagnosis,N/A,,,,,,,,,,,,2395
149999AAAAAAAAAAAAAAAAAAAAAAAAAAAAAA,,Acquired short achilles tendon,Brièveté du tendon d'Achille (acquise),acortamiento adquirido del tendón de Aquiles,,,,,,,Diagnosis,N/A,,,,,,,,,,,,2396
150042AAAAAAAAAAAAAAAAAAAAAAAAAAAAAA,,Acquired hallux rigidus,Hallux rigidus,rigidez del dedo gordo adquirida,,,,,,,Diagnosis,N/A,,,,,,,,,,,,2397
150060AAAAAAAAAAAAAAAAAAAAAAAAAAAAAA,,Acquired equinovarus deformity,"Pied bot, acquis",pie equinovaro adquirido,,,,"A deformed foot in which the foot is plantarflexed, inverted and adducted.",,,Diagnosis,N/A,,,,,,,,,,,,2398
150096AAAAAAAAAAAAAAAAAAAAAAAAAAAAAA,,Acquired clubhand,"Main bote, acquise",talipómano adquirida,,,,,,,Diagnosis,N/A,,,,,,,,,,,,2399
150097AAAAAAAAAAAAAAAAAAAAAAAAAAAAAA,,Acquired claw hand,"Main en griffe, acquise",mano en garra - adquirida,,,,,,,Diagnosis,N/A,,,,,,,,,,,,2400
150098AAAAAAAAAAAAAAAAAAAAAAAAAAAAAA,,Acquired claw foot,"Pied creux, acquis",pie en garra adquirido,,,,,,,Diagnosis,N/A,,,,,,,,,,,,2401
150126AAAAAAAAAAAAAAAAAAAAAAAAAAAAAA,,Acne vulgaris,Acne vulgaire,acné vulgar,,,,"A chronic disorder of the pilosebaceous apparatus associated with an increase in sebum secretion. It is characterized by open comedones (blackheads), closed comedones (whiteheads), and pustular nodules. The cause is unknown, but heredity and age are predisposing factors.",,,Diagnosis,N/A,,,,,,,,,,,,2402
150136AAAAAAAAAAAAAAAAAAAAAAAAAAAAAA,,Acne keloid,Acne cheloidienne,acné queloide,,,,A type of acneiform disorder in which secondary pyogenic infection in and around pilosebaceous structures ends in keloidal scarring. It manifests as persistent folliculitis of the back of the neck associated with occlusion of the follicular orifices. It is most often encountered in black or Asian men.,,,Diagnosis,N/A,,,,,,,,,,,,2403
150142AAAAAAAAAAAAAAAAAAAAAAAAAAAAAA,,Acne conglobata,Acne conglobata,acné conglobada,,,,,,,Diagnosis,N/A,,,,,,,,,,,,2404
150144AAAAAAAAAAAAAAAAAAAAAAAAAAAAAA,,Acne,Acne,Acne,,,,,,,Diagnosis,N/A,,,,,,,,,,,,2405
150167AAAAAAAAAAAAAAAAAAAAAAAAAAAAAA,,Aching pain,Courbatures,"dolor, sordo y persistente",,,,An unpleasant sensation induced by noxious stimuli and generally received by specialized nerve endings.,,,Diagnosis,N/A,,,,,,,,,,,,2406
150431AAAAAAAAAAAAAAAAAAAAAAAAAAAAAA,,Accident caused by explosion,Accident causé par une explosion,accidente causado por explosión,Explosion,Explosion,,,,,Diagnosis,N/A,,,,,,,,,,,,2407
150433AAAAAAAAAAAAAAAAAAAAAAAAAAAAAA,,Accident caused by earthquake,Accident de tremblement de terre,accidente producido por terremoto,,,,"Sudden calamitous events producing great material damage, loss, and distress. They are the result of natural phenomena such as earthquakes, floods, etc.",,,Diagnosis,N/A,,,,,,,,,,,,2408
150525AAAAAAAAAAAAAAAAAAAAAAAAAAAAAA,,Absence seizure,Crises d'absence,crisis de ausencia,,,,"A childhood seizure disorder characterized by rhythmic electrical brain discharges of geneneralized onset. Clinical features include a sudden cessation of ongoing activity usually without loss of postural tone. Rhythmic blinking of the eyelids or lip smacking frequently accompanies the seizure. The usual duration is 5-10 seconds, and multiple episodes may occur daily. Juvenile absence epilepsy is characterized by the juvenile onset of absence seizures and an increased incidence of myoclonus and tonic-clonic seizures. (Menkes, Textbook of Child Neurology, 5th ed, p736)",,,Diagnosis,N/A,,,,,,,,,,,,2409
150549AAAAAAAAAAAAAAAAAAAAAAAAAAAAAA,,Abscess of tendon sheath,Abcès de la gaine du tendon,absceso de vaina tendinosa,,,,,,,Diagnosis,N/A,,,,,,,,,,,,2410
150555AAAAAAAAAAAAAAAAAAAAAAAAAAAAAA,,Abscess of skin and subcutaneous tissue,Abcès de la peau et du tissu sous-cutané,absceso de la piel Y/O del tejido celular subcutáneo,,ABCès,,,,,Diagnosis,N/A,,,,,,,,,,,,2411
150632AAAAAAAAAAAAAAAAAAAAAAAAAAAAAA,,Abscess,Abcès,absceso,,,,,,,Diagnosis,N/A,,,,,,,,,,,,2412
150746AAAAAAAAAAAAAAAAAAAAAAAAAAAAAA,,Abortion with sepsis,Avortement septique,aborto con sepsis,,,,,,,Diagnosis,N/A,,,,,,,,,,,,2413
150802AAAAAAAAAAAAAAAAAAAAAAAAAAAAAA,,Abnormal vaginal bleeding,Saignement vaginal anormal,sangrado vaginal anormal,,,,,,,Diagnosis,Coded,,,,,,,,,,,,2414
150807AAAAAAAAAAAAAAAAAAAAAAAAAAAAAA,,Abnormal sexual function,Dysfonction sexuelle,función sexual anormal,,,,"Disturbances in sexual desire and the psychophysiologic changes that characterize the sexual response cycle and cause marked distress and interpersonal difficulty. (APA, DSM-IV, 1994)",,,Diagnosis,N/A,,,,,,,,,,,,2415
150817AAAAAAAAAAAAAAAAAAAAAAAAAAAAAA,,Abnormal reflex,Réflexe anormal,reflejo anormal,,,,"An abnormal response to a stimulus applied to the sensory components of the nervous system. This may take the form of increased, decreased, or absent reflexes.",,,Diagnosis,N/A,,,,,,,,,,,,2416
150823AAAAAAAAAAAAAAAAAAAAAAAAAAAAAA,,Abnormal posture,Posture anormale,postura anormal,,,,,,,Diagnosis,N/A,,,,,,,,,,,,2417
150862AAAAAAAAAAAAAAAAAAAAAAAAAAAAAA,,Abnormal fetal presentation,Présentation anormale du fœtus,presentación fetal defectuosa (duplicate),,,,,,,Diagnosis,N/A,,,,,,,,,,,,2418
150880AAAAAAAAAAAAAAAAAAAAAAAAAAAAAA,,Abnormal behavior,Comportement anormal,conducta anormal,,,,"A repetitive and persistent pattern of behavior in which the basic rights of others or major age-appropriate societal norms or rules are violated. These behaviors include aggressive conduct that causes or threatens physical harm to other people or animals, nonagressive conduct that causes property loss or damage, deceitfulness or theft, and serious violations of rules. The onset is before age 18. (From DSM-IV, 1994)",,,Diagnosis,N/A,,,,,,,,,,,,2419
150903AAAAAAAAAAAAAAAAAAAAAAAAAAAAAA,,Abdominal pulsatile mass,Fois Pulsatile,masa abdominal pulsátil,,,,,,,Diagnosis,N/A,,,,,,,,,,,,2420
151087AAAAAAAAAAAAAAAAAAAAAAAAAAAAAA,,"Outcome of delivery, twins, both stillborn","Résultat de l'accouchement, jumeaux mort-nés",gemelos: ambos mortinatos,,,,,,,Diagnosis,N/A,,,,,,,,,,,,2421
151088AAAAAAAAAAAAAAAAAAAAAAAAAAAAAA,,"Outcome of delivery, twins, one liveborn and one stillborn","Résultat de l'accouchement, l'un des jumaux né vivant, l'autre mort-né","gemelos - uno, mortinato; el otro nacido vivo","Twin, mate stillborn",,,,,,Diagnosis,N/A,,,,,,,,,,,,2422
151099AAAAAAAAAAAAAAAAAAAAAAAAAAAAAA,,Surveillance of intrauterine contraceptive device,Surveillance d'un dispositif contraceptif intra-utérin,control de dispositivo anticonceptivo intrauterino,,,,,,,Diagnosis,N/A,,,,,,,,,,,,2423
151124AAAAAAAAAAAAAAAAAAAAAAAAAAAAAA,,"Outcome of delivery, single stillborn","Résultat de l'accouchement, mort-né unique",un solo mortinato,,,,,,,Diagnosis,N/A,,,,,,,,,,,,2424
151185AAAAAAAAAAAAAAAAAAAAAAAAAAAAAA,,Screening for malignant neoplasm of cervix,Dépistage Çancer du col,,,,,,,,Diagnosis,N/A,,,,,,,,,,,,2425
151282AAAAAAAAAAAAAAAAAAAAAAAAAAAAAA,,Personal history of unspecified mental disorder,Histoire personnelle de troubles mentaux non spécifié,Antecedentes personales de trastorno mental no especificado,,,,"Psychiatric illness or diseases manifested by breakdowns in the adaptational process expressed primarily as abnormalities of thought, feeling, and behavior producing either distress or impairment of function.",,,Diagnosis,N/A,,,,,,,,,,,,2426
151286AAAAAAAAAAAAAAAAAAAAAAAAAAAAAA,,Personal history of malignant neoplasm,Antécédents personnels de cancer,antecedente de: neoplasia maligna,,,,,,,Diagnosis,N/A,,,,,,,,,,,,2427
151292AAAAAAAAAAAAAAAAAAAAAAAAAAAAAA,,Personal history of allergy to unspecified medicinal agent,Antécédents personnels d'allergie à un agent médicamenteux non spécifié,antecedente de: alergia medicamentosa,,,,,,,Diagnosis,N/A,,,,,,,,,,,,2428
151297AAAAAAAAAAAAAAAAAAAAAAAAAAAAAA,,Personal history of analgesic agent allergy,Antécédents personnels d'allergie aux analgésiques,antecedente de: alergia a analgésicos,,,,,,,Diagnosis,N/A,,,,,,,,,,,,2429
151316AAAAAAAAAAAAAAAAAAAAAAAAAAAAAA,,Alternative medicine,Médecine alternative,tratamiento complementario,,,,,,,Diagnosis,N/A,,,,,,,,,,,,2430
151447AAAAAAAAAAAAAAAAAAAAAAAAAAAAAA,,Ileostomy status,Iléostomie,antecedente de: ileostomía,,,,,,,Diagnosis,N/A,,,,,,,,,,,,2431
151521AAAAAAAAAAAAAAAAAAAAAAAAAAAAAA,,Family history of malignant neoplasm,Antécédents familiaux de tumeurs malignes,antecedente familiar de cáncer,,,,,,,Diagnosis,N/A,,,,,,,,,,,,2432
151632AAAAAAAAAAAAAAAAAAAAAAAAAAAAAA,,Personal history of tuberculosis,Histoire personnelle de tuberculose,antecedente de: tuberculosis,,,,,,,Diagnosis,N/A,,,,,,,,,,,,2433
151673AAAAAAAAAAAAAAAAAAAAAAAAAAAAAA,,Infectious disease,Maladies infectieuses,enfermedad infecciosa,,,,"Invasion and multiplication of microorganisms in body tissues, which may be clinically inapparent or result in local cellular injury. A local infection may persist and spread by extension to become an acute, subacute, or chronic clinical infection or disease state. It may also become systemic when the microorganisms gain access to the lymphatic or vascular system. (From Dorland, 27th ed)",,,Diagnosis,N/A,,,,,,,,,,,,2434
151828AAAAAAAAAAAAAAAAAAAAAAAAAAAAAA,,"Neoplasm, metastatic",Métastases,enfermedad neoplásica maligna secundaria,,,,,,,Diagnosis,N/A,,,,,,,,,,,,2435
151849AAAAAAAAAAAAAAAAAAAAAAAAAAAAAA,,"Liveborn, unspecified whether single, twin, or multiple","Naissance vivante, non spécifié si c'est seul, jumeaux ou multiple",parto de feto vivo,Liveborn,,,,,,Diagnosis,N/A,,,,,,,,,,,,2436
151907AAAAAAAAAAAAAAAAAAAAAAAAAAAAAA,,Vague Bodily Discomfort,Malaise Corporelle Imprécise,malestar general (duplicate),,,,,,,Diagnosis,N/A,,,,,,,,,,,,2437
151924AAAAAAAAAAAAAAAAAAAAAAAAAAAAAA,,Adenocarcinoma,Adénocarcinome,adenocarcinoma metastásico de etiología desconocida,,,,,,,Diagnosis,N/A,,,,,,,,,,,,2438
151927AAAAAAAAAAAAAAAAAAAAAAAAAAAAAA,,Family history of hypertension,Histoire de famille de l'hypertension,antecedente familiar de hipertensión,,,,,,,Diagnosis,N/A,,,,,,,,,,,,2439
151939AAAAAAAAAAAAAAAAAAAAAAAAAAAAAA,,Guttate psoriasis,Psoriasis en goutte,psoriasis en gotas,,,,,,,Diagnosis,N/A,,,,,,,,,,,,2440
152039AAAAAAAAAAAAAAAAAAAAAAAAAAAAAA,,Avulsion of scalp,Arrachement du cuir chevelu,avulsión del cuero cabelludo,,,,,,,Diagnosis,N/A,,,,,,,,,,,,2441
152065AAAAAAAAAAAAAAAAAAAAAAAAAAAAAA,,Chronic intractable pain,Douleur chronique irréductible,dolor crónico intratable,,,,,,,Diagnosis,N/A,,,,,,,,,,,,2442
152140AAAAAAAAAAAAAAAAAAAAAAAAAAAAAA,,Dislocation of radial head,Luxation de la tête radiale,luxación de la cabeza radial,,,,,,,Diagnosis,N/A,,,,,,,,,,,,2443
152209AAAAAAAAAAAAAAAAAAAAAAAAAAAAAA,,Measles without complication,Rougeole sans complications,sarampión sin complicación,,,,,,,Diagnosis,N/A,,,,,,,,,,,,2444
152228AAAAAAAAAAAAAAAAAAAAAAAAAAAAAA,,"Localized swelling, mass and lump, multiple sites",Gonflement localisé masse et grosseur sites multiples,"tumefacción, masa y bulto localizados, múltiples localizaciones",,,,,,,Diagnosis,N/A,,,,,,,,,,,,2445
152230AAAAAAAAAAAAAAAAAAAAAAAAAAAAAA,,Lumbago with sciatica,Lombalgie avec sciatique,lumbociatalgia,,,,,,,Diagnosis,N/A,,,,,,,,,,,,2446
152262AAAAAAAAAAAAAAAAAAAAAAAAAAAAAA,,Neonatal skin infection,Infection de la peau du nouveau-né,infección cutánea neonatal,,,,,,,Diagnosis,N/A,,,,,,,,,,,,2447
152265AAAAAAAAAAAAAAAAAAAAAAAAAAAAAA,,Neonatal aspiration of milk and regurgitated food,Aspiration de lait et d'aliments régurgités,aspiración de leche y alimento regurgitado en el recién nacido,,,,,,,Diagnosis,N/A,,,,,,,,,,,,2448
152266AAAAAAAAAAAAAAAAAAAAAAAAAAAAAA,,Neonatal cardiac failure,"Insuffisance cardiaque, néonatale",insuficiencia cardíaca neonatal,,,,,,,Diagnosis,N/A,,,,,,,,,,,,2449
152295AAAAAAAAAAAAAAAAAAAAAAAAAAAAAA,,Plasmodium falciparum malaria with cerebral complications,Malaria de Falciparum de plasmodium avec des complications cérébrales,"paludismo causado por Plasmodium falciparum, con complicaciones cerebrales",,,,,,,Diagnosis,N/A,,,,,,,,,,,,2450
152304AAAAAAAAAAAAAAAAAAAAAAAAAAAAAA,,Postoperative intestinal obstruction,Occlusion intestinale post-opératoire,obstrucción intestinal posquirúrgica,,,,,,,Diagnosis,N/A,,,,,,,,,,,,2451
152306AAAAAAAAAAAAAAAAAAAAAAAAAAAAAA,,"Primary respiratory tuberculosis, confirmed","Tuberculose respiratoire, confirmée","tuberculosis respiratoria primaria, con confirmación bacteriológica e histológica",,,,,,,Diagnosis,N/A,,,,,,,,,,,,2452
152307AAAAAAAAAAAAAAAAAAAAAAAAAAAAAA,,Pseudarthrosis after fusion or arthrodesis,Pseudarthrose après arthrodèse,seudoartrosis luego de fusión o artrodesis,,,,,,,Diagnosis,N/A,,,,,,,,,,,,2453
152336AAAAAAAAAAAAAAAAAAAAAAAAAAAAAA,,Secondary dysmenorrhoea,Dysmenorrhee secondaire,dismenorrea secundaria,,,,,,,Diagnosis,N/A,,,,,,,,,,,,2454
152339AAAAAAAAAAAAAAAAAAAAAAAAAAAAAA,,Seronegative rheumatoid arthritis,Arthrite rhumatoïde séronégative,artritis reumatoidea seronegativa,,,,,,,Diagnosis,N/A,,,,,,,,,,,,2455
152370AAAAAAAAAAAAAAAAAAAAAAAAAAAAAA,,Sexual abuse,Abus sexuel,abuso sexual,,,,,,,Diagnosis,N/A,,,,,,,,,,,,2456
152371AAAAAAAAAAAAAAAAAAAAAAAAAAAAAA,,Slowness and poor responsiveness,Réaction lente,lentitud y respuesta escasa,,,,,,,Diagnosis,N/A,,,,,,,,,,,,2457
152404AAAAAAAAAAAAAAAAAAAAAAAAAAAAAA,,Traumatic rupture of cervical intervertebral disc,Rupture traumatique d'un disque intervertébral cervical,ruptura traumática de disco intervertebral cervical,,,,,,,Diagnosis,N/A,,,,,,,,,,,,2458
152405AAAAAAAAAAAAAAAAAAAAAAAAAAAAAA,,Traumatic rupture of lumbar intervertebral disc,Rupture traumatique d'un disque intervertébral lombaire,ruptura traumática de disco intervertebral lumbar,,,,,,,Diagnosis,N/A,,,,,,,,,,,,2459
152406AAAAAAAAAAAAAAAAAAAAAAAAAAAAAA,,Traumatic rupture of symphysis pubis,Rupture traumatique de la symphyse pubienne,ruptura traumática de sínfisis púbica,,,,,,,Diagnosis,N/A,,,,,,,,,,,,2460
152415AAAAAAAAAAAAAAAAAAAAAAAAAAAAAA,,Traumatic amputation at level between hip and knee,Amputation traumatique entre la hanche et le genou,amputación traumática a cualquier nivel entre la cadera y la rodilla,,,,,,,Diagnosis,N/A,,,,,,,,,,,,2461
152421AAAAAAAAAAAAAAAAAAAAAAAAAAAAAA,,Traumatic amputation of ear,Amputation traumatique de l'oreille,amputación traumática de la oreja,,,,,,,Diagnosis,N/A,,,,,,,,,,,,2462
152450AAAAAAAAAAAAAAAAAAAAAAAAAAAAAA,,Family history of epilepsy,Histoire de famille de l'épilepsi,antecedente familiar de epilepsia,,,,,,,Diagnosis,Coded,,,,,,,,,,,,2463
152452AAAAAAAAAAAAAAAAAAAAAAAAAAAAAA,,Family history of glaucoma,Histoire familiaux de glaucome,antecedente familiar de glaucoma,,,,,,,Diagnosis,N/A,,,,,,,,,,,,2464
152476AAAAAAAAAAAAAAAAAAAAAAAAAAAAAA,,Family history of sickle cell anemia,Histoire de famille de anémie falciforme,antecedente familiar de anemia drepanocítica,,,,,,,Diagnosis,N/A,,,,,,,,,,,,2465
152491AAAAAAAAAAAAAAAAAAAAAAAAAAAAAA,,Benign neoplasm of duodenum,Tumeur bénigne du duodénum,neoplasia benigna de duodeno,,,,,,,Diagnosis,N/A,,,,,,,,,,,,2466
152512AAAAAAAAAAAAAAAAAAAAAAAAAAAAAA,,Personal History of Stroke,Histoire personnelle d'AVC,antecedente de accidente cerebrovascular,,,,,,,Diagnosis,N/A,,,,,,,,,,,,2467
152595AAAAAAAAAAAAAAAAAAAAAAAAAAAAAA,,Polymyositis-dermatomyositis,Dermatopolymyosite,dermatomiositis,,,,,,,Diagnosis,N/A,,,,,,,,,,,,2468
152665AAAAAAAAAAAAAAAAAAAAAAAAAAAAAA,,Acute viral hepatitis E,Hépatite aiguë E,hepatitis E aguda,,,,,,,Diagnosis,N/A,,,,,,,,,,,,2469
152722AAAAAAAAAAAAAAAAAAAAAAAAAAAAAA,,Smoker,Fumeur	,fumador,,,,,,,Diagnosis,Coded,,,,,,,,,,,,2470
152807AAAAAAAAAAAAAAAAAAAAAAAAAAAAAA,,Former smoker,Ancien fumeur,ex fumador,,,,,,,Diagnosis,Coded,,,,,,,,,,,,2471
152952AAAAAAAAAAAAAAAAAAAAAAAAAAAAAA,,Environmental allergies,Allergies environnementales,alergia ambiental,,,,,,,Diagnosis,N/A,,,,,,,,,,,,2472
152959AAAAAAAAAAAAAAAAAAAAAAAAAAAAAA,,Thickening of tendon sheath,Épaississement de la gaine tendineuse,engrosamiento de la vaina tendinosa,,,,,,,Diagnosis,N/A,,,,,,,,,,,,2473
152AAAAAAAAAAAAAAAAAAAAAAAAAAAAAAAAA,,Dysentery,Dysenterie,disentería,,,,"diarrheal illness, usually due to infection",,,Diagnosis,N/A,,,,,,,,,,,,2474
153009AAAAAAAAAAAAAAAAAAAAAAAAAAAAAA,,Babinski sign,Signe de Babinski,reflejo de prensión plantar ausente,,,,,,,Diagnosis,N/A,,,,,,,,,,,,2475
153013AAAAAAAAAAAAAAAAAAAAAAAAAAAAAA,,Mycobacterium avium-intracellulare complex,Complexe Mycobacterium avium-intracellulaire,infección por Mycobacterium del grupo avium - intracellulare,,,,,,,Diagnosis,N/A,,,,,,,,,,,,2476
153109AAAAAAAAAAAAAAAAAAAAAAAAAAAAAA,,Infection due to central venous catheter,Infection sur catheter veineux central,infección en catéter venoso central,,,,,,,Diagnosis,N/A,,,,,,,,,,,,2477
153112AAAAAAAAAAAAAAAAAAAAAAAAAAAAAA,,"Dysphagia, oral phase","Dysphagie, phase orale",disfagia de la fase oral,,,,,,,Diagnosis,N/A,,,,,,,,,,,,2478
153205AAAAAAAAAAAAAAAAAAAAAAAAAAAAAA,,Carcinoma in situ of female genital organ,Carcinome in situ des organes génitaux féminins,carcinoma in situ de los órganos genitales femeninos,,,,,,,Diagnosis,N/A,,,,,,,,,,,,2479
153358AAAAAAAAAAAAAAAAAAAAAAAAAAAAAA,,Allergy to tomatoes,Allergie aux tomates,alergia al tomate,,,,,,,Diagnosis,N/A,,,,,,,,,,,,2480
153435AAAAAAAAAAAAAAAAAAAAAAAAAAAAAA,,Sulfite allergy,Allergie aux sulfites,reacción alérgica al sulfito,,,,,,,Diagnosis,N/A,,,,,,,,,,,,2481
153551AAAAAAAAAAAAAAAAAAAAAAAAAAAAAA,,Abdominal pain complicating pregnancy,Grossesse & traumatisme ou douleur abdominal,dolor abdominal en el embarazo,,,,,,,Diagnosis,N/A,,,,,,,,,,,,2482
153659AAAAAAAAAAAAAAAAAAAAAAAAAAAAAA,,Atrioventricular canal defect,Communication auriculo-ventriculaire,defecto de la almohadilla endocárdica,,,,,,,Diagnosis,N/A,,,,,,,,,,,,2483
153701AAAAAAAAAAAAAAAAAAAAAAAAAAAAAA,,HIV-associated nephropathy,Nephropathie a VIH,nefropatía relacionada con el síndrome de inmunodeficiencia adquirida,HIVAN,,,,,,Diagnosis,N/A,,,,,,,,,,,,2484
154016AAAAAAAAAAAAAAAAAAAAAAAAAAAAAA,,Moderate dehydration,Déshydratation modérée,,,,,,,,Diagnosis,N/A,,,,,,,,,,,,2485
154017AAAAAAAAAAAAAAAAAAAAAAAAAAAAAA,,Mild dehydration,Déshydratation légère,,,,,,,,Diagnosis,N/A,,,,,,,,,,,,2486
154223AAAAAAAAAAAAAAAAAAAAAAAAAAAAAA,,Neonatal death,La mortalité néonatale,muerte neonatal,,,,,,,Diagnosis,N/A,,,,,,,,,,,,2487
154226AAAAAAAAAAAAAAAAAAAAAAAAAAAAAA,,Sprain of posterior cruciate ligament of knee,Entorse des ligaments croisés du genou (postérieur),esguince del ligamento cruzado posterior de la rodilla,,,,,,,Diagnosis,N/A,,,,,,,,,,,,2488
154311AAAAAAAAAAAAAAAAAAAAAAAAAAAAAA,,Rectal discharge,Écoulement rectal,secreción rectal,,,,,,,Diagnosis,N/A,,,,,,,,,,,,2489
154355AAAAAAAAAAAAAAAAAAAAAAAAAAAAAA,,HELLP (hemolytic anemia/elev liver enzymes/low platelets in pregnancy),Syndrome HELLP,síndrome HELLP,,,,,,,Diagnosis,N/A,,,,,,,,,,,,2490
154386AAAAAAAAAAAAAAAAAAAAAAAAAAAAAA,,4-quinolones allergy,Allergie aux 4-quinolones,Alergia a 4-quinolonas,,,,,,,Diagnosis,N/A,,,,,,,,,,,,2491
154389AAAAAAAAAAAAAAAAAAAAAAAAAAAAAA,,5-hydroxytryptamine-3 receptor antagonist allergy,Allergie aux antagonistes des récepteurs 5-hydroxytryptamine-3,Alergia a antagonista receptor de 5-HT3,,,,,,,Diagnosis,N/A,,,,,,,,,,,,2492
154450AAAAAAAAAAAAAAAAAAAAAAAAAAAAAA,,Abnormal pap smear of cervix,,Extendido cervical de Papanicolaou anormal,,,,,,,Diagnosis,N/A,,,,,,,,,,,,2493
154453AAAAAAAAAAAAAAAAAAAAAAAAAAAAAA,,Abnormal pupil reflex,Réflexe de la pupille anormale,Reflejo pupilar deteriorado,,,,,,,Diagnosis,N/A,,,,,,,,,,,,2494
154937AAAAAAAAAAAAAAAAAAAAAAAAAAAAAA,,Acute and transient psychotic disorder,Trouble psychotique aigu et transitoire,,,,,,,,Diagnosis,N/A,,,,,,,,,,,,2495
154983AAAAAAAAAAAAAAAAAAAAAAAAAAAAAA,,Acute respiratory infection,Infection respiratoire aiguë,Infección respiratoria aguda,,,,,,,Diagnosis,N/A,,,,,,,,,,,,2496
155010AAAAAAAAAAAAAAAAAAAAAAAAAAAAAA,,AIDS with Kaposi's sarcoma,SIDA avec sarcome de Kaposi,Sarcoma de Kaposi asociado con SIDA (síndrome de inmunodeficiencia adquirida),,,,,,,Diagnosis,N/A,,,,,,,,,,,,2497
155023AAAAAAAAAAAAAAAAAAAAAAAAAAAAAA,,Allergic contact dermatitis,Dermite allergique de contact,Dermatitis por contacto alérgica,,,,,,,Diagnosis,N/A,,,,,,,,,,,,2498
155036AAAAAAAAAAAAAAAAAAAAAAAAAAAAAA,,Allergy to almonds,Allergie aux amandes,Alergia al aceite de almendras,,,,,,,Diagnosis,N/A,,,,,,,,,,,,2499
155037AAAAAAAAAAAAAAAAAAAAAAAAAAAAAA,,Allergy to chloroprocaine,Allergie à la chloroprocaïne,Alergia a cloroprocaína,,,,,,,Diagnosis,N/A,,,,,,,,,,,,2500
155038AAAAAAAAAAAAAAAAAAAAAAAAAAAAAA,,Allergy to dairy product,Allergie aux produits laitiers,,,,,,,,Diagnosis,N/A,,,,,,,,,,,,2501
155039AAAAAAAAAAAAAAAAAAAAAAAAAAAAAA,,Allergy to egg protein,Allergie aux protéines d'œuf,Alergia a proteína del huevo,,,,,,,Diagnosis,N/A,,,,,,,,,,,,2502
155040AAAAAAAAAAAAAAAAAAAAAAAAAAAAAA,,Allergy to ertapenem,Allergie à l'ertapénem,Alergia a ertapenem,,,,,,,Diagnosis,N/A,,,,,,,,,,,,2503
155041AAAAAAAAAAAAAAAAAAAAAAAAAAAAAA,,Allergy to imipenem,Allergie à l'imipénem,Alergia a imipenem,,,,,,,Diagnosis,N/A,,,,,,,,,,,,2504
155042AAAAAAAAAAAAAAAAAAAAAAAAAAAAAA,,Allergy to meropenem,Allergie au méropénem,Alergia a meropenem,,,,,,,Diagnosis,N/A,,,,,,,,,,,,2505
155043AAAAAAAAAAAAAAAAAAAAAAAAAAAAAA,,Allergy to remifentanil,Allergie au rémifentanil,Alergia a remifentanilo,,,,,,,Diagnosis,N/A,,,,,,,,,,,,2506
155044AAAAAAAAAAAAAAAAAAAAAAAAAAAAAA,,Allergy to sevoflurane,Allergie au sévoflurane,Alergia a sevoflurano,,,,,,,Diagnosis,N/A,,,,,,,,,,,,2507
155045AAAAAAAAAAAAAAAAAAAAAAAAAAAAAA,,Allergy to sufentanil,Allergie au sufentanil,Alergia a sufentanilo,,,,,,,Diagnosis,N/A,,,,,,,,,,,,2508
155046AAAAAAAAAAAAAAAAAAAAAAAAAAAAAA,,Allergy to wheat,Allergie au blé,Alergia al trigo,,,,,,,Diagnosis,N/A,,,,,,,,,,,,2509
155177AAAAAAAAAAAAAAAAAAAAAAAAAAAAAA,,Assault by blunt object,Agression par objet contondant,,,,,,,,Diagnosis,N/A,,,,,,,,,,,,2510
155208AAAAAAAAAAAAAAAAAAAAAAAAAAAAAA,,Atypical endocervical cells on Pap smear,,Células endocervicales atípicas en el extendido cervical de Papanicolaou,,,,,,,Diagnosis,N/A,,,,,,,,,,,,2511
155209AAAAAAAAAAAAAAAAAAAAAAAAAAAAAA,,Atypical glandular cells on Pap smear,,Células glandulares atípicas en el extendido cervical de Papanicolaou,,,,,,,Diagnosis,N/A,,,,,,,,,,,,2512
155232AAAAAAAAAAAAAAAAAAAAAAAAAAAAAA,,Bacterial foodborne intoxication,Intoxication bactérienne d'origine alimentaire,Intoxicación alimentaria bacteriana,,,,,,,Diagnosis,N/A,,,,,,,,,,,,2513
155259AAAAAAAAAAAAAAAAAAAAAAAAAAAAAA,,Benign lipomatous neoplasm,Tumeur lipomateuse bénigne,Tumor lipomatoso benigno,,,,,,,Diagnosis,N/A,,,,,,,,,,,,2514
155269AAAAAAAAAAAAAAAAAAAAAAAAAAAAAA,,Benign neoplasm of other and unspecified parts of small intestine,Tumeur bénigne de l'intestin grêl,,,,,,,,Diagnosis,N/A,,,,,,,,,,,,2515
155311AAAAAAAAAAAAAAAAAAAAAAAAAAAAAA,,Bloodstained amniotic fluid,Liquide amniotique teinté de sang,Líquido amniótico con sangre,,,,,,,Diagnosis,N/A,,,,,,,,,,,,2516
155318AAAAAAAAAAAAAAAAAAAAAAAAAAAAAA,,Borderline lepromatous leprosy,Lèpre borderline lepromateuse,Lepra lepromatosa limítrofe,,,,,,,Diagnosis,N/A,,,,,,,,,,,,2517
155319AAAAAAAAAAAAAAAAAAAAAAAAAAAAAA,,Borderline tuberculoid leprosy,Lèpre borderline tuberculoide,Lepra tuberculoide limítrofe,,,,,,,Diagnosis,N/A,,,,,,,,,,,,2518
155351AAAAAAAAAAAAAAAAAAAAAAAAAAAAAA,,Burn of unspecified degree of ankle and foot,Brûlure et corrosion de la cheville et du pied,Quemadura del tobillo y pie,,,,,,,Diagnosis,N/A,,,,,,,,,,,,2519
155382AAAAAAAAAAAAAAAAAAAAAAAAAAAAAA,,Calcium channel blocker allergy,Allergie aux inhibiteurs des canaux calciques,Alergia a fármaco bloqueante de los canales del calcio,,,,,,,Diagnosis,N/A,,,,,,,,,,,,2520
155436AAAAAAAAAAAAAAAAAAAAAAAAAAAAAA,Yes,Caries of dentine,Carie de la dentine (duplicate),Caries de dentina,,,,,,,Diagnosis,N/A,,,,,,,,,,,,2521
155498AAAAAAAAAAAAAAAAAAAAAAAAAAAAAA,,Childhood emotional disorder,Trouble émotionnel de l'enfance,,,,,,,,Diagnosis,N/A,,,,,,,,,,,,2522
155569AAAAAAAAAAAAAAAAAAAAAAAAAAAAAA,,Chronic lung disease,Maladie pulmonaire chronique,Enfermedad pulmonar crónica,,,,,,,Diagnosis,Coded,,,,,,,,,,,,2523
155577AAAAAAAAAAAAAAAAAAAAAAAAAAAAAA,,Chronic osteomyelitis with draining sinus,Osteomyelite chronique avec fistule de drainage,Osteomielitis crónica con fístula productiva,,,,,,,Diagnosis,N/A,,,,,,,,,,,,2524
155663AAAAAAAAAAAAAAAAAAAAAAAAAAAAAA,,Complication of artificial skin graft,Complication de greffe de peau artificielle,Complicación de injerto de piel artificial,,,,,,,Diagnosis,N/A,,,,,,,,,,,,2525
155679AAAAAAAAAAAAAAAAAAAAAAAAAAAAAA,,Congenital anemia from fetal blood loss,"Anémie, congénitale, par perte de sang fœtal",Anemia congénita por pérdida de sangre fetal,,,,,,,Diagnosis,N/A,,,,,,,,,,,,2526
155720AAAAAAAAAAAAAAAAAAAAAAAAAAAAAA,,Congenital scoliosis due to congenital bony malformation,Scoliose congénitale due à une malformation osseuse congénitale,Escoliosis congénita debida a malformación ósea,,,,,,,Diagnosis,N/A,,,,,,,,,,,,2527
155804AAAAAAAAAAAAAAAAAAAAAAAAAAAAAA,,"Crushing injury of head, part unspecified",Ecrasement de la tête,Lesión por aplastamiento del cráneo y los contenidos intracraneales,,,,,,,Diagnosis,N/A,,,,,,,,,,,,2528
155838AAAAAAAAAAAAAAAAAAAAAAAAAAAAAA,,Cysticercosis of central nervous system,Cysticercose du système nerveux central,Cisticercosis del sistema nerviosa central,,,,,,,Diagnosis,N/A,,,,,,,,,,,,2529
155871AAAAAAAAAAAAAAAAAAAAAAAAAAAAAA,,Deformity,Déformation,Deformidad,,,,,,,Diagnosis,N/A,,,,,,,,,,,,2530
155884AAAAAAAAAAAAAAAAAAAAAAAAAAAAAA,,Delivery by cesarean section,Accouchement par césarienne,Parto por sección cesárea,,,,,,,Diagnosis,N/A,,,,,,,,,,,,2531
155891AAAAAAAAAAAAAAAAAAAAAAAAAAAAAA,,Denial (mental defense mechanism),Déni (mécanisme de défense mentale),,,,,,,,Diagnosis,N/A,,,,,,,,,,,,2532
155941AAAAAAAAAAAAAAAAAAAAAAAAAAAAAA,,Diffuse non-Hodgkin's lymphoma,Lymphome diffus non hodgkinien,Linfoma no Hodgkin difuso,,,,,,,Diagnosis,N/A,,,,,,,,,,,,2533
155977AAAAAAAAAAAAAAAAAAAAAAAAAAAAAA,,Disease of Bartholin's gland,Affection de la glande de Bartholin,,,,,,,,Diagnosis,N/A,,,,,,,,,,,,2534
155982AAAAAAAAAAAAAAAAAAAAAAAAAAAAAA,,Disinhibited attachment disorder of childhood,Trouble de l'attachement désinhibé de l'enfance,,,,,,,,Diagnosis,N/A,,,,,,,,,,,,2535
155988AAAAAAAAAAAAAAAAAAAAAAAAAAAAAA,,Dislocation of phalanx of foot,Luxation d'un (des) orteil(s),Dedo del pie luxado,,,,,,,Diagnosis,N/A,,,,,,,,,,,,2536
155AAAAAAAAAAAAAAAAAAAAAAAAAAAAAAAAA,,Epilepsy,Épilepsie,Epilepsia,,,,"Any of various neurological disorders characterized by sudden recurring attacks of motor, sensory, or psychic malfunction with or without loss of consciousness or convulsive seizures.",,,Diagnosis,Coded,,,,,,,,,,,,2537
156001AAAAAAAAAAAAAAAAAAAAAAAAAAAAAA,,Disorder of continuity of bone,Anomalie de la continuité osseuse,,,,,,,,Diagnosis,N/A,,,,,,,,,,,,2538
156027AAAAAAAAAAAAAAAAAAAAAAAAAAAAAA,,Dissociative convulsions,Convulsions dissociatives ou crises de conversion,Convulsiones disociativas,,,,,,,Diagnosis,N/A,,,,,,,,,,,,2539
156028AAAAAAAAAAAAAAAAAAAAAAAAAAAAAA,,Dissociative motor disorder,Trouble dissociatif moteur,,,,,,,,Diagnosis,N/A,,,,,,,,,,,,2540
156162AAAAAAAAAAAAAAAAAAAAAAAAAAAAAA,,Erectile dysfunction associated with type 2 diabetes mellitus,Dysfonction érectile associée au diabète sucré de type 2,Disfunción eréctil asociada con diabetes mellitus tipo 2,,,,,,,Diagnosis,N/A,,,,,,,,,,,,2541
156171AAAAAAAAAAAAAAAAAAAAAAAAAAAAAA,,Erythromycin allergy,Erythromycin allergy,Alergia a eritromicina,,,,,,,Diagnosis,N/A,,,,,,,,,,,,2542
156199AAAAAAAAAAAAAAAAAAAAAAAAAAAAAA,,Exposure to electric current,Choc électrique,Exposición a la corriente eléctrica,,,,,,,Diagnosis,N/A,,,,,,,,,,,,2543
156200AAAAAAAAAAAAAAAAAAAAAAAAAAAAAA,,Exposure to other and unspecified animate mechanical forces,"Exposition à des forces animées, autres et sans précision (inclus coups, morsures et piqûres)",Exposición a una fuerza mecánica animada,,,,,,,Diagnosis,N/A,,,,,,,,,,,,2544
156206AAAAAAAAAAAAAAAAAAAAAAAAAAAAAA,,Extremely low birth weight infant,Extrême petit poids de naissance <1000 gm,Lactante de extremado bajo peso al nacer,,,,Low birth weight infant less than 1000 grams.,,,Diagnosis,N/A,,,,,,,,,,,,2545
156218AAAAAAAAAAAAAAAAAAAAAAAAAAAAAA,,"Failed medical abortion, complicated by delayed or excessive haemorrhage","Avortement provoqué incomplet, avec hémorragie","Intento fallido de interrupción del embarazo realizado con métodos no quirúrgicos, complicado por hemorragia tardía o excesiva",,,,,,,Diagnosis,N/A,,,,,,,,,,,,2546
156253AAAAAAAAAAAAAAAAAAAAAAAAAAAAAA,,Family disruption due to divorce or legal separation,Dislocation de la famille par séparation ou divorce,Ruptura familiar con separación,,,,,,,Diagnosis,N/A,,,,,,,,,,,,2547
156280AAAAAAAAAAAAAAAAAAAAAAAAAAAAAA,,Feeling angry,Se sentir énervé	,Ánimo enojado,,,,,,,Diagnosis,N/A,,,,,,,,,,,,2548
156343AAAAAAAAAAAAAAAAAAAAAAAAAAAAAA,,Follicular cyst of skin and subcutaneous tissue,Kyste folliculaires de la peau et du tissu cellulaire sous-cutané,Quistes foliculares de la piel y del tejido celular subcutáneo,,,,,,,Diagnosis,N/A,,,,,,,,,,,,2549
156355AAAAAAAAAAAAAAAAAAAAAAAAAAAAAA,,Foreign body in respiratory tract,Corps étranger dans les voies respiratoires,Cuerpo extraño en la vía respiratoria,,,,,,,Diagnosis,N/A,,,,,,,,,,,,2550
156366AAAAAAAAAAAAAAAAAAAAAAAAAAAAAA,,Fracture of coccyx,Fracture du coccyx,Fractura de cóccix,,,,,,,Diagnosis,N/A,,,,,,,,,,,,2551
156369AAAAAAAAAAAAAAAAAAAAAAAAAAAAAA,,Fracture of distal end of radius,Fracture de l'extrémité inférieure du radius,Fractura del radio distal,,,,,,,Diagnosis,N/A,,,,,,,,,,,,2552
156370AAAAAAAAAAAAAAAAAAAAAAAAAAAAAA,,Fracture of distal end of tibia,Fracture de l'extrémité inférieure du tibia,Fractura de tibia distal,,,,,,,Diagnosis,N/A,,,,,,,,,,,,2553
156383AAAAAAAAAAAAAAAAAAAAAAAAAAAAAA,Yes,"Fracture of lower leg, closed",Fracture (fermée) du membre inférieur (duplicate),"Fractura de pierna inferior, cerrada",,,,,,,Diagnosis,N/A,,,,,,,,,,,,2554
156384AAAAAAAAAAAAAAAAAAAAAAAAAAAAAA,Yes,"Fracture of lower leg, open",Fracture (ouverte) du membre inférieur (duplicate),"Fractura de pierna inferior, abierta",,,,,,,Diagnosis,N/A,,,,,,,,,,,,2555
156397AAAAAAAAAAAAAAAAAAAAAAAAAAAAAA,,Fracture of other and unspecified parts of wrist and hand,Fracture au niveau du poignet et de la main,Fractura a nivel de la muñeca y la mano,,,,,,,Diagnosis,N/A,,,,,,,,,,,,2556
156399AAAAAAAAAAAAAAAAAAAAAAAAAAAAAA,,Fracture of sacrum,Fracture du sacrum,Fractura del sacro,,,,,,,Diagnosis,N/A,,,,,,,,,,,,2557
156402AAAAAAAAAAAAAAAAAAAAAAAAAAAAAA,,Fracture of second cervical vertebra,Fracture de la deuxième vertèbre cervicale,Fractura de la segunda vértebra cervical,,,,,,,Diagnosis,N/A,,,,,,,,,,,,2558
156406AAAAAAAAAAAAAAAAAAAAAAAAAAAAAA,,Fracture of shaft of ulna,Fracture de la diaphyse du cubitus,Fractura de diáfisis de cúbito,,,,,,,Diagnosis,N/A,,,,,,,,,,,,2559
156407AAAAAAAAAAAAAAAAAAAAAAAAAAAAAA,,Fracture of skull and facial bones,Fracture du crâne et des os de la face,Fractura de cráneo y huesos faciales,,,,,,,Diagnosis,N/A,,,,,,,,,,,,2560
156413AAAAAAAAAAAAAAAAAAAAAAAAAAAAAA,,Fracture of unspecified body region,Fracture d'une partie du corps non precisee,Fractura de región corporal no especificada,,,,,,,Diagnosis,N/A,,,,,,,,,,,,2561
156475AAAAAAAAAAAAAAAAAAAAAAAAAAAAAA,,Genitourinary symptoms,,Síntomas genitourinarios,,,,,,,Diagnosis,N/A,,,,,,,,,,,,2562
156484AAAAAAAAAAAAAAAAAAAAAAAAAAAAAA,,"Gestation period, 28 weeks","Prématurité, 28 semaines","Edad gestacional, 7 meses",,,,,,,Diagnosis,N/A,,,,,,,,,,,,2563
156485AAAAAAAAAAAAAAAAAAAAAAAAAAAAAA,,"Gestation period, 29 weeks","Prématurité, 29 semaines","Edad gestacional, 29 semanas",,,,,,,Diagnosis,N/A,,,,,,,,,,,,2564
156486AAAAAAAAAAAAAAAAAAAAAAAAAAAAAA,,"Gestation period, 30 weeks","Prématurité, 30 semaines","Edad gestacional, 30 semanas",,,,,,,Diagnosis,N/A,,,,,,,,,,,,2565
156487AAAAAAAAAAAAAAAAAAAAAAAAAAAAAA,,"Gestation period, 31 weeks","Prématurité, 31 semaines","Edad gestacional, 31 semanas",,,,,,,Diagnosis,N/A,,,,,,,,,,,,2566
156488AAAAAAAAAAAAAAAAAAAAAAAAAAAAAA,,"Gestation period, 32 weeks","Prématurité, 32 semaines","Edad gestacional, 32 semanas",,,,,,,Diagnosis,N/A,,,,,,,,,,,,2567
156489AAAAAAAAAAAAAAAAAAAAAAAAAAAAAA,,"Gestation period, 33 weeks","Prématurité, 33 semaines","Edad gestacional, 33 semanas",,,,,,,Diagnosis,N/A,,,,,,,,,,,,2568
156490AAAAAAAAAAAAAAAAAAAAAAAAAAAAAA,,"Gestation period, 34 weeks","Prématurité, 34 semaines",,,,,,,,Diagnosis,N/A,,,,,,,,,,,,2569
156491AAAAAAAAAAAAAAAAAAAAAAAAAAAAAA,,"Gestation period, 35 weeks","Prématurité, 35 semaines","Edad gestacional, 35 semanas",,,,,,,Diagnosis,N/A,,,,,,,,,,,,2570
156492AAAAAAAAAAAAAAAAAAAAAAAAAAAAAA,,"Gestation period, 36 weeks","Prématurité, 36 semaines","Edad gestacional, 36 semanas",,,,,,,Diagnosis,N/A,,,,,,,,,,,,2571
156534AAAAAAAAAAAAAAAAAAAAAAAAAAAAAA,,Grunting baby,Bébé qui grogne,Quejido en el lactante,,,,,,,Diagnosis,N/A,,,,,,,,,,,,2572
156587AAAAAAAAAAAAAAAAAAAAAAAAAAAAAA,,Heparin allergy,Allergie à l'héparine,Alergia a la heparina,,,,,,,Diagnosis,N/A,,,,,,,,,,,,2573
156630AAAAAAAAAAAAAAAAAAAAAAAAAAAAAA,,History of diabetes mellitus,Histoire de diabète sucré,Antecedente de: diabetes mellitus,,,,,,,Diagnosis,N/A,,,,,,,,,,,,2574
156633AAAAAAAAAAAAAAAAAAAAAAAAAAAAAA,,History of elevated lipids,antécédents de troubles du cholestérol,Antecedente de: lípidos sanguíneos elevados,,,,,,,Diagnosis,N/A,,,,,,,,,,,,2575
156636AAAAAAAAAAAAAAAAAAAAAAAAAAAAAA,,History of glaucoma,Histoire du glaucome,Antecedente de: glaucoma,,,,,,,Diagnosis,N/A,,,,,,,,,,,,2576
156639AAAAAAAAAAAAAAAAAAAAAAAAAAAAAA,,History of hypertension,Histoire d'hypertension,Antecedente de: hipertensión,,,,,,,Diagnosis,N/A,,,,,,,,,,,,2577
156660AAAAAAAAAAAAAAAAAAAAAAAAAAAAAA,,History of sexually transmitted disease,Histoire d'autre infection sexuellement transmissible,Antecedente de enfermedad transmitida sexualmente,,,,,,,Diagnosis,Coded,,,,,,,,,,,,2579
156665AAAAAAAAAAAAAAAAAAAAAAAAAAAAAA,,History of varicella,Antécédents de varicelle,Antecedente de: varicela,,,,,,,Diagnosis,N/A,,,,,,,,,,,,2580
156671AAAAAAAAAAAAAAAAAAAAAAAAAAAAAA,,HIV disease resulting in multiple infections,Maladie à VIH causant des infections multiples,Enfermedad por VIH que da lugar a infecciones múltiples,,,,,,,Diagnosis,N/A,,,,,,,,,,,,2581
156673AAAAAAAAAAAAAAAAAAAAAAAAAAAAAA,,HIV disease resulting in mycobacterial infection,l'infection à VIH entraînant une infection mycobactérienne,Enfermedad por el virus de la inmunodeficiencia humana que causa infección micobacteriana,,,,,,,Diagnosis,N/A,,,,,,,,,,,,2582
156681AAAAAAAAAAAAAAAAAAAAAAAAAAAAAA,,House dust mite allergy,Allergie aux acariens de la poussière domestique,Alergia a proteína de ácaros del polvo,,,,,,,Diagnosis,N/A,,,,,,,,,,,,2583
156720AAAAAAAAAAAAAAAAAAAAAAAAAAAAAA,,Hypoxic ischemic encephalopathy of newborn,Encéphalopathie anoxo-ischémique du nouveau-né,Encefalopatía hipóxico-isquémica del recién nacido,HIE,,,,,,Diagnosis,N/A,,,,,,,,,,,,2584
156762AAAAAAAAAAAAAAAAAAAAAAAAAAAAAA,,Impulsiveness,Impulsivité,Carácter impulsivo,,,,,,,Diagnosis,N/A,,,,,,,,,,,,2585
156765AAAAAAAAAAAAAAAAAAAAAAAAAAAAAA,,Inattention,Inattention,Falta de atención,,,,,,,Diagnosis,N/A,,,,,,,,,,,,2586
156785AAAAAAAAAAAAAAAAAAAAAAAAAAAAAA,,Infection or inflammatory reaction due to internal fixation device,Infection et reaction inflammatoire dues a un appareil de fixation interne,Infección y reacción inflamatoria por dispositivo ortopédico de fijación interna,,,,,,,Diagnosis,N/A,,,,,,,,,,,,2587
156788AAAAAAAAAAAAAAAAAAAAAAAAAAAAAA,,Infection of amputation stump,Infection d'un moignon d'amputation,Infección de muñón de amputación,,,,,,,Diagnosis,N/A,,,,,,,,,,,,2588
156793AAAAAAAAAAAAAAAAAAAAAAAAAAAAAA,,Infection of intravenous catheter,Infection d'un catheter intraveineux,Infección de catéter intravenoso,,,,,,,Diagnosis,N/A,,,,,,,,,,,,2589
156804AAAAAAAAAAAAAAAAAAAAAAAAAAAAAA,,Infective esophagitis,Oesophagite infectieuse,Esofagitis infecciosa,,,,,,,Diagnosis,N/A,,,,,,,,,,,,2590
156813AAAAAAAAAAAAAAAAAAAAAAAAAAAAAA,,Inflammatory disorder of scrotum,Troubles inflammatoires du scrotum,Inflamación del escroto,,,,,,,Diagnosis,N/A,,,,,,,,,,,,2591
156815AAAAAAAAAAAAAAAAAAAAAAAAAAAAAA,Yes,Inflammatory liver disease,Maladies inflammatoire du foie,Enfermedad inflamatoria del hígado,,,,,,,Diagnosis,N/A,,,,,,,,,,,,2592
156884AAAAAAAAAAAAAAAAAAAAAAAAAAAAAA,,Injury of muscle and tendon of long extensor muscle of toe at ankle and foot level,"Lésion traumatique d'un muscle et d'un tendon long extenseur d'un orteil, au niveau de la cheville et du pied",Lesión muscular y tendinosa del músculo extensor largo a nivel del tobillo y del pie,,,,,,,Diagnosis,N/A,,,,,,,,,,,,2593
156885AAAAAAAAAAAAAAAAAAAAAAAAAAAAAA,,Injury of muscle and tendon of long flexor muscle of toe at ankle and foot level,Lésion traumatique de muscles et de tendons du muscle long fléchisseur des orteils au niveau de la cheville et du pied,Lesión traumática muscular y tendinosa de músculo flexor largo a nivel de tobillo y pie,,,,,,,Diagnosis,N/A,,,,,,,,,,,,2594
157380AAAAAAAAAAAAAAAAAAAAAAAAAAAAAA,,"Irritant contact dermatitis, unspecified cause",Dermite irritante de contact,"dermatitis de contacto irritativa, causa no especificada",,,,,,,Diagnosis,N/A,,,,,,,,,,,,2595
157409AAAAAAAAAAAAAAAAAAAAAAAAAAAAAA,,"Juvenile arthritis, unspecified",Arthrite juvénile,artritis juvenil no especificada,,,,,,,Diagnosis,N/A,,,,,,,,,,,,2596
157464AAAAAAAAAAAAAAAAAAAAAAAAAAAAAA,,Left atrial dilatation,Dilatation de l'oreillette gauche,Dilatación de la aurícula izquierda,,,,,,,Diagnosis,N/A,,,,,,,,,,,,2597
157474AAAAAAAAAAAAAAAAAAAAAAAAAAAAAA,,Left ventricular thrombus,Thrombus ventriculaire gauche,Trombo ventricular izquierdo,,,,,,,Diagnosis,N/A,,,,,,,,,,,,2598
157480AAAAAAAAAAAAAAAAAAAAAAAAAAAAAA,,Lesion of cervix,lésion du col de l'utérus,Lesión del cuello uterino,,,,,,,Diagnosis,N/A,,,,,,,,,,,,2599
157498AAAAAAAAAAAAAAAAAAAAAAAAAAAAAA,Yes,Limb weakness,,Debilidad de extremidad,,,,,,,Diagnosis,N/A,,,,,,,,,,,,2600
157512AAAAAAAAAAAAAAAAAAAAAAAAAAAAAA,,Liver abscess excluding amebic liver abscess,Abcès du foie,Absceso hepático - excluido absceso hepático amebiano,,,,,,,Diagnosis,N/A,,,,,,,,,,,,2601
157524AAAAAAAAAAAAAAAAAAAAAAAAAAAAAA,,Localized enlarged lymph nodes,Ganglions lymphatiques localisées,Agrandamiento localizado de gánglios linfáticos,,,,,,,Diagnosis,N/A,,,,,,,,,,,,2602
157543AAAAAAAAAAAAAAAAAAAAAAAAAAAAAA,,"Low birth weight status, 1000-2499 grams",Poids faibles à la naissance (De 1000 à 2499 g),Peso al nacer: 1000-2499 g,,,,,,,Diagnosis,N/A,,,,,,,,,,,,2603
157544AAAAAAAAAAAAAAAAAAAAAAAAAAAAAA,,Lower abdominal pain,Douleurs abdominales basses,Dolor abdominal inferior,,,,,,,Diagnosis,N/A,,,,,,,,,,,,2604
157588AAAAAAAAAAAAAAAAAAAAAAAAAAAAAA,,Malignant neoplasm of bone,Tumeur maligne des os,Neoplasia maligna ósea,,,,,,,Diagnosis,N/A,,,,,,,,,,,,2605
157674AAAAAAAAAAAAAAAAAAAAAAAAAAAAAA,,Maternal care due to uterine scar from previous surgery,Soins maternels pour cicatrice utérine due à une intervention chirurgicale antérieure (inclus césarienne),"Cicatriz uterina de cirugía previa en el embarazo, el parto y el puerperio",,,,,,,Diagnosis,N/A,,,,,,,,,,,,2606
157696AAAAAAAAAAAAAAAAAAAAAAAAAAAAAA,,Mechanical complication of internal joint prosthesis,Complication mécanique d'une prothèse articulaire interne,Complicación mecánica de prótesis interna de articulación,,,,,,,Diagnosis,N/A,,,,,,,,,,,,2607
157791AAAAAAAAAAAAAAAAAAAAAAAAAAAAAA,,Mild depressive episode,Episode dépressif léger,Depresión leve,,,,,,,Diagnosis,N/A,,,,,,,,,,,,2608
157810AAAAAAAAAAAAAAAAAAAAAAAAAAAAAA,,Moderate depressive episode,Episode dépressif moyen,Depresión moderada,,,,,,,Diagnosis,N/A,,,,,,,,,,,,2609
157811AAAAAAAAAAAAAAAAAAAAAAAAAAAAAA,,Moderate pre-eclampsia,Prééclampsie modérée,Preeclampsia moderada,,,,,,,Diagnosis,N/A,,,,,,,,,,,,2610
157822AAAAAAAAAAAAAAAAAAAAAAAAAAAAAA,,Motorcycle rider injured in traffic accident,Motocycliste blessé dans des accidents de transport,Motociclista herido en accidente de tráfico,,,,,,,Diagnosis,N/A,,,,,,,,,,,,2611
157823AAAAAAAAAAAAAAAAAAAAAAAAAAAAAA,,Mucinosis of skin,Mucinose cutanée,Mucinosis de la piel,,,,,,,Diagnosis,N/A,,,,,,,,,,,,2612
157840AAAAAAAAAAAAAAAAAAAAAAAAAAAAAA,,Multiple fractures involving skull and facial bones,Fractures multiples du crâne et des os de la face,Fracturas múltiples que involucran cráneo y huesos faciales,,,,,,,Diagnosis,N/A,,,,,,,,,,,,2613
157841AAAAAAAAAAAAAAAAAAAAAAAAAAAAAA,,Multiple fractures of cervical spine,Fractures multiples du rachis cervical,Fracturas múltiples de la columna vertebral cervical,,,,,,,Diagnosis,N/A,,,,,,,,,,,,2614
157845AAAAAAAAAAAAAAAAAAAAAAAAAAAAAA,,Multiple fractures of femur,Multiples fractures du fémur,Fracturas múltiples del fémur,,,,,,,Diagnosis,N/A,,,,,,,,,,,,2615
157846AAAAAAAAAAAAAAAAAAAAAAAAAAAAAA,,Multiple fractures of fingers,Fractures multiples de doigts,Fracturas múltiples de dedos,,,,,,,Diagnosis,N/A,,,,,,,,,,,,2616
157849AAAAAAAAAAAAAAAAAAAAAAAAAAAAAA,,Multiple fractures of foot,Fractures multiples du pied,Fracturas múltiples de pie,,,,,,,Diagnosis,N/A,,,,,,,,,,,,2617
157851AAAAAAAAAAAAAAAAAAAAAAAAAAAAAA,,Multiple fractures of lower leg,Fractures multiples de la jambe,Fracturas múltiples de pierna,,,,,,,Diagnosis,N/A,,,,,,,,,,,,2618
157853AAAAAAAAAAAAAAAAAAAAAAAAAAAAAA,,Multiple fractures of metacarpal bones,Fractures multiples des métacarpiens,Fracturas múltiples de huesos metacarpianos,,,,,,,Diagnosis,N/A,,,,,,,,,,,,2619
157856AAAAAAAAAAAAAAAAAAAAAAAAAAAAAA,,Multiple fractures of thoracic spine,Fractures multiples du rachis dorsal,Fracturas múltiples de la columna dorsal,,,,,,,Diagnosis,N/A,,,,,,,,,,,,2620
157866AAAAAAAAAAAAAAAAAAAAAAAAAAAAAA,,Multiple open wounds of wrist and hand,Plaies ouvertes multiples du poignet et de la main,Heridas abiertas múltiples de muñeca y mano,,,,,,,Diagnosis,N/A,,,,,,,,,,,,2621
157885AAAAAAAAAAAAAAAAAAAAAAAAAAAAAA,,Allergy to naproxen,Allergie au naproxène,Alergia a naproxeno,,,,,,,Diagnosis,N/A,,,,,,,,,,,,2622
157893AAAAAAAAAAAAAAAAAAAAAAAAAAAAAA,,Necrosis of amputation stump,Nécrose d'un moignon d'amputation,Necrosis en el muñón de amputación,,,,,,,Diagnosis,N/A,,,,,,,,,,,,2623
157897AAAAAAAAAAAAAAAAAAAAAAAAAAAAAA,,Needle phobia,Peur des aiguilles,Fobia a las agujas,,,,,,,Diagnosis,N/A,,,,,,,,,,,,2624
157901AAAAAAAAAAAAAAAAAAAAAAAAAAAAAA,,"Neonatal aspiration syndrome, unspecified","Syndrome d'aspiration neonatale, sans precisé","Síndrome de aspiración neonatal, no especificado",,,,,,,Diagnosis,N/A,,,,,,,,,,,,2625
157905AAAAAAAAAAAAAAAAAAAAAAAAAAAAAA,,Neonatal haematemesis,Hématémèse néonatale,Hematemesis neonatal,,,,,,,Diagnosis,N/A,,,,,,,,,,,,2626
158053AAAAAAAAAAAAAAAAAAAAAAAAAAAAAA,,Obstructed labour due to breech presentation,Dystocie due à une présentation du siège,Trabajo de parto obstruido por presentación pelviana,,,,,,,Diagnosis,N/A,,,,,,,,,,,,2627
158054AAAAAAAAAAAAAAAAAAAAAAAAAAAAAA,,Obstructed labour due to brow presentation,Dystocie due à une présentation du front,Trabajo de parto obstruido por presentación cefálica de bregma,,,,,,,Diagnosis,N/A,,,,,,,,,,,,2628
158055AAAAAAAAAAAAAAAAAAAAAAAAAAAAAA,,Obstructed labour due to compound presentation,Dystocie due à une présentation complexe,Trabajo de parto obstruido por presentación compuesta,,,,,,,Diagnosis,N/A,,,,,,,,,,,,2629
158057AAAAAAAAAAAAAAAAAAAAAAAAAAAAAA,,Obstructed labour due to face presentation,Dystocie due à une présentation de la face,Trabajo de parto obstruido por presentación de cara,,,,,,,Diagnosis,N/A,,,,,,,,,,,,2630
158063AAAAAAAAAAAAAAAAAAAAAAAAAAAAAA,,Obstructed labour due to shoulder presentation,Dystocie due à une présentation de l'épaule,Trabajo de parto obstruido por presentación de hombros,,,,,,,Diagnosis,N/A,,,,,,,,,,,,2631
158064AAAAAAAAAAAAAAAAAAAAAAAAAAAAAA,,Obstructed labour due to unusually large fetus,Dystocie due à un fetus anormalement gros,Trabajo de parto obstruido por feto inusualmente grande,,,,,,,Diagnosis,N/A,,,,,,,,,,,,2632
158093AAAAAAAAAAAAAAAAAAAAAAAAAAAAAA,,Open wound of ankle,Plaie ouverte de la cheville,Herida abierta del tobillo,,,,,,,Diagnosis,N/A,,,,,,,,,,,,2633
158101AAAAAAAAAAAAAAAAAAAAAAAAAAAAAA,,Open wound of hip,Plaie ouverte de la hanche,Herida abierta de la región de la cadera,,,,,,,Diagnosis,N/A,,,,,,,,,,,,2634
158103AAAAAAAAAAAAAAAAAAAAAAAAAAAAAA,,Open wound of knee,Plaie ouverte du genou,Herida abierta de la rodilla,,,,,,,Diagnosis,N/A,,,,,,,,,,,,2635
158110AAAAAAAAAAAAAAAAAAAAAAAAAAAAAA,,Open wound of thigh,Plaie ouverte de la cuisse,Herida abierta de muslo,,,,,,,Diagnosis,N/A,,,,,,,,,,,,2636
158142AAAAAAAAAAAAAAAAAAAAAAAAAAAAAA,,Osteonecrosis due to previous trauma,Ostéonécrose due à un traumatisme antérieur,Osteonecrosis debida a traumatismo,,,,,,,Diagnosis,N/A,,,,,,,,,,,,2637
158146AAAAAAAAAAAAAAAAAAAAAAAAAAAAAA,,Osteoporosis of disuse with pathological fracture,Ostéoporose d'inactivité avec fracture pathologique,Osteoporosis por inactividad con fractura patológica,,,,,,,Diagnosis,N/A,,,,,,,,,,,,2638
158211AAAAAAAAAAAAAAAAAAAAAAAAAAAAAA,,Oxygen desaturation,Désaturation en oxygène,Desaturación sanguínea,,,,,,,Diagnosis,N/A,,,,,,,,,,,,2639
158251AAAAAAAAAAAAAAAAAAAAAAAAAAAAAA,,Paralytic calcification and ossification of muscle,Calcification et ossification paralytiques d'un muscle,Calcificación/osificación paralítica de músculo,,,,,,,Diagnosis,N/A,,,,,,,,,,,,2640
158269AAAAAAAAAAAAAAAAAAAAAAAAAAAAAA,,Pedestrian injured in unspecified transport accident,Piéton blessé dans des accidents de transport,,,,,,,,Diagnosis,N/A,,,,,,,,,,,,2641
158297AAAAAAAAAAAAAAAAAAAAAAAAAAAAAA,,"Persistent delusional disorder, unspecified","Trouble délirant persistant, sans précision",,,,,,,,Diagnosis,N/A,,,,,,,,,,,,2642
158306AAAAAAAAAAAAAAAAAAAAAAAAAAAAAA,,Personal history of dysmenorrhea,antécédent personnel de dysménorrhée,Antecedente de: dismenorrea,,,,,,,Diagnosis,N/A,,,,,,,,,,,,2643
158308AAAAAAAAAAAAAAAAAAAAAAAAAAAAAA,,Personal history of female infertility,infertilite feminine,Antecedente de: infertilidad femenina,,,,,,,Diagnosis,N/A,,,,,,,,,,,,2644
158324AAAAAAAAAAAAAAAAAAAAAAAAAAAAAA,,Pertrochanteric fracture,Fracture du trochanter,Fractura pertrocantérea,,,,,,,Diagnosis,N/A,,,,,,,,,,,,2645
158354AAAAAAAAAAAAAAAAAAAAAAAAAAAAAA,,Phobic anxiety disorder of childhood,Trouble anxieux phobique de l'enfance,,,,,,,,Diagnosis,N/A,,,,,,,,,,,,2646
158444AAAAAAAAAAAAAAAAAAAAAAAAAAAAAA,,Postoperative pneumonia,Pneumonie postopératoire,Neumonía posquirúrgica,,,,,,,Diagnosis,N/A,,,,,,,,,,,,2647
158489AAAAAAAAAAAAAAAAAAAAAAAAAAAAAA,,"Premature rupture of membranes, onset of labour within 24 hours","rupture prématurée des membranes, début du travail dans les 24 heures","Ruptura prematura de membranas, inicio del trabajo de parto dentro de las 24 horas",PROM,,,,,,Diagnosis,N/A,,,,,,,,,,,,2648
158532AAAAAAAAAAAAAAAAAAAAAAAAAAAAAA,,Primary malignant neoplasm of vagina,Tumeur maligne du vagin,Neoplasia maligna primaria de la vagina,,,,,,,Diagnosis,N/A,,,,,,,,,,,,2649
158533AAAAAAAAAAAAAAAAAAAAAAAAAAAAAA,,Primary malignant neoplasm of vulva,Tumeur maligne primitive de la vulve,Neoplasia maligna de la vulva,,,,,,,Diagnosis,N/A,,,,,,,,,,,,2650
158697AAAAAAAAAAAAAAAAAAAAAAAAAAAAAA,,Right atrial dilatation,Dilatation de l'oreillette droite,Dilatación de la aurícula derecha,,,,,,,Diagnosis,N/A,,,,,,,,,,,,2651
158717AAAAAAAAAAAAAAAAAAAAAAAAAAAAAA,,Ruptured ovarian cyst,Kyste ovarien rompu,Quiste ovárico roto,,,,,,,Diagnosis,N/A,,,,,,,,,,,,2652
158793AAAAAAAAAAAAAAAAAAAAAAAAAAAAAA,,"Seropositive rheumatoid arthritis, unspecified",Arthrites rhumatoïdes séropositives,Artritis reumatoide seropositiva,,,,,,,Diagnosis,N/A,,,,,,,,,,,,2653
158801AAAAAAAAAAAAAAAAAAAAAAAAAAAAAA,,Severe depressive episode with psychotic symptoms,Episode dépressif sévère avec symptômes psychotiques,Episodio depresivo grave con síntomas psicóticos,,,,,,,Diagnosis,N/A,,,,,,,,,,,,2654
158802AAAAAAAAAAAAAAAAAAAAAAAAAAAAAA,,Severe depressive episode without psychotic symptoms,Episode dépressif sévère sans symptômes psychotiques,Episodio depresivo grave sin síntomas psicóticos,,,,,,,Diagnosis,N/A,,,,,,,,,,,,2655
158823AAAAAAAAAAAAAAAAAAAAAAAAAAAAAA,,Skeletal fluorosis,Ostéose fluorée,Fluorosis esquelética,,,,,,,Diagnosis,N/A,,,,,,,,,,,,2656
158835AAAAAAAAAAAAAAAAAAAAAAAAAAAAAA,,Social exclusion and rejection,Exclusion sociale,Exclusión social y rechazo,,,,,,,Diagnosis,N/A,,,,,,,,,,,,2657
158842AAAAAAAAAAAAAAAAAAAAAAAAAAAAAA,,Soft tissue infection,Infection des tissus mous,,,,,,,,Diagnosis,N/A,,,,,,,,,,,,2658
158843AAAAAAAAAAAAAAAAAAAAAAAAAAAAAA,,Sore throat,Maux de gorge,Síntoma de dolor de garganta,,,,,,,Diagnosis,N/A,,,,,,,,,,,,2659
158863AAAAAAAAAAAAAAAAAAAAAAAAAAAAAA,,Spontaneous rupture of extensor tendons,Déchirure spontanée des tendons extenseurs,Ruptura espontánea de tendones extensores,,,,,,,Diagnosis,N/A,,,,,,,,,,,,2660
158864AAAAAAAAAAAAAAAAAAAAAAAAAAAAAA,,Spontaneous rupture of flexor tendons,Déchirure spontanée des tendons fléchisseurs,Ruptura espontánea de tendones flexores,,,,,,,Diagnosis,N/A,,,,,,,,,,,,2661
158883AAAAAAAAAAAAAAAAAAAAAAAAAAAAAA,,Stab wound,Plaie par arme blanche,Herida por puñalada,,,,,,,Diagnosis,N/A,,,,,,,,,,,,2662
158930AAAAAAAAAAAAAAAAAAAAAAAAAAAAAA,,Stenosis of inferior vena cava,Sténose de la veine cave inférieure,Estenosis de la vena cava inferior,,,,,,,Diagnosis,N/A,,,,,,,,,,,,2663
158937AAAAAAAAAAAAAAAAAAAAAAAAAAAAAA,,Steroid-induced acne,Acné induite par les stéroïdes,Acné por esteroides,,,,,,,Diagnosis,N/A,,,,,,,,,,,,2664
159003AAAAAAAAAAAAAAAAAAAAAAAAAAAAAA,,Supraclavicular lymphadenopathy,Adénopathie sus-claviculaire,Linfadenopatía supraclavicular,,,,,,,Diagnosis,Coded,,,,,,,,,,,,2665
159007AAAAAAAAAAAAAAAAAAAAAAAAAAAAAA,,"Surgical follow-up care, unspecified","Soins de suivi chirurgicale, sans précision",Seguimiento quirúrgico,,,,,,,Diagnosis,N/A,,,,,,,,,,,,2666
159008AAAAAAAAAAAAAAAAAAAAAAAAAAAAAA,,Suspected cervical cancer,Suspicion de cancer du col de l'utérus,Sospecha de cáncer de cuello de útero,,,,,,,Diagnosis,N/A,,,,,,,,,,,,2667
159009AAAAAAAAAAAAAAAAAAAAAAAAAAAAAA,,Suspected testicular cancer,Suspicion de cancer des testicules,Sospecha de cáncer testicular,,,,,,,Diagnosis,N/A,,,,,,,,,,,,2668
159024AAAAAAAAAAAAAAAAAAAAAAAAAAAAAA,,Tear of meniscus of knee,Déchirure du ménisque du genou,"desgarro de menisco de rodilla, sin especificar",,,,,,,Diagnosis,N/A,,,,,,,,,,,,2669
159070AAAAAAAAAAAAAAAAAAAAAAAAAAAAAA,,Thrombosis of inferior vena cava,Thrombose de la veine cave inférieure,Trombosis de vena cava inferior,,,,,,,Diagnosis,N/A,,,,,,,,,,,,2670
159098AAAAAAAAAAAAAAAAAAAAAAAAAAAAAA,,Hepatotoxicity,Hépatotoxicité,Hepatotoxicidad,,,,,,,Diagnosis,Coded,,,,,,,,,,,,2671
159109AAAAAAAAAAAAAAAAAAAAAAAAAAAAAA,,Traumatic amputation at level between elbow and wrist,Amputation traumatique entre le coude et le poignet,Amputación traumática por debajo del codo,,,,,,,Diagnosis,N/A,,,,,,,,,,,,2672
159113AAAAAAAAAAAAAAAAAAAAAAAAAAAAAA,,Traumatic amputation of foot at ankle level,Amputation traumatique du pied au niveau de la cheville,amputación traumática del pie a nivel del tobillo,,,,,,,Diagnosis,N/A,,,,,,,,,,,,2673
159116AAAAAAAAAAAAAAAAAAAAAAAAAAAAAA,,Traumatic amputation of two or more fingers alone (complete)(partial),Amputation traumatique de deux doigts ou plus,"Amputación traumática, varios dedos de la mano",,,,,,,Diagnosis,N/A,,,,,,,,,,,,2674
159117AAAAAAAAAAAAAAAAAAAAAAAAAAAAAA,,Traumatic amputation of two or more toes,Amputation traumatique de deux orteils ou plus,"Amputación traumática, varios dedos del pie",,,,,,,Diagnosis,N/A,,,,,,,,,,,,2675
159167AAAAAAAAAAAAAAAAAAAAAAAAAAAAAA,,Tuberculosis of female genital organ,tuberculose organe génital féminin,tuberculosis de órgano genital femenino,,,,,,,Diagnosis,N/A,,,,,,,,,,,,2677
159218AAAAAAAAAAAAAAAAAAAAAAAAAAAAAA,,Unprotected sexual intercourse,Rapports sexuels non protégés,Relación sexual no protegida,,,,,,,Diagnosis,Coded,,,,,,,,,,,,2678
159220AAAAAAAAAAAAAAAAAAAAAAAAAAAAAA,,"Unspecified abortion, incomplete, with other and unspecified complications","Avortement, sans précision","Aborto no especificado, incompleto, con otras complicaciones y no especificadas",,,,,,,Diagnosis,N/A,,,,,,,,,,,,2679
159222AAAAAAAAAAAAAAAAAAAAAAAAAAAAAA,,Acute lower respiratory tract infection,Infection aigüe des voies respiratoires inférieures,infección aguda no especificada de las vías respiratorias inferiores,,,,,,,Diagnosis,N/A,,,,,,,,,,,,2680
159238AAAAAAAAAAAAAAAAAAAAAAAAAAAAAA,,Disorder of psychological development,Trouble du développement psychologique,,,,,,,,Diagnosis,N/A,,,,,,,,,,,,2681
159284AAAAAAAAAAAAAAAAAAAAAAAAAAAAAA,,Victim of crime,Victime d'un crime,Víctima de crimen,,,,,,,Diagnosis,N/A,,,,,,,,,,,,2682
159310AAAAAAAAAAAAAAAAAAAAAAAAAAAAAA,,Walking,piéton,Caminar,,,,mode of transportation,,,Diagnosis,N/A,,,,,,,,,,,,2683
159328AAAAAAAAAAAAAAAAAAAAAAAAAAAAAA,,Wound,Plaie,Herida,,,,,,,Diagnosis,N/A,,,,,,,,,,,,2684
159344AAAAAAAAAAAAAAAAAAAAAAAAAAAAAA,,Linear gingival erythema,érythème gingival linéaire,Eritema gingival lineal,,,,,,,Diagnosis,N/A,,,,,,,,,,,,2685
159345AAAAAAAAAAAAAAAAAAAAAAAAAAAAAA,,Multi-drug resistant tuberculosis infection,Tuberculose multi-résistante,Tuberculosis resistente a múltiples fármacos,,,,Resistance to at least both isoniazid and rifampicin,,,Diagnosis,N/A,,,,,,,,,,,,2686
159346AAAAAAAAAAAAAAAAAAAAAAAAAAAAAA,,Extremely drug-resistant tuberculosis infection,Tuberculose ultra-résistante,Tuberculosis con resistencia farmacológica extrema,,Tb-ur,,"Resistance to any fluoroquinolone, and at least one of three second-line injectable drugs (capreomycin, kanamycin and amikacin), in addition to multidrug resistance",,,Diagnosis,N/A,,,,,,,,,,,,2687
159347AAAAAAAAAAAAAAAAAAAAAAAAAAAAAA,,Musculoskeletal pain,Douleurs musculo-squelettiques,Dolor musculoesquelético,,,,,,,Diagnosis,N/A,,,,,,,,,,,,2688
159361AAAAAAAAAAAAAAAAAAAAAAAAAAAAAA,,Cardiac chest pain,Douleur thoracique cardiaque,Dolor torácico de origen cardíaco,"Chest pain, cardiac",,,Chest pain of cardiac origin.,,,Diagnosis,N/A,,,,,,,,,,,,2689
159482AAAAAAAAAAAAAAAAAAAAAAAAAAAAAA,,Child's cause of death,La cause de la mort de l'enfant,,,,,Cause of death of the child,,,Diagnosis,Coded,,,,,,,,,,,,2690
159543AAAAAAAAAAAAAAAAAAAAAAAAAAAAAA,,Partial seizure with secondary generalization,Crises partielles secondairement généralisées,Crisis parcial con generalización secundaria,,,,Initially the seizure begins with an abnormal electrical discharge in one limited area of the brain. Then it becomes generalized involving whole of the brain.,,,Diagnosis,N/A,,,,,,,,,,,,2691
159545AAAAAAAAAAAAAAAAAAAAAAAAAAAAAA,,Psychogenic seizure,crises psychogènes,,,,,A seizure episode which is psychogenic.,,,Diagnosis,N/A,,,,,,,,,,,,2692
159730AAAAAAAAAAAAAAAAAAAAAAAAAAAAAA,,"Outcome of delivery, triplets, two liveborn and one stillborn","Résultat de l'accouchement, triplettes, deux naissances vivantes et une mort-né",Trillizos - dos nacidos vivos y un mortinato,,,,,,,Diagnosis,N/A,,,,,,,,,,,,2693
159732AAAAAAAAAAAAAAAAAAAAAAAAAAAAAA,Yes,"Outcome of delivery, triplets, all stillborn","Résultat de l'accouchement, triplettes, tous mort-né",Trillizos - todos mortinatos (duplicate),,,,,,,Diagnosis,N/A,,,,,,,,,,,,2694
159779AAAAAAAAAAAAAAAAAAAAAAAAAAAAAA,,Khat abuse,Abus de khat,,,,,"Khat, Catha edulis, is a flowering shrub native to East Africa and the Arabian-Peninsula.",,,Diagnosis,N/A,,,,,,,,,,,,2695
159788AAAAAAAAAAAAAAAAAAAAAAAAAAAAAA,,"Tuberculosis treatment failure, smear positive at 8 months","Échec du traitement de la tuberculose, frottis positif à 8 mois",,,,,,,,Diagnosis,N/A,,,,,,,,,,,,2696
159789AAAAAAAAAAAAAAAAAAAAAAAAAAAAAA,,"Tuberculosis treatment failure, smear positive at 5 months","Échec du traitement de la tuberculose, frottis positif à 5 mois",,,,,,,,Diagnosis,N/A,,,,,,,,,,,,2697
159790AAAAAAAAAAAAAAAAAAAAAAAAAAAAAA,,"Tuberculosis treatment failure, smear positive at 3 months","Échec du traitement de la tuberculose, frottis positif à 3 mois",,,,,,,,Diagnosis,N/A,,,,,,,,,,,,2698
159791AAAAAAAAAAAAAAAAAAAAAAAAAAAAAA,,"Cure, outcome","Guéri, résultats",Cura,Cure,,,treatment of the disease successfully terminated the problem. Can be generalized to all the diseases as a outcome of the treatment.,,,Diagnosis,N/A,,,,,,,,,,,,2699
159874AAAAAAAAAAAAAAAAAAAAAAAAAAAAAA,,Tuberculosis treatment failure,l'échec du traitement de la tuberculose,,,,,Type of tuberculosis patient based on previous treatment.,,,Diagnosis,Coded,,,,,,,,,,,,2700
159875AAAAAAAAAAAAAAAAAAAAAAAAAAAAAA,,"Relapse, extra-pulmonary tuberculosis",,,,,,Type of tuberculosis patient (extrapulmonary) based on previous treatment.,,,Diagnosis,N/A,,,,,,,,,,,,2701
159876AAAAAAAAAAAAAAAAAAAAAAAAAAAAAA,,"Relapse, smear negative tuberculosis",,,,,,"Type of tuberculosis patient (smear negative), based on previous treatment.",,,Diagnosis,N/A,,,,,,,,,,,,2702
159877AAAAAAAAAAAAAAAAAAAAAAAAAAAAAA,,"Relapse, smear positive tuberculosis",,,,,,"Type of tuberculosis patient (smear positive), based on previous treatment.",,,Diagnosis,N/A,,,,,,,,,,,,2703
159878AAAAAAAAAAAAAAAAAAAAAAAAAAAAAA,,"Smear positive, new tuberculosis patient",,,,,,,,,Diagnosis,N/A,,,,,,,,,,,,2704
159912AAAAAAAAAAAAAAAAAAAAAAAAAAAAAA,,Recurrent oral ulcer,ulcération buccale récidivante,Úlceras orales recurrentes,,,,,,,Diagnosis,N/A,,,,,,,,,,,,2705
159916AAAAAAAAAAAAAAAAAAAAAAAAAAAAAA,,Fresh stillbirth,Mortinaissance frais,Mortinato reciente,,,,,,,Diagnosis,N/A,,,,,,,,,,,,2706
159AAAAAAAAAAAAAAAAAAAAAAAAAAAAAAAAA,,Deceased,Décédé,Paciente fallecido,,,,Patient died.,,,Diagnosis,N/A,,,,,,,,,,,,2707
160146AAAAAAAAAAAAAAAAAAAAAAAAAAAAAA,,Rabies,Rage,,,,,A fatal viral disease caused by rabies virus.,,,Diagnosis,N/A,,,,,,,,,,,,2708
160148AAAAAAAAAAAAAAAAAAAAAAAAAAAAAA,,"Malaria, confirmed",Malaria confirmées,,,,,,,,Diagnosis,N/A,,,,,,,,,,,,2709
160155AAAAAAAAAAAAAAAAAAAAAAAAAAAAAA,,Severe malaria,Malaria sévère,,,,,,,,Diagnosis,N/A,,,,,,,,,,,,2710
160157AAAAAAAAAAAAAAAAAAAAAAAAAAAAAA,,Viral and other specified intestinal infection,Infection intestinale virale et d'autres spécifiée,,,,,,,,Diagnosis,N/A,,,,,,,,,,,,2711
160160AAAAAAAAAAAAAAAAAAAAAAAAAAAAAA,,HIV resulting in other conditions,VIH entraînant d'autres pathologies,,,,,,,,Diagnosis,N/A,,,,,,,,,,,,2712
160195AAAAAAAAAAAAAAAAAAAAAAAAAAAAAA,,"Poliomyelitis, suspected","Poliomyélite, suspectés",,,,,,,,Diagnosis,N/A,,,,,,,,,,,,2713
160196AAAAAAAAAAAAAAAAAAAAAAAAAAAAAA,,"Reaction to severe stress, and adjustment disorder",Réaction au stress intense et trouble de l'adaptation,,,,,Category of diagnoses including stress reactions and adjustment disorders,,,Diagnosis,N/A,,,,,,,,,,,,2714
160197AAAAAAAAAAAAAAAAAAAAAAAAAAAAAA,,Psychosomatic problems,Troubles psychosomatiques,,,,,,,,Diagnosis,N/A,,,,,,,,,,,,2715
160198AAAAAAAAAAAAAAAAAAAAAAAAAAAAAA,,"Psychological problem, other","Problème psychologique, autre",,,,,Category of diagnoses,,,Diagnosis,N/A,,,,,,,,,,,,2716
160208AAAAAAAAAAAAAAAAAAAAAAAAAAAAAA,,Urinary symptoms,Symptômes urinaires,Síntomas urinarios,,,,Other symptoms and signs involving the urinary system,,,Diagnosis,N/A,,,,,,,,,,,,2717
160230AAAAAAAAAAAAAAAAAAAAAAAAAAAAAA,,Injury to eye region,Lésion traumatique de l'oeil et de l'orbite,Lesión traumática de la región ocular,,,,,,,Diagnosis,N/A,,,,,,,,,,,,2718
160426AAAAAAAAAAAAAAAAAAAAAAAAAAAAAA,,Acute flaccid paralysis,Paralysie flasque aiguë,,,,,,,,Diagnosis,N/A,,,,,,,,,,,,2719
160436AAAAAAAAAAAAAAAAAAAAAAAAAAAAAA,,Persistent hepatosplenomegaly,hépatosplénomégalie Persistent,,,,,,,,Diagnosis,N/A,,,,,,,,,,,,2720
160442AAAAAAAAAAAAAAAAAAAAAAAAAAAAAA,,HIV encephalopathy,Encéphalopathie a VIH,Encefalopatía por VIH,,,,This is a neurological disorder associated with HIV infection and AIDS.,,,Diagnosis,N/A,,,,,,,,,,,,2721
160515AAAAAAAAAAAAAAAAAAAAAAAAAAAAAA,,"Bacterial infection, severe, recurrent","Infection bactérienne, sévère, récurrente",,,,,severe and recurrent infection of bacteria (unspecified),,,Diagnosis,N/A,,,,,,,,,,,,2722
160520AAAAAAAAAAAAAAAAAAAAAAAAAAAAAA,,"Isosporiasis, chronic",Isosporidiose chronique,Isosesporiasis intestinal crónica,,,,"Chronic infection of Isospora belli, an intestinal protozoal parasite",,,Diagnosis,N/A,,,,,,,,,,,,2723
160592AAAAAAAAAAAAAAAAAAAAAAAAAAAAAA,,Family history diagnosis,Histoire de diagnostic familiale,,FamHx Dx,,,,,,Diagnosis,Coded,,,,,,,,,,,,2724
161355AAAAAAAAAAAAAAAAAAAAAAAAAAAAAA,,Abdominal tuberculosis,Tuberculose abdominale,Tuberculosis de abdomen,,,,,,,Diagnosis,N/A,,,,,,,,,,,,2725
161565AAAAAAAAAAAAAAAAAAAAAAAAAAAAAA,,Bancroftian filariasis,Filariose bancroftienne,Filariasis bancroftiana,,,,Infection of a nematode parasite called Wuchereria bancrofti which usually infests lymphatic system,,,Diagnosis,N/A,,,,,,,,,,,,2726
161567AAAAAAAAAAAAAAAAAAAAAAAAAAAAAA,,Traumatic amputation of arm through elbow,Amputation traumatique au niveau du coude,Amputación traumática a nivel del codo,,,,,,,Diagnosis,N/A,,,,,,,,,,,,2727
161568AAAAAAAAAAAAAAAAAAAAAAAAAAAAAA,,Traumatic amputation through wrist,Amputation traumatique de la main au niveau du poignet,Amputación traumática de la mano,,,,,,,Diagnosis,N/A,,,,,,,,,,,,2728
161569AAAAAAAAAAAAAAAAAAAAAAAAAAAAAA,,Delayed union of fracture,Retard de consolidation d'une fracture,Consolidación tardía de fractura,,,,,,,Diagnosis,N/A,,,,,,,,,,,,2729
161570AAAAAAAAAAAAAAAAAAAAAAAAAAAAAA,,Stress fracture,Fracture par sollicitation excessive,Fractura por estrés,,,,"A stress fracture is an overuse injury. It occurs when muscles become fatigued and are unable to absorb added shock. Eventually, the fatigued muscle transfers the overload of stress to the bone causing a tiny crack called a stress fracture. (American academy of orhtopaedic surgeons)",,,Diagnosis,N/A,,,,,,,,,,,,2730
161571AAAAAAAAAAAAAAAAAAAAAAAAAAAAAA,,Severe cervical dysplasia,Dysplasie sévère du col de l'utérus,,,,,Severe dysplasia of uterine cervix.,,,Diagnosis,N/A,,,,,,,,,,,,2731
161572AAAAAAAAAAAAAAAAAAAAAAAAAAAAAA,,Incomplete rotation of fetal head,Dystocie due à une rotation incomplète de la tête du fœtus,,,,,This is one of the causes for obstructed labor,,,Diagnosis,N/A,,,,,,,,,,,,2732
161573AAAAAAAAAAAAAAAAAAAAAAAAAAAAAA,,Multiple open wounds of head,"Plaie ouverte de la tête, multiples",,,,,,,,Diagnosis,N/A,,,,,,,,,,,,2733
161575AAAAAAAAAAAAAAAAAAAAAAAAAAAAAA,,Bus occupant injured in transport accident,Occupant d'un autobus blessé dans des accidents de transport,,,,,,,,Diagnosis,N/A,,,,,,,,,,,,2734
161602AAAAAAAAAAAAAAAAAAAAAAAAAAAAAA,,"Diagnosis or problem, non-coded","Diagnostic ou problème, non codés",,,,,"Generic diagnosis, chief complaint, or problems that is used for non-coded entry.",,,Diagnosis,Text,,,,,,,,,,,,2735
161644AAAAAAAAAAAAAAAAAAAAAAAAAAAAAA,,Hypertensive crisis,Crise hypertensive,Urgencia hipertensiva,,,,,,,Diagnosis,N/A,,,,,,,,,,,,2736
161645AAAAAAAAAAAAAAAAAAAAAAAAAAAAAA,,Traumatic intracerebral hemorrhage,Hémorragie intracérébrale traumatique,Hemorragia intracerebral traumática,,,,,,,Diagnosis,N/A,,,,,,,,,,,,2737
161646AAAAAAAAAAAAAAAAAAAAAAAAAAAAAA,,Traumatic intracranial subarachnoid hemorrhage,Hémorragie sous-arachnoïdienne traumatique,Hemorragia subaracnoidea intracraneal traumática,,,,,,,Diagnosis,N/A,,,,,,,,,,,,2738
161647AAAAAAAAAAAAAAAAAAAAAAAAAAAAAA,,Nontraumatic intracranial subarachnoid hemorrhage,Hémorragie sous-arachnoïdienne non traumatique,,,,,,,,Diagnosis,N/A,,,,,,,,,,,,2739
161889AAAAAAAAAAAAAAAAAAAAAAAAAAAAAA,,Encounter for sterilization,Rencontre pour la stérilisation,,,,,,,,Diagnosis,N/A,,,,,,,,,,,,2740
161892AAAAAAAAAAAAAAAAAAAAAAAAAAAAAA,,Follow-up examination after chemotherapy for malignant neoplasm,Examen de contrôle après chimiothérapie pour tumeur maligne,,,,,,,,Diagnosis,N/A,,,,,,,,,,,,2741
161893AAAAAAAAAAAAAAAAAAAAAAAAAAAAAA,,Follow-up examination after combined treatment for malignant neoplasm,Examen de contrôle après traitements combinés pour tumeur maligne,,,,,,,,Diagnosis,N/A,,,,,,,,,,,,2742
161894AAAAAAAAAAAAAAAAAAAAAAAAAAAAAA,,Follow-up examination after surgery for malignant neoplasm,Examen de contrôle après traitement chirurgical d'une tumeur maligne,,,,,,,,Diagnosis,N/A,,,,,,,,,,,,2743
161895AAAAAAAAAAAAAAAAAAAAAAAAAAAAAA,,Chemotherapy session for neoplasm,Séance de chimiothérapie pour tumeur,,,,,,,,Diagnosis,N/A,,,,,,,,,,,,2744
161896AAAAAAAAAAAAAAAAAAAAAAAAAAAAAA,,Encounter for palliative care,Rencontre pour les soins palliatifs,,,,,,,,Diagnosis,N/A,,,,,,,,,,,,2745
161901AAAAAAAAAAAAAAAAAAAAAAAAAAAAAA,,Disorder of gingiva and edentulous alveolar ridge,Affection de la gencive et de la crête alvéolaire édentée,,,,,,,,Diagnosis,N/A,,,,,,,,,,,,2746
161902AAAAAAAAAAAAAAAAAAAAAAAAAAAAAA,,Disease of oral mucosa,Lésions de la muqueuse buccale,Enfermedad de la membrana mucosa bucal,,,,,,,Diagnosis,N/A,,,,,,,,,,,,2747
161903AAAAAAAAAAAAAAAAAAAAAAAAAAAAAA,,"Dental caries, class I",Carie dentaire classe I,"Caries dental, clase I",,,,Found in pits and fissures of: occlusal surfaces of premolars and molars; buccal or lingual pits of the molars; lingual pit near the cingulum of the maxillary incisors.,,,Diagnosis,N/A,,,,,,,,,,,,2748
161904AAAAAAAAAAAAAAAAAAAAAAAAAAAAAA,,"Dental caries, class II",Carie dentaire classe II,,,,,Found on the proximal (mesial and distal) surfaces of premolars and molars.,,,Diagnosis,N/A,,,,,,,,,,,,2749
161905AAAAAAAAAAAAAAAAAAAAAAAAAAAAAA,,"Dental caries, class III",Carie dentaire classe III,,,,,Found on the proximal (mesial and distal) surfaces of incisors and canines.,,,Diagnosis,N/A,,,,,,,,,,,,2750
161906AAAAAAAAAAAAAAAAAAAAAAAAAAAAAA,,"Dental caries, class IV",Carie dentaire classe IV,,,,,"Found on the proximal surfaces of incisors and canines, but also will involve the incisal edge.",,,Diagnosis,N/A,,,,,,,,,,,,2751
161907AAAAAAAAAAAAAAAAAAAAAAAAAAAAAA,,"Dental caries, class V",Carie dentaire classe V,"Caries dental primaria, origen cervical",,,,Found on gingival third (the area near the gingiva) of the facial or lingual surfaces of any tooth.,,,Diagnosis,N/A,,,,,,,,,,,,2752
162042AAAAAAAAAAAAAAAAAAAAAAAAAAAAAA,,Mild anemia,Anémie légère,,,,,,,,Diagnosis,N/A,,,,,,,,,,,,2753
162043AAAAAAAAAAAAAAAAAAAAAAAAAAAAAA,,Moderate anemia,Anémie modérée,,,,,,,,Diagnosis,N/A,,,,,,,,,,,,2754
162044AAAAAAAAAAAAAAAAAAAAAAAAAAAAAA,,Severe anaemia,Anémie sévère,,,,,,,,Diagnosis,N/A,,,,,,,,,,,,2755
162045AAAAAAAAAAAAAAAAAAAAAAAAAAAAAA,Yes,Post-traumatic arthrosis,Arthrose post-traumatique,Artrosis postraumática,,,,,,,Diagnosis,N/A,,,,,,,,,,,,2756
162205AAAAAAAAAAAAAAAAAAAAAAAAAAAAAA,,"Single liveborn infant, born in hospital","Nouveau-ne, né à l'hôpital",,,,,,,,Diagnosis,N/A,,,,,,,,,,,,2757
162206AAAAAAAAAAAAAAAAAAAAAAAAAAAAAA,,Abortion complicated by hemorrhage,Avortement compliqué par une hémorragie,,,,,,,,Diagnosis,N/A,,,,,,,,,,,,2758
162208AAAAAAAAAAAAAAAAAAAAAAAAAAAAAA,,"Well baby exam, 8 to 28 days old","Soin de bébé en bonne santé, 8-28 jours",,,,,,,,Diagnosis,N/A,,,,,,,,,,,,2759
162209AAAAAAAAAAAAAAAAAAAAAAAAAAAAAA,,"Well baby exam, less than 8 days old","Soin de bébé en bonne santé, <8 jours","Consulta de niño sano, recién nacido",,,,,,,Diagnosis,N/A,,,,,,,,,,,,2760
162211AAAAAAAAAAAAAAAAAAAAAAAAAAAAAA,,"Triplets or more, liveborn in hospital","Naissances multiples (3+), enfants nés à l'hôpital",,,,,,,,Diagnosis,N/A,,,,,,,,,,,,2761
162212AAAAAAAAAAAAAAAAAAAAAAAAAAAAAA,,Congestive heart failure exacerbation,Exacerbation d'insuffisance cardiaque congestive,Exacerbación de insuficiencia cardíaca congestiva,,,,,,,Diagnosis,N/A,,,,,,,,,,,,2762
162218AAAAAAAAAAAAAAAAAAAAAAAAAAAAAA,,"Low birth weight infant, 1250-1499 gm","Petit poids à la naissance, 1250-1499 gm",,,,,,,,Diagnosis,N/A,,,,,,,,,,,,2763
162219AAAAAAAAAAAAAAAAAAAAAAAAAAAAAA,,"Low birth weight infant, 1500-1749 gm","Petit poids à la naissance, 1500-1749 gm",,,,,,,,Diagnosis,N/A,,,,,,,,,,,,2764
162233AAAAAAAAAAAAAAAAAAAAAAAAAAAAAA,,"Hypoxic ischemic encephalopathy in newborn, mild","Encéphalopathie anoxo-ischémique du nouveau-né, légère",,HIE 1,,,,,,Diagnosis,N/A,,,,,,,,,,,,2765
162234AAAAAAAAAAAAAAAAAAAAAAAAAAAAAA,,"Hypoxic ischemic encephalopathy in newborn, moderate","Encéphalopathie anoxo-ischémique du nouveau-né, modéée",,HIE 2,,,,,,Diagnosis,N/A,,,,,,,,,,,,2766
162235AAAAAAAAAAAAAAAAAAAAAAAAAAAAAA,,"Hypoxic ischemic encephalopathy in newborn, severe","Encéphalopathie anoxo-ischémique du nouveau-né, sévère",,HIE 3,,,,,,Diagnosis,N/A,,,,,,,,,,,,2767
162236AAAAAAAAAAAAAAAAAAAAAAAAAAAAAA,,Neoplasm of uncertain behavior of eye,Tumeur de l'oeil,Neoplasia de comportamiento incierto del ojo,,,,,,,Diagnosis,N/A,,,,,,,,,,,,2768
162238AAAAAAAAAAAAAAAAAAAAAAAAAAAAAA,,Neonatal aspiration of amniotic fluid,Aspiration de liquide amniotique,Aspiración neonatal de líquido amniótico,,,,,,,Diagnosis,N/A,,,,,,,,,,,,2769
162312AAAAAAAAAAAAAAAAAAAAAAAAAAAAAA,,Adverse effects of psychotropic medication,Effets indésirables des médicament psychotrope,,,,,,,,Diagnosis,N/A,,,,,,,,,,,,2770
162313AAAAAAAAAAAAAAAAAAAAAAAAAAAAAA,,Mania with psychotic symptoms,Manie avec symptômes psychotiques,,,,,,,,Diagnosis,N/A,,,,,,,,,,,,2771
162314AAAAAAAAAAAAAAAAAAAAAAAAAAAAAA,,Mania without psychotic symptoms,Manie sans symptômes psychotiques,,,,,,,,Diagnosis,N/A,,,,,,,,,,,,2772
162315AAAAAAAAAAAAAAAAAAAAAAAAAAAAAA,,Peripartum infection in newborn,Infection materno-foetale,,,,,,,,Diagnosis,N/A,,,,,,,,,,,,2773
162330AAAAAAAAAAAAAAAAAAAAAAAAAAAAAA,,Severe complicated malnutrition,Malnutrition sévère compliquée,,,,,,,,Diagnosis,N/A,,,,,,,,,,,,2774
162331AAAAAAAAAAAAAAAAAAAAAAAAAAAAAA,,Severe uncomplicated malnutrition,malnutrition sévère sans complications,,,,,,,,Diagnosis,N/A,,,,,,,,,,,,2775
162482AAAAAAAAAAAAAAAAAAAAAAAAAAAAAA,,"Pedestrian injured in collision with car, van or truck",Piéton blessé dans une collision avec une automobile ou une camionnette,,,,,,,,Diagnosis,N/A,,,,,,,,,,,,2776
162483AAAAAAAAAAAAAAAAAAAAAAAAAAAAAA,,Fracture of first cervical vertebra,Fracture de la première vertèbre cervicale,Fractura de la primera vértebra cervical,,,,,,,Diagnosis,N/A,,,,,,,,,,,,2777
162491AAAAAAAAAAAAAAAAAAAAAAAAAAAAAA,,Diabetic arthropathy,Arthropathie diabétique,,,,,,,,Diagnosis,N/A,,,,,,,,,,,,2778
162492AAAAAAAAAAAAAAAAAAAAAAAAAAAAAA,,Infantile scoliosis,Scoliose infantile,,,,,,,,Diagnosis,N/A,,,,,,,,,,,,2779
162493AAAAAAAAAAAAAAAAAAAAAAAAAAAAAA,,Juvenile idiopathic scoliosis,Scoliose juvénile idiopathique,Escoliosis idiopática del adolescente,,,,,,,Diagnosis,N/A,,,,,,,,,,,,2780
162495AAAAAAAAAAAAAAAAAAAAAAAAAAAAAA,,Pedestrian injured by two wheeled vehicle,Piéton blessé dans une collision avec un véhicule à moteur à deux ou trois roues,,,,,,,,Diagnosis,N/A,,,,,,,,,,,,2781
162497AAAAAAAAAAAAAAAAAAAAAAAAAAAAAA,,Complete tear of ligament of ankle or foot,Rupture de ligaments au niveau de la cheville et du pied,Desgarro completo de ligamento de tobillo o pie,,,,,,,Diagnosis,N/A,,,,,,,,,,,,2782
162498AAAAAAAAAAAAAAAAAAAAAAAAAAAAAA,,Fracture of talus,Fracture de l'astragale,Fractura de astrágalo,,,,,,,Diagnosis,N/A,,,,,,,,,,,,2783
162499AAAAAAAAAAAAAAAAAAAAAAAAAAAAAA,,Fracture of lateral malleolus,Fracture de la malléole externe,Fractura de maléolo externo,,,,,,,Diagnosis,N/A,,,,,,,,,,,,2784
162500AAAAAAAAAAAAAAAAAAAAAAAAAAAAAA,,Fracture of medial malleolus,Fracture de la malléole interne,Fractura del maleolo interno,,,,,,,Diagnosis,N/A,,,,,,,,,,,,2785
162526AAAAAAAAAAAAAAAAAAAAAAAAAAAAAA,,Fracture of distal femur,Fracture de l'extrémité inférieure du fémur,Fractura de fémur distal,,,,,,,Diagnosis,N/A,,,,,,,,,,,,2786
162527AAAAAAAAAAAAAAAAAAAAAAAAAAAAAA,,Injury to quadriceps muscle or tendon,Lésion de muscles et de tendons du quadriceps,,,,,,,,Diagnosis,N/A,,,,,,,,,,,,2787
162528AAAAAAAAAAAAAAAAAAAAAAAAAAAAAA,,Injury to nerve at level of wrist or hand,Lésion d'un nerf du poignet et de la main,,,,,,,,Diagnosis,N/A,,,,,,,,,,,,2788
162529AAAAAAAAAAAAAAAAAAAAAAAAAAAAAA,,Injury to flexor tendon of hand or wrist,Lésion du tendon fléchisseur du poignet ou de la main,,,,,,,,Diagnosis,N/A,,,,,,,,,,,,2789
162530AAAAAAAAAAAAAAAAAAAAAAAAAAAAAA,,Radial nerve injury at upper arm level,Lésion traumatique du nerf radial au niveau du bras,,,,,,,,Diagnosis,N/A,,,,,,,,,,,,2790
162531AAAAAAAAAAAAAAAAAAAAAAAAAAAAAA,,Traumatic amputation of upper arm,Amputation traumatique de l'épaule et du bras,Amputación traumática por encima del codo,,,,,,,Diagnosis,N/A,,,,,,,,,,,,2791
162532AAAAAAAAAAAAAAAAAAAAAAAAAAAAAA,,Fracture of proximal end of ulna,Fracture de la partie supérieure du cubitus,Fractura del extremo proximal del cúbito,,,,,,,Diagnosis,N/A,,,,,,,,,,,,2792
162533AAAAAAAAAAAAAAAAAAAAAAAAAAAAAA,,Radial shaft fracture,Fracture de la diaphyse du radius,Fractura de diáfisis de radio,,,,,,,Diagnosis,N/A,,,,,,,,,,,,2793
162534AAAAAAAAAAAAAAAAAAAAAAAAAAAAAA,,Forearm nerve injury,"Lésion traumatique d'un nerf non précisé, au niveau de l'avant-bras",,,,,,,,Diagnosis,N/A,,,,,,,,,,,,2794
162535AAAAAAAAAAAAAAAAAAAAAAAAAAAAAA,,Pain in thoracic spine,Rachialgies dorsales,Dolor en la columna dorsal,,,,Pain in thoracic spine not caused by intervertebral disk disease.,,,Diagnosis,N/A,,,,,,,,,,,,2795
1625AAAAAAAAAAAAAAAAAAAAAAAAAAAAAAAA,,Personal history of seizure disorder,Historique attaque épilepsie,Antecedente de: epilepsia,H/O seizure disorder,,,Personal history of epilepsy or other seizure disorder,,,Diagnosis,Boolean,,,,,,,,,,,,2796
1626AAAAAAAAAAAAAAAAAAAAAAAAAAAAAAAA,,Personal history of sickle cell anemia,Historique anémie falciforme,Antecedente de anemia drepanocítica,H/O sickle cell anemia,,,Personal history of sickle cell disease but not trait alone,,,Diagnosis,Boolean,,,,,,,,,,,,2797
162781AAAAAAAAAAAAAAAAAAAAAAAAAAAAAA,,Epidural intracranial hemorrhage,Hémorragie intracrânienne épidurale,Hemorragia intracraneal epidural,,,,,,,Diagnosis,N/A,,,,,,,,,,,,2798
162782AAAAAAAAAAAAAAAAAAAAAAAAAAAAAA,,Smith's fracture of radius,Fracture du radius de Smith,Fractura de Colles invertida,,,,,,,Diagnosis,N/A,,,,,,,,,,,,2799
162783AAAAAAAAAAAAAAAAAAAAAAAAAAAAAA,,Injury of flexor tendon and muscle of forearm,Lesion des tendons fléchisseurs de l'avant-bras,,,,,,,,Diagnosis,N/A,,,,,,,,,,,,2800
162784AAAAAAAAAAAAAAAAAAAAAAAAAAAAAA,,Injury of extensor tendon and muscle of forearm,Lésion traumatique de tendon extenseur de l'avant-bras,,,,,,,,Diagnosis,N/A,,,,,,,,,,,,2801
162785AAAAAAAAAAAAAAAAAAAAAAAAAAAAAA,,Traumatic amputation through forearm,Amputation traumatique de l'avant-bras,,,,,,,,Diagnosis,N/A,,,,,,,,,,,,2802
162786AAAAAAAAAAAAAAAAAAAAAAAAAAAAAA,,Injury to blood vessel at the level of the wrist and hand,Lésion d'un vaisseau sanguin du poignet et de la main,,,,,,,,Diagnosis,N/A,,,,,,,,,,,,2803
162787AAAAAAAAAAAAAAAAAAAAAAAAAAAAAA,,Injury of extensor tendon of hand,Lésion du tendon extenseur de la main,Lesión traumática de tendón extensor de mano,,,,,,,Diagnosis,N/A,,,,,,,,,,,,2804
162788AAAAAAAAAAAAAAAAAAAAAAAAAAAAAA,,Injury of extensor tendon of wrist,Lésion du tendon extenseur du poignet,,,,,,,,Diagnosis,N/A,,,,,,,,,,,,2805
162789AAAAAAAAAAAAAAAAAAAAAAAAAAAAAA,,"Traumatic amputation of wrist and hand, level unspecified",Amputation traumatique du poignet et de la main,,,,,,,,Diagnosis,N/A,,,,,,,,,,,,2806
162790AAAAAAAAAAAAAAAAAAAAAAAAAAAAAA,,Traumatic amputation through hip,Amputation traumatique de la hanche,Amputación traumática a nivel de la cadera,,,,,,,Diagnosis,N/A,,,,,,,,,,,,2807
162791AAAAAAAAAAAAAAAAAAAAAAAAAAAAAA,Yes,Traumatic amputation through thigh,Amputation traumatique de la cuisse,Amputación traumática a nivel del muslo,,,,,,,Diagnosis,N/A,,,,,,,,,,,,2808
162792AAAAAAAAAAAAAAAAAAAAAAAAAAAAAA,,Traumatic amputation of lower leg,Amputation traumatique de la jambe au niveau du genou ou plus bas,Amputación transtibioperonea traumática,,,,,,,Diagnosis,N/A,,,,,,,,,,,,2809
162793AAAAAAAAAAAAAAAAAAAAAAAAAAAAAA,,Fracture of tarsal bone other than talus or calcaneus,Fracture d'os du tarse autres que talus ou calcanéum,Fractura de hueso del tarso,,,,,,,Diagnosis,N/A,,,,,,,,,,,,2810
162795AAAAAAAAAAAAAAAAAAAAAAAAAAAAAA,,Encounter for insertion of hormonal intrauterine device,Mise en place d'un dispositif contraceptif (intra-utérin) hormonale,,,,,,,,Diagnosis,N/A,,,,,,,,,,,,2811
1627AAAAAAAAAAAAAAAAAAAAAAAAAAAAAAAA,,Personal history of sickle cell trait,Historique anémie falciforme (porteur),,H/O sickle cell trait,,,Personal history of sickle cell trait (genetic) without disease.,,,Diagnosis,Boolean,,,,,,,,,,,,2812
162814AAAAAAAAAAAAAAAAAAAAAAAAAAAAAA,,Mayer-Rokitansky-Kuster-Hauser syndrome,Syndrome de Mayer-Rokitansky,Síndrome de Mayer-Rokitansky-Küster-Hauser,,,,,,,Diagnosis,N/A,,,,,,,,,,,,2813
162817AAAAAAAAAAAAAAAAAAAAAAAAAAAAAA,,Encounter for removal of intrauterine device,Retrait d'un dispositif contraceptif intra-utérin,,,,,,,,Diagnosis,N/A,,,,,,,,,,,,2814
1628AAAAAAAAAAAAAAAAAAAAAAAAAAAAAAAA,,Past medical history added,Historique médicale ajoutée,,PMH Added,,,Coded list of past medical history problems but not procedures which are coded under Past Surgical History.,,,Diagnosis,Coded,,,,,,,,,,,,2815
162939AAAAAAAAAAAAAAAAAAAAAAAAAAAAAA,,Secondary impetiginization,Impetiginisation,Impetiginización secundaria,,,,The occurrence of impetigo by infection of an area of preexisting dermatosis.,,,Diagnosis,N/A,,,,,,,,,,,,2816
162941AAAAAAAAAAAAAAAAAAAAAAAAAAAAAA,,Acanthosis nigricans,Acanthosis nigricans,Acantosis nigricans,,,,,,,Diagnosis,N/A,,,,,,,,,,,,2817
1629AAAAAAAAAAAAAAAAAAAAAAAAAAAAAAAA,,Reattendance history,Diagnostics de réintégration,,Reattend Hx,,,The list of diagnoses why a patient reattends the clinic.,La liste des diagnostics pour lesquels un patient revient à la clinique.,,Diagnosis,Coded,,,,,,,,,,,,2818
1630AAAAAAAAAAAAAAAAAAAAAAAAAAAAAAAA,,Personal history of pelvic fracture,Historique de fracture du pelvis,Antecedente de fractura de cadera,H/O pelvic fracture,,,Past history of a fracture of the pelvis,,,Diagnosis,Boolean,,,,,,,,,,,,2819
163103AAAAAAAAAAAAAAAAAAAAAAAAAAAAAA,,History of orthopedic surgery,Histoire de chirurgie orthopédique,Antecedente de cirugía ortopédica,,,,,,,Diagnosis,N/A,,,,,,,,,,,,2820
1631AAAAAAAAAAAAAAAAAAAAAAAAAAAAAAAA,,Personal history of spinal fracture,Historique fracture vertébrale,,H/O spine fracture,,,Past history of fracture of the spinal column,,,Diagnosis,Boolean,,,,,,,,,,,,2821
1632AAAAAAAAAAAAAAAAAAAAAAAAAAAAAAAA,,Personal history of femur fracture,Historique de fracture du fémur,,H/O femur fracture,,,Past history of fracture of the femur (thigh bone).,,,Diagnosis,Boolean,,,,,,,,,,,,2822
163302AAAAAAAAAAAAAAAAAAAAAAAAAAAAAA,,Severe acute malnutrition,Malnutrition aiguë sévère,,,,,,,,Diagnosis,Coded,,,,,,,,,,,,2823
163303AAAAAAAAAAAAAAAAAAAAAAAAAAAAAA,,Moderate acute malnutrition,Malnutrition aiguë modérée,,,,,,,,Diagnosis,N/A,,,,,,,,,,,,2824
163324AAAAAAAAAAAAAAAAAAAAAAAAAAAAAA,,Co-infection with human immunodeficiency virus and tuberculosis,Co-infectés par le VIH et la tuberculose,,HIV-TB Coinfection,,,,,,Diagnosis,N/A,,,,,,,,,,,,2825
163325AAAAAAAAAAAAAAAAAAAAAAAAAAAAAA,,Co-infection with human immunodeficiency virus and hepatitis B,Co-infectés par le VIH et l'Hepatite B,,,,,,,,Diagnosis,N/A,,,,,,,,,,,,2826
163389AAAAAAAAAAAAAAAAAAAAAAAAAAAAAA,,Personal history of diphtheria,Histoire personnelle de diphtérie,Antecedente de difteria,,,,Patient has a history of diphtheria; a localized infection of mucous membranes or skin caused by toxigenic strains of CORYNEBACTERIUM DIPHTHERIAE.,,,Diagnosis,N/A,,,,,,,,,,,,2827
163390AAAAAAAAAAAAAAAAAAAAAAAAAAAAAA,,History of congenital anomaly,Antécédents personnels d'anomalie congénitale,Antecedente de: anomalía congénita,,,,,,,Diagnosis,N/A,,,,,,,,,,,,2828
163396AAAAAAAAAAAAAAAAAAAAAAAAAAAAAA,,History of measles,Antécédents personnels de la rougeole,Antecedente de: sarampión,,,,Patient has personal history of measles; a highly contagious infectious disease caused by MORBILLIVIRUS.,,,Diagnosis,N/A,,,,,,,,,,,,2829
163465AAAAAAAAAAAAAAAAAAAAAAAAAAAAAA,,Diarrhea for less than two weeks,Diarrhée pendant moins de deux semaines,,,,,Patient has had diarrhea for less than 2 weeks.,,,Diagnosis,N/A,,,,,,,,,,,,2830
163470AAAAAAAAAAAAAAAAAAAAAAAAAAAAAA,,Self-accusation,Auto-accusation,,,,,"The action of accusing oneself, stemming from feelings of guilt",,,Diagnosis,N/A,,,,,,,,,,,,2831
163473AAAAAAAAAAAAAAAAAAAAAAAAAAAAAA,,Shame,Honte,,,,,The social emotion resulting from comparison of the self's action with the self's standards or comparison of the self's state of being with the ideal social context's standard.,,,Diagnosis,N/A,,,,,,,,,,,,2832
163475AAAAAAAAAAAAAAAAAAAAAAAAAAAAAA,,Loss of self-esteem,Perte de l'estime de soi,,,,,Believing that there is something innately wrong with themselves,,,Diagnosis,N/A,,,,,,,,,,,,2833
163476AAAAAAAAAAAAAAAAAAAAAAAAAAAAAA,,Significant burn of skin,Brûlure importante de la peau,,,,,Burn involving more than 10% of body in a child or more than 20% of body in an adult,,,Diagnosis,N/A,,,,,,,,,,,,2834
163479AAAAAAAAAAAAAAAAAAAAAAAAAAAAAA,,Threatened limb,Membre menacé,Isquemia de miembro,,,,Acute ischemia involving a limb or extremity,,,Diagnosis,N/A,,,,,,,,,,,,2835
163485AAAAAAAAAAAAAAAAAAAAAAAAAAAAAA,,Acute dyspnea,Dyspneé - aigue,,,,,,,,Diagnosis,N/A,,,,,,,,,,,,2836
163487AAAAAAAAAAAAAAAAAAAAAAAAAAAAAA,,Severe traumatic injury,Traumatismes graves,,,,,,,,Diagnosis,N/A,,,,,,,,,,,,2837
1634AAAAAAAAAAAAAAAAAAAAAAAAAAAAAAAA,,Past medical history removed,Historique médicale supprimée,,PMH Removed,,,,,,Diagnosis,Coded,,,,,,,,,,,,2838
163673AAAAAAAAAAAAAAAAAAAAAAAAAAAAAA,,Microcephaly due to Zika virus,Microcephalie à cause zika,,,,,Small head in an infant due to infection of Zika virus in the mother during pregnancy.,,,Diagnosis,N/A,,,,,,,,,,,,2839
163712AAAAAAAAAAAAAAAAAAAAAAAAAAAAAA,,Human immunodeficiency virus (HIV) associated with cardiomyopathy,Cardiomyopathie symptomatique associée au VIH,,,,,Problems with the heart muscle that reduce the efficiency with which the heart pumps blood (Cardiomyopathy) with HIV disease.,,,Diagnosis,N/A,,,,,,,,,,,,2840
163713AAAAAAAAAAAAAAAAAAAAAAAAAAAAAA,,Diarrhea for more than two weeks,Diarrhée pendant plus de deux semaines,,,,,Patient has had diarrhea for more than 2 weeks.,,,Diagnosis,N/A,,,,,,,,,,,,2841
163738AAAAAAAAAAAAAAAAAAAAAAAAAAAAAA,,Metrorrhagia,Métrorragie,72 horas,,,,Vaginal bleeding not during menstruation.,,,Diagnosis,N/A,,,,,,,,,,,,2842
163751AAAAAAAAAAAAAAAAAAAAAAAAAAAAAA,,Third trimester hemorrhage,Hémorragie du troisième trimestre,Sangrado del tercer trimestre,,,,Hemorrhage during the 3rd trimester of pregnancy.,,,Diagnosis,N/A,,,,,,,,,,,,2843
163771AAAAAAAAAAAAAAAAAAAAAAAAAAAAAA,,Sexually transmitted disease (STD) in mother during pregnancy,Infection sexuellement transmissible de la mere pendant la grossesse,,,,,A diagnosis of an STD during pregnancy for the mother of a pediatric patient.,,,Diagnosis,Boolean,,,,,,,,,,,,2844
163775AAAAAAAAAAAAAAAAAAAAAAAAAAAAAA,,Program name,Nom du programme,,,,,Name of the program a patient is inrolled in.,,,Diagnosis,Coded,,,,,,,,,,,,2845
163793AAAAAAAAAAAAAAAAAAAAAAAAAAAAAA,,Skin flap necrosis,Nécrose du lambeau cutané,Necrosis de colgajo de piel,,,,,,,Diagnosis,N/A,,,,,,,,,,,,2846
163799AAAAAAAAAAAAAAAAAAAAAAAAAAAAAA,,Wound dehiscence,Déhiscence de cicatrice,Dehiscencia de herida,,,,,,,Diagnosis,N/A,,,,,,,,,,,,2847
163814AAAAAAAAAAAAAAAAAAAAAAAAAAAAAA,Yes,Fibrous dysplasia,Dysplasie fibreuse,Displasia fibrosa,,,,,,,Diagnosis,N/A,,,,,,,,,,,,2848
163874AAAAAAAAAAAAAAAAAAAAAAAAAAAAAA,,Infection of bone graft,Infection de greffe osseuse,Infección del injerto óseo,,,,,,,Diagnosis,N/A,,,,,,,,,,,,2849
1642AAAAAAAAAAAAAAAAAAAAAAAAAAAAAAAA,,Discharge diagnoses,Diagnostics à la décharge du patient,,Discharge diagnoses,,,The one or more diagnoses that the patient was given at the time they were discharged from the hospital or clinic.,,,Diagnosis,Coded,,,,,,,,,,,,2850
164526AAAAAAAAAAAAAAAAAAAAAAAAAAAAAA,,Dehiscence of anastomosis,Désunion anastomotique,Dehiscencia de anastomosis,,,,,,,Diagnosis,N/A,,,,,,,,,,,,2851
164936AAAAAAAAAAAAAAAAAAAAAAAAAAAAAA,,Inflammatory acne,Acné inflammatoire,Acné inflamatorio,,,,,,,Diagnosis,N/A,,,,,,,,,,,,2852
165162AAAAAAAAAAAAAAAAAAAAAAAAAAAAAA,,Foul smelling vaginal discharge,Ecoulement vaginal nauséabond,,,,,,,,Diagnosis,N/A,,,,,,,,,,,,2853
165205AAAAAAAAAAAAAAAAAAAAAAAAAAAAAA,,Severe hypertension,,,,,,Diagnosis of hypertension with blood pressure >180/110,,,Diagnosis,N/A,,,,,,,,,,,,2854
165587AAAAAAAAAAAAAAAAAAAAAAAAAAAAAA,,Uncontrolled hypertension,Hypertension (HTA) non contrôlée,,,,,,,,Diagnosis,N/A,,,,,,,,,,,,2855
165608AAAAAAAAAAAAAAAAAAAAAAAAAAAAAA,,Pneumonia due to severe acute respiratory syndrome coronavirus 2 (SARS-CoV-2),Pneumonie due au syndrome respiratoire aigu sévère coronavirus 2 (SRAS-CoV-2),Pneumonía debida a COVID-19,,,,,,,Diagnosis,N/A,,,,,,,,,,,,2856
165609AAAAAAAAAAAAAAAAAAAAAAAAAAAAAA,,Infection due to severe acute respiratory syndrome coronavirus 2 (SARS-CoV-2),Infection due au syndrome respiratoire aigu sévère coronavirus 2 (SRAS-CoV-2),Infección debida a Síndrome Respiratorio Agudo Severo por infección de coronavirus 2 (SARS-CoV-2),,,,,,,Diagnosis,N/A,,,,,,,,,,,,2857
165612AAAAAAAAAAAAAAAAAAAAAAAAAAAAAA,,Suspected severe acute respiratory syndrome coronavirus 2 (SARS-CoV-2) infection,Syndrome respiratoire aigu sévère coronavirus 2 (SRAS-CoV-2) suspecté,Síndrome Respiratorio Agudo Severo por infección de coronavirus 2 (SARS-CoV-2) sospechado,,,,,,,Diagnosis,N/A,,,,,,,,,,,,2858
165623AAAAAAAAAAAAAAAAAAAAAAAAAAAAAA,,Disease due to severe acute respiratory syndrome coronavirus 2 (SARS-CoV-2),Maladie due au syndrome respiratoire aigu sévère coronavirus 2 (SRAS-CoV-2),Enfermedad debida a COVID-19,,,,,,,Diagnosis,N/A,,,,,,,,,,,,2859
165630AAAAAAAAAAAAAAAAAAAAAAAAAAAAAA,,Acute respiratory disease due to severe acute respiratory syndrome coronavirus 2 (SARS-CoV-2),Maladie respiratoire aiguë due au syndrome respiratoire aigu sévère coronavirus 2 (SRAS-CoV-2),Enfermedad respiratoria aguda debida a COVID-19,,,,,,,Diagnosis,N/A,,,,,,,,,,,,2860
165633AAAAAAAAAAAAAAAAAAAAAAAAAAAAAA,,Upper respiratory tract infection due to severe acute respiratory syndrome coronavirus 2 (SARS-CoV-2),Infection des voies respiratoires supérieures due au syndrome respiratoire aigu sévère coronavirus 2 (SRAS-CoV-2),Infección del tracto respiratorio superior debida a COVID-19,,,,,,,Diagnosis,N/A,,,,,,,,,,,,2861
165843AAAAAAAAAAAAAAAAAAAAAAAAAAAAAA,,Acute respiratory distress syndrome (ARDS),Syndrome de détresse respiratoire aiguë (SDRA),Síndrome de dificultad respiratoria aguda,,SDRA,,,,,Diagnosis,N/A,,,,,,,,,,,,2862
165885AAAAAAAAAAAAAAAAAAAAAAAAAAAAAA,,Gastroenteritis due to severe acute respiratory syndrome coronavirus 2 (SARS-CoV-2),Gastro-entérite liée au syndrome respiratoire aigu sévère coronavirus 2 (SRAS-CoV-2),Gastroenteritis debido a COVID-19,Gastroenteritis due to SARS-CoV-2,,,,,,Diagnosis,N/A,,,,,,,,,,,,2863
165912AAAAAAAAAAAAAAAAAAAAAAAAAAAAAA,,Asymptomatic confirmed infection with severe acute respiratory syndrome coronavirus 2 (SARS-CoV-2),Syndrome respiratoire aigu sévère coronavirus 2 (SRAS-CoV-2) confirmé asymptomatique,Infección asintomática confirmada por COVID-19,Asymptomatic COVID-19,,,,,,Diagnosis,N/A,,,,,,,,,,,,2864
165914AAAAAAAAAAAAAAAAAAAAAAAAAAAAAA,,Acute diarrhea due to severe acute respiratory syndrome coronavirus 2 (SARS-CoV-2),Diarrhée aiguë liée au syndrome respiratoire aigu sévère coronavirus 2 (SRAS-CoV-2),Diarrea aguda debido a COVID-19,Acute diarrhea due to COVID-19,,,,,,Diagnosis,N/A,,,,,,,,,,,,2865
165959AAAAAAAAAAAAAAAAAAAAAAAAAAAAAA,,Acute ST elevation myocardial infarction of anterior wall,"Infarctus transmural aigu du myocarde, paroi anterieure",Infarto agudo de pared anterior de miocardio con elevación del segmento ST,,,,,,,Diagnosis,N/A,,,,,,,,,,,,2866
165960AAAAAAAAAAAAAAAAAAAAAAAAAAAAAA,,Failure of bone graft,Echec de greffe osseuse,Falla del injerto óseo,,,,,,,Diagnosis,N/A,,,,,,,,,,,,2867
165961AAAAAAAAAAAAAAAAAAAAAAAAAAAAAA,,Contact dermatitis,Eczema de contact,Dermatitis por contacto,,,,,,,Diagnosis,N/A,,,,,,,,,,,,2868
165967AAAAAAAAAAAAAAAAAAAAAAAAAAAAAA,,"Malunion of fracture, mandible","Fracture mal consolidee, mandibule",,,,,,,,Diagnosis,N/A,,,,,,,,,,,,2869
165968AAAAAAAAAAAAAAAAAAAAAAAAAAAAAA,,Severe microstomia,Microstomie sévère,,,,,,,,Diagnosis,N/A,,,,,,,,,,,,2870
165969AAAAAAAAAAAAAAAAAAAAAAAAAAAAAA,,Skin graft failure,Echec de greffe de peau,Falla del injerto de piel,,,,,,,Diagnosis,N/A,,,,,,,,,,,,2871
165970AAAAAAAAAAAAAAAAAAAAAAAAAAAAAA,,Skin graft infection,Infection de greffe de peau,Infección del injerto de piel,,,,,,,Diagnosis,N/A,,,,,,,,,,,,2872
165971AAAAAAAAAAAAAAAAAAAAAAAAAAAAAA,,Skin graft rejection,Rejet de greffe de peau,,,,,,,,Diagnosis,N/A,,,,,,,,,,,,2873
165972AAAAAAAAAAAAAAAAAAAAAAAAAAAAAA,,Adenosquamous carcinoma,Carcinome adénosquameux,Carcinoma de células adenoescamosas,,,,,,,Diagnosis,N/A,,,,,,,,,,,,2874
165975AAAAAAAAAAAAAAAAAAAAAAAAAAAAAA,,Adverse reaction to antibiotic,Effet indésirable aux antibiotiques,Reacción adversa a fármaco antibacteriano,,,,,,,Diagnosis,N/A,,,,,,,,,,,,2875
165976AAAAAAAAAAAAAAAAAAAAAAAAAAAAAA,,Perioperative myocardial infarction,Infarctus du myocarde périopératoire,,Peri-operative MI,,,,,,Diagnosis,N/A,,,,,,,,,,,,2876
165977AAAAAAAAAAAAAAAAAAAAAAAAAAAAAA,,Postoperative osteomyelitis,Ostéomyélite post-opératoire,,,,,,,,Diagnosis,N/A,,,,,,,,,,,,2877
165978AAAAAAAAAAAAAAAAAAAAAAAAAAAAAA,,Occlusion of peripherally inserted central catheter (PICC),Occlusion de PICC line,,,,,,,,Diagnosis,N/A,,,,,,,,,,,,2878
165979AAAAAAAAAAAAAAAAAAAAAAAAAAAAAA,,Bleeding stress ulcer of stomach,Ulcère de stress avec saignement,Úlcera sangrante de estómago por estrés,,,,,,,Diagnosis,N/A,,,,,,,,,,,,2879
165980AAAAAAAAAAAAAAAAAAAAAAAAAAAAAA,,Infected tissue expander,Infection de l'extenseur tissulaire,Expansor tisular infectado,,,,,,,Diagnosis,N/A,,,,,,,,,,,,2880
165999AAAAAAAAAAAAAAAAAAAAAAAAAAAAAA,Yes,Acquired club foot,"Pied bot, acquis (duplicate)",Pie equinovaro adquirido - talipes,,,,,,,Diagnosis,N/A,,,,,,,,,,,,2881
166001AAAAAAAAAAAAAAAAAAAAAAAAAAAAAA,,Thrombophlebitis at site of peripherally inserted central catheter (PICC),Thrombophlébite liée à PICC line,,,,,,,,Diagnosis,N/A,,,,,,,,,,,,2882
166093AAAAAAAAAAAAAAAAAAAAAAAAAAAAAA,,Acute exacerbation of chronic obstructive pulmonary disease,Exacerbation aiguë de Bronchopneumopathie chronique obstructive,Exacerbación aguda de la enfermedad pulmonar obstructiva crónica,,,,,,,Diagnosis,Coded,,,,,,,,,,,,2883
166094AAAAAAAAAAAAAAAAAAAAAAAAAAAAAA,,Disruption of traumatic injury wound repair,Desunion d'une lesion traumatique,,,,,,,,Diagnosis,N/A,,,,,,,,,,,,2884
166098AAAAAAAAAAAAAAAAAAAAAAAAAAAAAA,,"Fracture of bone following insertion of orthopedic implant, joint prosthesis, or bone plate","Fracture osseuse apres mise en place d'un implant, d'une prothese articulaire ou d'une plaque d'osteosynthese",,,,,,,,Diagnosis,N/A,,,,,,,,,,,,2885
166125AAAAAAAAAAAAAAAAAAAAAAAAAAAAAA,,Venous thrombosis due to peripherally inserted central catheter (PICC),Thrombose veineuse due à PICC line,Trombosis venosa debida a dispositivo de acceso venoso central,,,,,,,Diagnosis,N/A,,,,,,,,,,,,2886
166207AAAAAAAAAAAAAAAAAAAAAAAAAAAAAA,,"Soft tissue disorder related to use, overuse, and pressure",Affection des tissus mous par sollicitation ou pression excessive,,,,,,,,Diagnosis,N/A,,,,,,,,,,,,2887
166208AAAAAAAAAAAAAAAAAAAAAAAAAAAAAA,,Postprocedural disorder of musculoskeletal system,Affection du système ostéo-articulaire et des muscles après un acte à visée diagnostique et thérapeutique,,,,,,,,Diagnosis,N/A,,,,,,,,,,,,2888
166209AAAAAAAAAAAAAAAAAAAAAAAAAAAAAA,,Intraoperative musculoskeletal disorder,Affection peropératoire du système ostéo-articulaire et des muscles,,,,,,,,Diagnosis,N/A,,,,,,,,,,,,2889
166210AAAAAAAAAAAAAAAAAAAAAAAAAAAAAA,,Complication associated with peripherally inserted central catheter (PICC),Complications relative a un cathéter central inséré par voie périphérique (PICC line),Complicación asociada con catéter central insertado por vía periférica,,,,,,,Diagnosis,N/A,,,,,,,,,,,,2890
166211AAAAAAAAAAAAAAAAAAAAAAAAAAAAAA,,Reaction to severe stress,Réaction à un facteur de stress sévère,,,,,,,,Diagnosis,N/A,,,,,,,,,,,,2891
166212AAAAAAAAAAAAAAAAAAAAAAAAAAAAAA,,Chronic psychosis,Psychose chronique,,,,,,,,Diagnosis,N/A,,,,,,,,,,,,2892
166213AAAAAAAAAAAAAAAAAAAAAAAAAAAAAA,,Puerperal psychosis,Psychose puerpérale,,,,,,,,Diagnosis,N/A,,,,,,,,,,,,2893
166214AAAAAAAAAAAAAAAAAAAAAAAAAAAAAA,,Disorder of bone density or structure,Anomalies de la densité ou de la structure osseuse,,,,,,,,Diagnosis,N/A,,,,,,,,,,,,2894
166215AAAAAAAAAAAAAAAAAAAAAAAAAAAAAA,,Mild to moderate depression,Dépression légère à modérée,,,,,,,,Diagnosis,N/A,,,,,,,,,,,,2895
166216AAAAAAAAAAAAAAAAAAAAAAAAAAAAAA,Yes,"Fracture of upper arm, closed","Fracture du haut bras, fermée (duplicate)","Fractura de brazo superior, cerrada",,,,,,,Diagnosis,N/A,,,,,,,,,,,,2896
166217AAAAAAAAAAAAAAAAAAAAAAAAAAAAAA,,"Fracture of upper arm, open","Fracture du haut bras, ouverte","Fractura de brazo superior, abierta",,,,,,,Diagnosis,N/A,,,,,,,,,,,,2897
166218AAAAAAAAAAAAAAAAAAAAAAAAAAAAAA,,Injury of tendon of hand,"Lésion traumatique d'un tendon, main",Lesión de tendón de la mano,,,,,,,Diagnosis,N/A,,,,,,,,,,,,2898
166219AAAAAAAAAAAAAAAAAAAAAAAAAAAAAA,,Injury to tendon of thigh,"Lésion traumatique d'un tendon, cuisse",,,,,,,,Diagnosis,N/A,,,,,,,,,,,,2899
166220AAAAAAAAAAAAAAAAAAAAAAAAAAAAAA,,Injury to tendon of lower leg,"Lésion traumatique d'un tendon, jambe",,,,,,,,Diagnosis,N/A,,,,,,,,,,,,2900
166221AAAAAAAAAAAAAAAAAAAAAAAAAAAAAA,,Mental or behavioral disorder due to alcohol use,Trouble mental et comportemental lié à la consommation d'alcool,,,,,,,,Diagnosis,N/A,,,,,,,,,,,,2901
166222AAAAAAAAAAAAAAAAAAAAAAAAAAAAAA,,Mental or behavioral disorder due to psychoactive substance,Trouble mental ou comportemental dû à une substance psychoactive,,,,,,,,Diagnosis,N/A,,,,,,,,,,,,2902
166438AAAAAAAAAAAAAAAAAAAAAAAAAAAAAA,,Obstructive mass of female genital tract,Obstacle previa (masse obstruante la canale vaginale),,,,,,,,Diagnosis,N/A,,,,,,,,,,,,2903
166608AAAAAAAAAAAAAAAAAAAAAAAAAAAAAA,,Hot liquid burn,Brûlure par liquide chaud,Quemadura por líquido caliente,,,,,,,Diagnosis,N/A,,,,,,,,,,,,2904
166609AAAAAAAAAAAAAAAAAAAAAAAAAAAAAA,,Deep second degree burn,Brûlure du deuxième degré profonde,Quemadura de espesor parcial profunda,,,,,,,Diagnosis,N/A,,,,,,,,,,,,2905
166610AAAAAAAAAAAAAAAAAAAAAAAAAAAAAA,,Superficial second degree burn,Brûlure du deuxième degré superficielle,,,,,,,,Diagnosis,N/A,,,,,,,,,,,,2906
166611AAAAAAAAAAAAAAAAAAAAAAAAAAAAAA,,Burn caused by open flame,Brûlure par flamme,Quemadura por fuego,,,,,,,Diagnosis,N/A,,,,,,,,,,,,2907
166612AAAAAAAAAAAAAAAAAAAAAAAAAAAAAA,,Burn due to contact with hot surface,Brûlure par contact avec surface chaude,Quemadura por contacto con objetos y materiales sólidos calientes,,,,,,,Diagnosis,N/A,,,,,,,,,,,,2908
166614AAAAAAAAAAAAAAAAAAAAAAAAAAAAAA,,Tendon injury,Blessure du tendon,Lesión de tendón,,,,,,,Diagnosis,N/A,,,,,,,,,,,,2909
166615AAAAAAAAAAAAAAAAAAAAAAAAAAAAAA,,Unintentional injury,Blessure non intentionnelle,Lesión accidental,,,,,,,Diagnosis,N/A,,,,,,,,,,,,2910
166633AAAAAAAAAAAAAAAAAAAAAAAAAAAAAA,,History of obstetrical complication (text),Antécédents de complication obstétricale (texte),,,,,,,,Diagnosis,Text,,,,,,,,,,,,2911
166672AAAAAAAAAAAAAAAAAAAAAAAAAAAAAA,,Severe recurrent major depression,"Episode depressif eleve, episode repete",Depresión mayor severa recurrente,,,,,,,Diagnosis,N/A,,,,,,,,,,,,2912
166842AAAAAAAAAAAAAAAAAAAAAAAAAAAAAA,,Psychroalgia,Douleur au froid,Psicroalgia,,,,,,,Diagnosis,N/A,,,,,,,,,,,,2913
166851AAAAAAAAAAAAAAAAAAAAAAAAAAAAAA,,Perioperative acute myocardial infarction,Infarctus du myocarde péri-opératoire,,,,,,,,Diagnosis,N/A,,,,,,,,,,,,2914
166859AAAAAAAAAAAAAAAAAAAAAAAAAAAAAA,,Neuropraxia,Neuropraxie,Neuropraxia,,,,,,,Diagnosis,N/A,,,,,,,,,,,,2915
166930AAAAAAAAAAAAAAAAAAAAAAAAAAAAAA,,Chronic nociceptive pain,Douleur nociceptive chronique,Dolor nociceptivo crónico,,,,,,,Diagnosis,N/A,,,,,,,,,,,,2916
166931AAAAAAAAAAAAAAAAAAAAAAAAAAAAAA,,Fracture complicating procedure,Fracture complicant procédure,,,,,,,,Diagnosis,N/A,,,,,,,,,,,,2917
1669AAAAAAAAAAAAAAAAAAAAAAAAAAAAAAAA,,Obstetric emergency,Urgence obstétrique,,Obstetric emergency,,,An unknown emergency related to pregnancy or delivery.,,,Diagnosis,Coded,,,,,,,,,,,,2918
167078AAAAAAAAAAAAAAAAAAAAAAAAAAAAAA,,Neurocognitive disorder,Problème neurocognitif,,,,,,,,Diagnosis,N/A,,,,,,,,,,,,2919
167086AAAAAAAAAAAAAAAAAAAAAAAAAAAAAA,,Adult behaviour problem,Problème de comportement chez l'adulte,Problema de conducta en la vida adulta,,,,,,,Diagnosis,N/A,,,,,,,,,,,,2920
167087AAAAAAAAAAAAAAAAAAAAAAAAAAAAAA,,Child behaviour problem,Problème de comportement de l'enfant,Conducta problemática en niños,,,,,,,Diagnosis,N/A,,,,,,,,,,,,2921
167127AAAAAAAAAAAAAAAAAAAAAAAAAAAAAA,,Intrusive thoughts,Pensées intrusives,Pensamientos intrusivos,,,,,,,Diagnosis,N/A,,,,,,,,,,,,2922
167128AAAAAAAAAAAAAAAAAAAAAAAAAAAAAA,,Avoidant behavior,Comportement d'évitement,Conducta de evasión,,,,,,,Diagnosis,N/A,,,,,,,,,,,,2923
167129AAAAAAAAAAAAAAAAAAAAAAAAAAAAAA,,Difficulty reasoning,Difficulté à raisonner,Dificultad para razonar,,,,,,,Diagnosis,N/A,,,,,,,,,,,,2924
167136AAAAAAAAAAAAAAAAAAAAAAAAAAAAAA,,Developmental regression in child,Régression du développement chez l'enfant,,,,,,,,Diagnosis,N/A,,,,,,,,,,,,2925
167137AAAAAAAAAAAAAAAAAAAAAAAAAAAAAA,,Disorganized thinking,Pensées désorganisées,Pensamiento desorganizado,,,,,,,Diagnosis,N/A,,,,,,,,,,,,2926
1715AAAAAAAAAAAAAAAAAAAAAAAAAAAAAAAA,,Lethal bite (animal/insect),Morsure mortelle (animal/insecte),,Lethal Bite,,,Bite of animal or insect causing death,,,Diagnosis,Coded,,,,,,,,,,,,2927
177AAAAAAAAAAAAAAAAAAAAAAAAAAAAAAAAA,,Fracture,Fracture,fractura ósea,,,,"A break, rupture, or crack, especially in bone or cartilage.",,,Diagnosis,N/A,,,,,,,,,,,,2928
1847AAAAAAAAAAAAAAAAAAAAAAAAAAAAAAAA,,Rash weeping with clear fluid,Suintement clair des rougeurs,Salpullido vesiculoso,Rash with clear fluid,,,A rash which produces a clear fluid as compared to a rash with pustular fluid.,,,Diagnosis,N/A,,,,,,,,,,,,2929
1858AAAAAAAAAAAAAAAAAAAAAAAAAAAAAAAA,,Recent weight loss,Perte de poids récente,Descenso reciente de peso,Recent wt. loss,,,Significant weight loss in previous 30 days.,,,Diagnosis,Coded,,,,,,,,,,,,2930
1860AAAAAAAAAAAAAAAAAAAAAAAAAAAAAAAA,,Personal history of being born prematurely,Historique de naissance prématurée,Nacido muy prematuro,Born prematurely,L'enfant prématuré,,A baby who was born prematurely.,L'enfant est-il/elle né(e) prématuré(e)?,,Diagnosis,Coded,,,,,,,,,,,,2931
1870AAAAAAAAAAAAAAAAAAAAAAAAAAAAAAAA,Yes,Personal history of rheumatic fever,Historique  rhumatisme articulaire,Antecedente de: fiebre reumática (duplicate),,,,,,,Diagnosis,N/A,,,,,,,,,,,,2932
1871AAAAAAAAAAAAAAAAAAAAAAAAAAAAAAAA,,Personal history of blood transfusion,Historique de transfusion sanguine,Antecedente de: transfusión sanguínea,,,,,,,Diagnosis,N/A,,,,,,,,,,,,2933
1872AAAAAAAAAAAAAAAAAAAAAAAAAAAAAAAA,,Personal history of skeletal deformity,Historique déformation squelettique,,,,,,,,Diagnosis,N/A,,,,,,,,,,,,2934
1892AAAAAAAAAAAAAAAAAAAAAAAAAAAAAAAA,,Fever in first trimester of pregnancy,Fievre dans le premier trimestre de la grossess,Fiebre en el primer trimestre del embarazo,,,,,,,Diagnosis,Coded,,,,,,,,,,,,2935
18c6c568-1f7d-4b88-ae17-aa92ab54066a,,Conversion disorder with special sensory loss,Trouble de conversion avec perte sensorielle particulière,,,,,,,,Diagnosis,N/A,,,,,,,,,,,,2936
18ed68d3-f797-4b0a-8863-a52443c07e8a,,Hoarding disorder,Trouble de la thésaurisation,,,,,,,,Diagnosis,N/A,,,,,,,,,,,,2937
1924689a-f990-4d02-9876-d898d892196e,,Severe stimulant use disorder,Trouble grave lié aux stimulants,,,,,,,,Diagnosis,N/A,,,,,,,,,,,,2938
199AAAAAAAAAAAAAAAAAAAAAAAAAAAAAAAAA,,Helminthiasis,Helminthiase,infección por helmintos,,,,A disease caused by infestation with parasitic worms.,,,Diagnosis,N/A,,,,,,,,,,,,2939
1AAAAAAAAAAAAAAAAAAAAAAAAAAAAAAAAAAA,,Anaemia due to blood loss,Anémie secondaire à une hémorragie,Anemia por pérdida de sangre,,,,Anemia due to bleeding or a hemorrhagic process.,,,Diagnosis,N/A,,,,,,,,,,,,2940
1a717880-04d3-4631-acd7-b2848f56e6f1,,Psychotic disorder due to medical condition with delusions,Trouble psychotique du à une affection médicale avec idées délirantes,,,,,,,,Diagnosis,N/A,,,,,,,,,,,,2941
1c13e87b-e8b7-4076-9886-43e518e731d9,,Other specified eating disorder,Autre trouble de l'alimentation spécifié,,,,,,,,Diagnosis,N/A,,,,,,,,,,,,2942
206AAAAAAAAAAAAAAAAAAAAAAAAAAAAAAAAA,,Seizure,Convulsion,Convulsión,,,,Epileptic seizure of unspecified type.,,,Diagnosis,Coded,,,,,,,,,,,,2943
23f79335-3dde-4849-abc2-8523a3385d7b,,Phobia of the natural environment,Peur de l'environnement naturel,,,,,,,,Diagnosis,N/A,,,,,,,,,,,,2944
27ee895a-8283-403d-8ae4-4462bd1212ce,,Non-severe event supposed to be attributable to vaccination and immunization (ESAVI),Événement mineur supposé etre attribuable à la vaccination et à l'immunisation (ESAVI),,Minor ESAVI,,,,,,Diagnosis,N/A,,,,,,,,,,,,2945
28AAAAAAAAAAAAAAAAAAAAAAAAAAAAAAAAAA,,Viral hepatitis C,Hépatite C,hepatitis viral tipo C,,,,Liver infection with hepatitic C virus.,,,Diagnosis,N/A,,,,,,,,,,,,2946
298AAAAAAAAAAAAAAAAAAAAAAAAAAAAAAAAA,,"Candidiasis, vaginal",Candidose vaginale,candidiasis de la vagina,,,,Vaginal infection with candida.,,,Diagnosis,N/A,,,,,,,,,,,,2947
2AAAAAAAAAAAAAAAAAAAAAAAAAAAAAAAAAAA,,"Anemia, hemolysis","Anémie, hémolyse",Anemia hemolítica,,,,"Anemia, due to the destruction or dissolution of red blood cells, with subsequent release of hemoglobin.",,,Diagnosis,N/A,,,,,,,,,,,,2948
2c156b19-3b11-4e11-9ae2-5ea2bff2b093,,"Chronic kidney disease, stage IIIA (moderate)","Insuffisance renale chronique, stade 3a","Enfermedad renal crónica, estadio 3A","CKD, stage 3A",,,,,,Diagnosis,N/A,,,,,,,,,,,,2949
2c974978-3d81-41da-a2fb-79d262a42c8c,,Substance withdrawal syndrome,Syndrome de sevrage,,,,,,,,Diagnosis,N/A,,,,,,,,,,,,2950
2ea40b69-4ed8-4c6f-a4d7-44a4dad1c5ff,,Moderate opioid use disorder,Trouble modéré lié aux opioïdes,,,,,,,,Diagnosis,N/A,,,,,,,,,,,,2951
3034271b-5d91-4616-9f49-8a8cae5c2e76,,"Chronic kidney disease, stage IIIB (moderate)","Insuffisance renale chronique, stade 3B","Enfermedad renal crónica, estadio 3B","CKD, stage 3B",,,,,,Diagnosis,N/A,,,,,,,,,,,,2952
32256e9f-cbdd-45c7-bbba-a748cb7db943,,Major event supposed to be attributable to vaccination and immunization (ESAVI),Événement supposé etre attribuable et à l'immunisation (ESAVI majeure),,Major ESAVI,,,,,,Diagnosis,N/A,,,,,,,,,,,,2953
331049b4-b743-4295-b7b2-93ebba26f07e,,Major neurocognitive disorder without behavior changes caused by traumatic brain injury,Trouble neurocognitif majeur sans modifications du comportement causé par un traumatisme crânien,,,,,,,,Diagnosis,N/A,,,,,,,,,,,,2954
36939a20-0536-45f2-b91a-ebbfa2ff5106,,"Severe sedative, hypnotic or anxiolytic use disorder","Trouble grave lié aux sédatifs, d'hypnotiques ou anxiolytiques",,,,,,,,Diagnosis,N/A,,,,,,,,,,,,2955
3721377a-528c-4978-8df1-c063defdb1e5,,Mild opioid use disorder,Trouble léger lié aux opioïdes,,,,,,,,Diagnosis,N/A,,,,,,,,,,,,2956
37AAAAAAAAAAAAAAAAAAAAAAAAAAAAAAAAAA,,Menstrual dysfunction,Disfonctionement menstruel,,,,,"Unspecified problems with menstruation.  These could include things such as amenorrhea, polymenorrhea, etc.",,,Diagnosis,N/A,,,,,,,,,,,,2957
3aebaa0f-9314-47f3-9365-f4567ce61cee,,Uncomplicated bereavement,Deuil non compliqué,,,,,,,,Diagnosis,N/A,,,,,,,,,,,,2958
3b62806a-8db0-4093-9c62-bffb9450c7dd,,Binge eating disorder,Trouble de l'hyperphagie,,,,,,,,Diagnosis,N/A,,,,,,,,,,,,2959
3db0b60b-4be7-4748-86cf-658d2527cf1f,,"Moderate sedative, hypnotic or anxiolytic use disorder","Trouble modéré lié aux sédatifs, d'hypnotiques ou anxiolytiques",,,,,,,,Diagnosis,N/A,,,,,,,,,,,,2960
3ffe002c-ece2-4034-a374-a06e3cac2c8f,,Cannabis withdrawal,Sevrage du cannabis,,,,,,,,Diagnosis,N/A,,,,,,,,,,,,2961
41f0e46d-5e8e-4ff0-abd1-ba7863a24ec0,,Nonreassuring fetal heart rate pattern,Bruit du cœur fœtale non-rassurante (BDCFNR),,,BDCFNR,,,,,Diagnosis,N/A,,,,,,,,,,,,2962
42AAAAAAAAAAAAAAAAAAAAAAAAAAAAAAAAAA,,"Pneumonia, tuberculous","Pneumonie, tuberculeuse",Tuberculosis pulmonar,,,,An acute or chronic disease marked by inflammation of the lungs and caused by by mycobacterium tuberculosis.,,,Diagnosis,Boolean,,,,,,,,,,,,2963
44a9fba9-7c07-439e-900f-bff4c938eb82,,Severe tobacco use disorder,Trouble grave lié au tabac,,,,,,,,Diagnosis,N/A,,,,,,,,,,,,2964
44d3b3cc-d5fb-49c5-9a0b-e650cde061c7,,Drug-induced anxiety disorder,Trouble anxieux induit par un medicament,,,,,,,,Diagnosis,N/A,,,,,,,,,,,,2965
46AAAAAAAAAAAAAAAAAAAAAAAAAAAAAAAAAA,,Ectopic pregnancy without intrauterine pregnancy,"Grossesse, extra-utérine",embarazo ectópico,,,,"Implantation and subsequent development of a fertilized ovum outside the uterus, as in a fallopian tube.",,,Diagnosis,N/A,,,,,,,,,,,,2966
481AAAAAAAAAAAAAAAAAAAAAAAAAAAAAAAAA,,Dislocation,Dislocation,luxación de una articulación,,,,Displacement of one or more bones at a joint.  Should be qualified with an anatomic concept.,,,Diagnosis,N/A,,,,,,,,,,,,2967
487AAAAAAAAAAAAAAAAAAAAAAAAAAAAAAAAA,,"Dementia, senile",Démence sénile,psicosis presbiofrénica,,,,A mental disorder of old age especially of the degenerative type associated with Alzheimer's disease.,,,Diagnosis,N/A,,,,,,,,,,,,2968
490AAAAAAAAAAAAAAAAAAAAAAAAAAAAAAAAA,,Hyperemesis gravidarum,hyperémèse	,hiperemesis gravídica,,,,Excessive vomiting during pregnancy.,,,Diagnosis,N/A,,,,,,,,,,,,2969
494d9901-4d0b-4195-9345-68afe48ab53d,Yes,Gender dysphoria,Dysphorie de genre,,,,,,,,Diagnosis,N/A,,,,,,,,,,,,2970
49AAAAAAAAAAAAAAAAAAAAAAAAAAAAAAAAAA,,Vesico-vaginal fistula,Fistule vésico-vaginale,Fístula vesicovaginal,,,,,,,Diagnosis,Boolean,,,,,,,,,,,,2971
4AAAAAAAAAAAAAAAAAAAAAAAAAAAAAAAAAAA,,Asthma exacerbation,Exacerbation d'asthme,Exacerbación de asma,,,,"An abrupt and/or progressive worsening of symptoms of shortness of breath, wheezing, chest tightness, or some combination of these with associated respiratory distress.",,,Diagnosis,Coded,,,,,,,,,,,,2972
4bb06d34-ac72-4779-8698-9bb9b9caeebf,,Intra-operative injury to ureter,Lésion de l'uretère peropératoire,,,,,,,,Diagnosis,N/A,,,,,,,,,,,,2973
5016AAAAAAAAAAAAAAAAAAAAAAAAAAAAAAAA,,Cardiomyopathy,Cardiomyopathie,Miocardiopatía,,,,"A disease or disorder of the heart muscle, especially of unknown or obscure cause.",,,Diagnosis,N/A,,,,,,,,,,,,2974
5029AAAAAAAAAAAAAAAAAAAAAAAAAAAAAAAA,,"HIV staging - varicella, disseminated","Stadification VIH - varicelle, disséminée",,,,,WHO Peds Stage 3 / CDC Category B - Disseminated varicella infection,,,Diagnosis,N/A,,,,,,,,,,,,2975
5033AAAAAAAAAAAAAAAAAAAAAAAAAAAAAAAA,,"HIV staging - cryptococcosis, extrapulmonary",Stadification VIH - Meningites a cryptococcose,"Estadificación VIH - criptococosis, extrapulmonar",,,,Cryptococcosis infection which exists outsides of the pulmonary tract (includes cryptococcal meningitis).,,,Diagnosis,N/A,,,,,,,,,,,,2976
5034AAAAAAAAAAAAAAAAAAAAAAAAAAAAAAAA,,HIV staging - cryptosporidiosis,Stadification VIH - Cryptosporidiose,Criptosporidiosis asociada con SIDA,,,,CDC Category C / WHO Stage 4 - Cryptosporidiosis Or Isosporiasis With Diarrhea Persisting > 1 Month,,,Diagnosis,N/A,,,,,,,,,,,,2977
5035AAAAAAAAAAAAAAAAAAAAAAAAAAAAAAAA,,HIV staging - cytomegalovirus disease,Stadification VIH - Retinite a cytomegalovirus,,,,,"CDC Category C / WHO Peds and Adult Stage 4 - Cytomegalovirus disease with onset of symptoms after first month of life (at sites other Than Liver, Spleen, Lymph Nodes).  Examples are CMV retinitis and colitis.",,,Diagnosis,N/A,,,,,,,,,,,,2978
5038AAAAAAAAAAAAAAAAAAAAAAAAAAAAAAAA,,"HIV staging - histoplasmosis, disseminated",Stadification VIH - histoplasmose diseminee,Histoplasmosis extrapulmonar,,,,"CDC Category C - Histoplasmosis, Disseminated (at sites other than or in addition to lungs or cervical or hilar lymph nodes)",,,Diagnosis,N/A,,,,,,,,,,,,2979
5040AAAAAAAAAAAAAAAAAAAAAAAAAAAAAAAA,,Primary cerebral lymphoma with human immunodeficiency virus infection,Stadification VIH - lymphome du cerveau,Linfoma cerebral,,,,"CDC Category C - Lymphoma, Primary In Brain",,,Diagnosis,N/A,,,,,,,,,,,,2980
5041AAAAAAAAAAAAAAAAAAAAAAAAAAAAAAAA,,HIV staging - lymphoma,Stadification VIH - lymphome,,,,,"CDC Category C - Lymphoma, Small, Noncleaved Cell (Burkitt's)/Immunoblastic/Large Cell Lymphoma",,,Diagnosis,N/A,,,,,,,,,,,,2981
5042AAAAAAAAAAAAAAAAAAAAAAAAAAAAAAAA,,"Mycobacterium tuberculosis, extrapulmonary",Tuberculose extra-pulmonaire,TB extrapulmonar,,,,Mycobacterium Tuberculosis (Disseminated Or Extrapulmonary),,,Diagnosis,N/A,,,,,,,,,,,,2982
5043AAAAAAAAAAAAAAAAAAAAAAAAAAAAAAAA,,"HIV staging - mycobacterium, other","Stadification VIH - mycobacterium, autres",,,,,"CDC Category C - Mycobacterium,  Species Or Unidentified Species, Disseminated (At Site Other Than Or In Addition To Lungs, Skin, Or Cervical Or Hilar Lymph Nodes).",,,Diagnosis,N/A,,,,,,,,,,,,2983
5046AAAAAAAAAAAAAAAAAAAAAAAAAAAAAAAA,,Progressive multifocal leukoencephalopathy,Leuco-encephalopathie multifocale progressive,leucoencefalopatía multifocal progresiva,PML,,,Category C - Progressive Multifocal Leukoencephalopathy.  Also the adult WHO Stage 4 Condition - Progressive Multifocal Leukoencephalopathy (PML).,,,Diagnosis,N/A,,,,,,,,,,,,2984
5050AAAAAAAAAAAAAAAAAAAAAAAAAAAAAAAA,,Failure to thrive,retard de croissance,falta de progreso,,,,"A decrease in expected rate of growth based on the child's previously defined growth curve.  Examples of this are low weight for age, or low height for age, or low weight for height.",,,Diagnosis,N/A,,,,,,,,,,,,2985
507AAAAAAAAAAAAAAAAAAAAAAAAAAAAAAAAA,,Kaposi's sarcoma of skin,Sarcome de kaposi de la peau,sarcoma de Kaposi (clínico),,,,"A neoplastic disease affecting especially the skin and mucous membranes, characterized especially by the formation of pink to reddish-brown or bluish tumorous plaques, macules, papules, or nodules especially on the lower extremities, and formerly limited primarily to elderly men in whom it followed a benign course but now being a major and sometimes fatal disease associated with immunodeficient individuals with AIDS.",,,Diagnosis,N/A,,,,,,,,,,,,2986
50AAAAAAAAAAAAAAAAAAAAAAAAAAAAAAAAAA,,Personal history of abortion,HISTORIQUE Avortement,antecedente de: aborto,,,,"The intentional, premature expulsion of a nonviable fetus from the uterus.",,,Diagnosis,N/A,,,,,,,,,,,,2987
5258AAAAAAAAAAAAAAAAAAAAAAAAAAAAAAAA,,Poliomyelitis,Poliomyélite,parálisis infantil,,,,"A highly infectious viral disease that chiefly affects children and, in its acute forms, causes inflammation of motor neurons of the spinal cord and brainstem, leading to paralysis, muscular atrophy, and often deformity. Through vaccination, the disease is preventable. Also called infantile paralysis.",,,Diagnosis,N/A,,,,,,,,,,,,2988
5327AAAAAAAAAAAAAAAAAAAAAAAAAAAAAAAA,,Asymptomatic HIV infection,Infection asymptomatique VIH,infección asintomática por virus de la inmunodeficiencia humana (duplicate),,,,WHO Stage 1 / CDC Category N Conditions - Asymptomatic HIV Infection,,,Diagnosis,N/A,,,,,,,,,,,,2989
5332AAAAAAAAAAAAAAAAAAAAAAAAAAAAAAAA,,Weight loss less than ten percent,Perte de poids (<10%),,,,,WHO Stage 2 Conditions - Weight Loss <= 10% of Body Weight,,,Diagnosis,N/A,,,,,,,,,,,,2990
5333AAAAAAAAAAAAAAAAAAAAAAAAAAAAAAAA,,HIV staging - severe bacterial infection,Stadification VIH - Infections bacterienne severe,,,,,"WHO Peds Stage 3 / WHO Adult Stage 3 Conditions - Severe Bacterial Infections (e.g., Pneumonia, Polymyositis)",,,Diagnosis,N/A,,,,,,,,,,,,2991
5334AAAAAAAAAAAAAAAAAAAAAAAAAAAAAAAA,,"Candidiasis, oral","Candidose, bucco-pharyngée",Moniliasis oral,,,,Fungal infection of the mouth.  Also the WHO Stage 3 Condition - Oral Candidiasis (Thrush).,,,Diagnosis,N/A,,,,,,,,,,,,2992
5339AAAAAAAAAAAAAAAAAAAAAAAAAAAAAAAA,,Weight loss greater than ten percent,Perte de poids (>10%),,,,,WHO Stage 3 Conditions - Weight Loss > 10% Of Body Weight,,,Diagnosis,N/A,,,,,,,,,,,,2993
5340AAAAAAAAAAAAAAAAAAAAAAAAAAAAAAAA,,"HIV staging  - candidiasis, ororespiratory tract","Stadification VIH - candidiasis, voie ororespiratoire",,,,,"WHO Peds Stage 3 / WHO Stage 4 Adult Conditions - Candidiasis (Esophageal, Bronchi, Trachea, Or Lungs)",,,Diagnosis,N/A,,,,,,,,,,,,2994
5350AAAAAAAAAAAAAAAAAAAAAAAAAAAAAAAA,,HIV staging - disseminated endemic mycosis,Stadification VIH - mycoses diffuse endemiques,,,,,"WHO Stage 4 Conditions - Mycosis, Disseminated Endemic (IE, Histoplasmosis, Coccidiodomycosis)",,,Diagnosis,N/A,,,,,,,,,,,,2995
5354AAAAAAAAAAAAAAAAAAAAAAAAAAAAAAAA,,HIV staging - salmonella septicemia,Stadification VIH - septicemie a salmonelle,Bacteriemia por Salmonella,,,,"CDC Category C / WHO Stage 4 Conditions - Salmonella Septicemia, Non-Typhoid",,,Diagnosis,N/A,,,,,,,,,,,,2996
5355AAAAAAAAAAAAAAAAAAAAAAAAAAAAAAAA,,Toxoplasmosis,Toxoplasmose,Toxoplasmosis,,,,"WHO Stage 4 Conditions - Toxoplasmosis, CNS",,,Diagnosis,Boolean,,,,,,,,,,,,2997
5385bb67-ae84-4650-a9b9-d5475ca3968c,,Child affected by parental relationship distress,Enfant affecté par la souffrance relationnelle chez les parents,,,,,,,,Diagnosis,N/A,,,,,,,,,,,,2998
53c36382-ae6d-48d1-ad6e-5c128f33ee36,,Long-distance education of parent,Éducation à distance des parents,,,,,,,,Diagnosis,N/A,,,,,,,,,,,,2999
5a471ad6-9707-43c1-9751-57f3c5bbf59f,,"Social communication disorder, pragmatic","Trouble de communication sociale, pragmatique",,,,,,,,Diagnosis,N/A,,,,,,,,,,,,3000
5bc9e1a5-e248-4dd8-b106-e95b74760853,Yes,Adolescent gender dysphoria,Dysphorie du genre chez les adolescents,,,,,,,,Diagnosis,N/A,,,,,,,,,,,,3001
5d6b4aaa-f48b-4e0b-a1b1-1175fa3b6fea,,Situational phobia,Phobie situationnelle,,,,,,,,Diagnosis,N/A,,,,,,,,,,,,3002
5ff9caac-fa73-4bff-b518-81040837d089,,Bitten by suspected rabid animal,Morsure par animal suspecté de rage,,,,,,,,Diagnosis,N/A,,,,,,,,,,,,3003
6042AAAAAAAAAAAAAAAAAAAAAAAAAAAAAAAA,,Problem added,Nouveaux Problèmes,,,,,"Diagnosis or problem noted on a patient encounter. This corresponds to the list of ""new"" problems which are being added to the patient's list of problems. It refers to a health problem or diagnosis. Terms are added to this list typically by pressing a button which says New Problem or Add Problem.",Nouveaux Problèmes,,Diagnosis,Coded,,,,,,,,,,,,3004
6097AAAAAAAAAAAAAAAAAAAAAAAAAAAAAAAA,,Problem resolved,Problème résolu,Problema resuelto,,,,Diagnosis or problem noted on a patient encounter as being resolved.,,,Diagnosis,Coded,,,,,,,,,,,,3005
6343c376-d26e-4690-9322-b2058eca908d,,Conversion disorder with anesthesia or sensory loss,Trouble de conversion avec anesthésie ou perte sensorielle,,,,,,,,Diagnosis,N/A,,,,,,,,,,,,3006
644AAAAAAAAAAAAAAAAAAAAAAAAAAAAAAAAA,,Kaposi sarcoma oral,Sarcome de Kaposi oral,Sarcoma de Kaposi oral,,,,Kaposi sarcoma of mouth and oral cavity.,,,Diagnosis,N/A,,,,,,,,,,,,3007
645fd0bf-3115-46eb-afb1-20c4675f0888,,Phantom pain,Douleur phantôme,Dolor fantasma,,,,,,,Diagnosis,N/A,,,,,,,,,,,,3008
6588c08b-d09f-4892-8f9b-898d7023e109,,Mild tobacco use disorder,Trouble léger lié au tabac,,,,,,,,Diagnosis,N/A,,,,,,,,,,,,3009
66020632-9c35-4b91-9206-62ac5219213a,,"Severe pre-eclampsia, stabilized",Pré-éclampsie sévère (PES) stabilisée,,,,,,,,Diagnosis,N/A,,,,,,,,,,,,3010
66107517-e517-45bd-8638-c37c779d4c88,,Major neurocognitive disorder with behavior changes caused by Huntington's disease,Trouble neurocognitif majeur avec modifications du comportement causé par la maladie de Huntington,,,,,,,,Diagnosis,N/A,,,,,,,,,,,,3011
67e436e8-1ef5-42a4-9ac0-e235b0e18e17,,Complication of implantable venous access device,Complication de chambre implantable,Complicación de dispositivo de acceso venoso totalmente implantable,,,,,"Any complication due to a totally implantable venous access device such as infection, mechanical failure, obstruction, thrombosis, etc.",,Diagnosis,N/A,,,,,,,,,,,,3012
6ab94542-26d9-46c5-9e78-7ccf07bfd418,,Osteophyte,Eperon osseux,Osteofito,,,,,,,Diagnosis,N/A,,,,,,,,,,,,3013
6c7f23f9-eb76-40c8-88e2-08db892f34ea,,Drug-induced sexual dysfunction,Dysfonction sexuelle induite par les médicaments,,,,,,,,Diagnosis,N/A,,,,,,,,,,,,3014
7038df4d-3e46-4015-bf76-1777eb26bfc3,,Exogenous ochronosis,Ochronose exogène,,,,,,,,Diagnosis,N/A,,,,,,,,,,,,3015
707b74d8-6aef-4aa6-9686-a5a0602680af,,Paraneoplastic pruritus,Prurit paranéoplasique,,,,,,,,Diagnosis,N/A,,,,,,,,,,,,3016
7AAAAAAAAAAAAAAAAAAAAAAAAAAAAAAAAAAA,,Gallbladder calculus,Calculs biliaires,cálculo de la vesícula biliar,,,,"Small, hard, pathological concretions, composed chiefly of cholesterol, calcium salts, and bile pigments, formed in the gallbladder or in a bile duct.",,,Diagnosis,N/A,,,,,,,,,,,,3017
7cf40962-c052-46b5-b7aa-9d927218c40b,,Icteric febrile syndrome,Syndrome ictérique fébrile,,,,,,,,Diagnosis,N/A,,,,,,,,,,,,3018
80fb501d-4128-4979-95f9-db4c9edc8fdc,,Malignant neoplasm of vagina,Cancer du vagin,Tumor maligno de la vagina,,,,,,,Diagnosis,N/A,,,,,,,,,,,,3019
823AAAAAAAAAAAAAAAAAAAAAAAAAAAAAAAAA,,HIV wasting syndrome,Syndrome cachectique,enfermedad consuntiva,Wasting syndrome,,,Clinical diagnosis of a patient with extreme weight loss.  Used in both WHO and CDC HIV staging.,,,Diagnosis,N/A,,,,,,,,,,,,3020
83AAAAAAAAAAAAAAAAAAAAAAAAAAAAAAAAAA,,"Toxicity, not otherwise specified","Toxicité, non-specifié autrement","Toxicidad, no especificada de otra manera",,,,"Unspecified ingestion, inhalation, or other exposure to a toxic substance",,,Diagnosis,N/A,,,,,,,,,,,,3021
83b457b2-10e0-440d-8dec-13b7604d94e4,,Mild stimulant use disorder,Trouble léger lié aux stimulants,,,,,,,,Diagnosis,N/A,,,,,,,,,,,,3022
84AAAAAAAAAAAAAAAAAAAAAAAAAAAAAAAAAA,,"Accident, not otherwise specified","Accident, non-specifié autrement","Accidente, no especificado de otra manera",,,,Traffic accident of specified type but victim's mode of transport unknown.,,,Diagnosis,N/A,,,,,,,,,,,,3023
86021515-3573-4b7f-b50a-2c901e520d1a,,Clinically decompensated hepatic cirrhosis,Cirrhose clinique décompensée,,,,,,,,Diagnosis,N/A,,,,,,,,,,,,3024
86AAAAAAAAAAAAAAAAAAAAAAAAAAAAAAAAAA,,"Accident, motor vehicle",Accident de la route,acidosis tubular renal,MVA,,,Injury and/or trauma due to motor vehicle accident.,,,Diagnosis,N/A,,,,,,,,,,,,3025
87410030-a006-4621-89df-46ef0e309785,,Moderate tobacco use disorder,Trouble modéré lié au tabac,,,,,,,,Diagnosis,N/A,,,,,,,,,,,,3026
882AAAAAAAAAAAAAAAAAAAAAAAAAAAAAAAAA,,Pneumocystis carinii pneumonia,Pneumonie à pneumocystis,Neumonía por Pneumocystis jiroveci,,,,Diagnosis of pneumocystis pneumonia.,,,Diagnosis,N/A,,,,,,,,,,,,3027
889AAAAAAAAAAAAAAAAAAAAAAAAAAAAAAAAA,,Vitamin C deficiency,Scorbut,deficiencia de ácido ascórbico,,,,"A disease caused by a lack of vitamin C and characterized by spongy gums, loosening of the teeth, and bleeding into the skin and mucous membranes.",,,Diagnosis,N/A,,,,,,,,,,,,3028
892AAAAAAAAAAAAAAAAAAAAAAAAAAAAAAAAA,,Varicella,Varicelle,varicela,,,,An acute contagious disease especially of children that is marked by low-grade fever and formation of vesicles and that is caused by a herpesvirus.,,,Diagnosis,N/A,,,,,,,,,,,,3029
8AAAAAAAAAAAAAAAAAAAAAAAAAAAAAAAAAAA,Yes,Biliary tract disease not otherwise specified,"Maladie des voies biliaires, non specifié autrement",Enfermedad del tracto biliar,,,,Gallbladder or biliary duct problems not specified.,,,Diagnosis,N/A,,,,,,,,,,,,3030
8b91547a-2638-4bb4-8bbe-508f4a435f52,,High expressed emotion (EE) in family,Haut niveau d’émotions exprimées au sein de la famille,,,,,,,,Diagnosis,N/A,,,,,,,,,,,,3031
8c3d3cd0-d697-4e1b-bf50-25f88dda0cd3,,Moderate inhalant use disorder,Trouble modéré lié aux inhalants,,,,,,,,Diagnosis,N/A,,,,,,,,,,,,3032
8eb9dc93-dacf-46e0-ada0-040b6e956585,,Severe inhalant use disorder,Trouble grave lié aux inhalants,,,,,,,,Diagnosis,N/A,,,,,,,,,,,,3033
902AAAAAAAAAAAAAAAAAAAAAAAAAAAAAAAAA,,Pelvic inflammatory disease,Affections inflammatoires pelviennes,enfermedad inflamatoria pélvica en la mujer,PID,,,Inflamation of the female pelvis-not specified,,,Diagnosis,N/A,,,,,,,,,,,,3034
9032a39f-30c8-40d9-b8c5-00434d08ad14,,Actinic lichen planus,Lichen actinique,,,,,,,,Diagnosis,N/A,,,,,,,,,,,,3035
92e887cb-5534-4256-b846-31f9486cdbaf,,Caffeine use disorder,Troubles liés à la consommation de caféine,,,,,,,,Diagnosis,N/A,,,,,,,,,,,,3036
94658359-a081-4cdb-88ac-f6894caac715,,Severe substance use disorder,Trouble grave lié a une substances,,,,,,,,Diagnosis,N/A,,,,,,,,,,,,3037
990AAAAAAAAAAAAAAAAAAAAAAAAAAAAAAAAA,,"Toxoplasmosis, central nervous system",Toxoplasmose du systeme nerveux central,Encefalitis por toxoplasma,,,,"Infectious condition caused by the protozoal parasite Toxoplasma gondii and occurs in acquired and congenital forms.  This type of infection is limited to the central nervous system, including the brain and spinal fluid.",,,Diagnosis,N/A,,,,,,,,,,,,3038
996AAAAAAAAAAAAAAAAAAAAAAAAAAAAAAAAA,,Constipation,Constipation,estreñimiento,,,,Abnormally delayed or infrequent passage of dry hardened feces.,,,Diagnosis,N/A,,,,,,,,,,,,3039
998AAAAAAAAAAAAAAAAAAAAAAAAAAAAAAAAA,,"Respiratory tract infection, lower",Infection des voies respiratoires inférieures,Infección del tracto respiratorio inferior,LRTI,,,"Infection of the lower respiratory tract.  Includes infections such as bronchitis, pneumonia, etc.",,,Diagnosis,N/A,,,,,,,,,,,,3040
999AAAAAAAAAAAAAAAAAAAAAAAAAAAAAAAAA,,"Respiratory tract infection, NOS",Infection des voies respiratoires (duplicate),"Infección del tracto respiratorio, no especificada",,,,"Infection of the respiratory tract, not specified.",,,Diagnosis,N/A,,,,,,,,,,,,3041
9dc579d4-fe8c-4739-9449-6ecb260da18c,,Major neurocognitive disorder without behavior changes caused by Huntington's disease,Trouble neurocognitif majeur sans modifications du comportement causé par la maladie de Huntington,,,,,,,,Diagnosis,N/A,,,,,,,,,,,,3042
a7e41144-ab64-44b8-a2fb-f7487faa32b1,,Conversion disorder with speech problem,Trouble de conversion avec problème d'élocution,,,,,,,,Diagnosis,N/A,,,,,,,,,,,,3043
aa3e89cb-1c8a-4b76-97eb-6242de92abe5,Yes,Childhood dysphoria,Dysphorie de genre dans l'enfance,,,,,,,,Diagnosis,N/A,,,,,,,,,,,,3044
aad8e12e-5a8a-449f-b14c-c248ac987320,,Caffeine withdrawal,Sevrage de la caféine,,,,,,,,Diagnosis,N/A,,,,,,,,,,,,3045
b132abf0-4b11-45d2-be96-14a5a6a2aaf7,,Papulopustular acne vulgaris,Acné vulgaire papulopustuleuse,,,,,,,,Diagnosis,N/A,,,,,,,,,,,,3046
b5812dae-e63e-4eb4-b32e-fcd09606059a,,Moderate alcohol use disorder,Trouble modéré lié à l'alcool,,,,,,,,Diagnosis,N/A,,,,,,,,,,,,3047
b95c5a40-a718-40b3-9fec-25ea68c35ee1,,Severe opioid use disorder,Trouble grave lié aux opioïdes,,,,,,,,Diagnosis,N/A,,,,,,,,,,,,3048
bb2f240b-19ec-4713-92ce-9ddc9743dc0d,,Delayed ejaculation,Éjaculation retardée,,,,,,,,Diagnosis,N/A,,,,,,,,,,,,3049
bc77e492-d202-442d-a6f3-cc38a4a98eb3,,Moderate cannabis use disorder,Trouble modéré lié au cannabis,,,,,,,,Diagnosis,N/A,,,,,,,,,,,,3050
bdb6d212-c44f-4aee-bdc0-d3e34d1f5603,,Acute akathisia induced by medications,Akathisie aigue induite par des medicaments,,,,,,,,Diagnosis,N/A,,,,,,,,,,,,3051
bed330dc-4e4c-4128-b08a-a7ebfb3b6143,,Fear of medical care,Peur des soins médicaux,,,,,,,,Diagnosis,N/A,,,,,,,,,,,,3052
c240b3f9-ab22-4b26-a3fc-8f16bab5be98,,Substance-induced bipolar disorder,Trouble bipolaire induit par une substance,,,,,,,,Diagnosis,N/A,,,,,,,,,,,,3053
c3d65ea4-1517-4db6-abf1-b708e50922b7,,Frictional melanosis,Mélanose de friction,,,,,,,,Diagnosis,N/A,,,,,,,,,,,,3054
c4efde86-edbf-4714-80fc-ad1ea2eb8a57,,Molluscum fibrosum pendulum,Molluscum pendulum,,,,,,,,Diagnosis,N/A,,,,,,,,,,,,3055
c7a5dd6e-00d2-46e7-8bd4-fe7e9fc4ef94,,Moderate cocaine use disorder,Trouble modéré lié a la cocaïne,,,,,,,,Diagnosis,N/A,,,,,,,,,,,,3056
c7cc54cf-1338-4df7-8cbb-88983f842ce3,,Tardive dystonia,Dystonie tardive,,,,,,,,Diagnosis,N/A,,,,,,,,,,,,3057
cf14a626-664a-42d1-a473-7850f8a3e1ec,,Anamnios,Anamnios,,,,,,,,Diagnosis,N/A,,,,,,,,,,,,3058
d416b215-2064-4632-9cea-48291908cbb9,,Severe cocaine use disorder,Trouble grave lié a la cocaïne,,,,,,,,Diagnosis,N/A,,,,,,,,,,,,3059
d473ceb0-3e72-44d4-8bd4-f88024307759,,Moderate stimulant use disorder,Trouble modéré lié aux stimulants,,,,,,,,Diagnosis,N/A,,,,,,,,,,,,3060
dc7d0124-6cac-4fd1-9868-aa13e4dd8f5c,,"Mild sedative, hypnotic or anxiolytic use disorder","Trouble léger lié aux sédatifs, d'hypnotiques ou anxiolytiques",,,,,,,,Diagnosis,N/A,,,,,,,,,,,,3061
e56bae08-9a4c-4d6b-b50d-5cef79068cc6,,Severe cannabis use disorder,Trouble grave lié au cannabis,,,,,,,,Diagnosis,N/A,,,,,,,,,,,,3062
e81c7e71-0c80-4b12-bfc0-6d5bc428dab0,,Psychotic disorder due to medical condition with hallucinations,Trouble psychotique du à une affection médicale avec hallucinations,,,,,,,,Diagnosis,N/A,,,,,,,,,,,,3063
ea767d26-6555-4952-b37e-0e799a57505f,,Conversion disorder with mixed symptoms,Trouble de conversion avec symptômes mixtes,,,,,,,,Diagnosis,N/A,,,,,,,,,,,,3064
ed21561a-b48c-4390-a7ea-c286d792d14d,,Tardive akathisia,Akathisie tardive,,,,,,,,Diagnosis,N/A,,,,,,,,,,,,3065
ed8a8401-0d65-4c90-b104-5314c635459d,,Depressive disorder due to another medical condition with depressive features,Trouble depressif du a une autre affection medicale avec caracteristiques depressives,,,,,,,,Diagnosis,N/A,,,,,,,,,,,,3066
ee3622d9-8d36-4ab0-9a5b-d6680cff051e,,History of voluntary skin depigmentation,Histoire de la dépigmentation volontaire,,,,,,,,Diagnosis,N/A,,,,,,,,,,,,3067
f053136c-4af9-4e69-8725-699a86cdb63d,,Major neurocognitive disorder with behavior changes caused by traumatic brain injury,Trouble neurocognitif majeur avec modifications du comportement causé par un traumatisme crânien,,,,,,,,Diagnosis,N/A,,,,,,,,,,,,3068
f054532e-60b3-4293-8efb-7880f1db56ae,,Mild inhalant use disorder,Trouble léger lié aux inhalants,,,,,,,,Diagnosis,N/A,,,,,,,,,,,,3069
f146ca84-4258-4db8-b3c6-2df90e877202,,Adult gender dysphoria,Dysphorie de genre chez l'adulte,,,,,,,,Diagnosis,N/A,,,,,,,,,,,,3070
f95479af-6396-45c4-a240-1911442bc60b,,Onychomatricoma,Onychomatricoma,,,,,,,,Diagnosis,N/A,,,,,,,,,,,,3071
fbf43529-6ef2-4f6b-a90e-07948d75122c,,Fear of blood,Peur du sang,,,,,,,,Diagnosis,N/A,,,,,,,,,,,,3072
fc996ade-d9bb-4eef-bca5-31b4d1eee3d6,,Severe alcohol use disorder,Trouble severe lié à l'alcool,,,,,,,,Diagnosis,N/A,,,,,,,,,,,,3073
fdae7020-52c3-4176-81e2-41b2cf055402,,Adhesion of urinary bladder,Adhérences de la vessie,,,,,,,,Diagnosis,N/A,,,,,,,,,,,,3074
fe42003a-f2a0-4633-8a24-339b9e7218ca,,Mild alcohol use disorder,Trouble léger lié à l'alcool,,,,,,,,Diagnosis,N/A,,,,,,,,,,,,3075
fe8c08e8-aabc-49e1-a162-cb8b041cb3fc,,Retentional acne,Acné rétentionnelle,,,,,,,,Diagnosis,N/A,,,,,,,,,,,,3076
08a53430-e304-4c3f-a154-8473b4cbd8f2,,Country of citizenship,,,,,,,,,Question,Coded,,,,,,,,,,,,3077
0fb41bec-4847-4d8d-afba-1116991b4f71,,Sexually transmitted infection (STI) in past 6 months,Infection sexuellement transmissible (IST) dans les 6 derniers mois,,,,,,,,Question,Coded,,,,,,,,,,,,3078
1054AAAAAAAAAAAAAAAAAAAAAAAAAAAAAAAA,,Civil status,État civil,Estado civil,Civ_stat,,,"More detailed description of the following encounter form question:  ""Are you currently married or living with a partner?""",,,Question,Coded,,,,,,,,,,,,3079
1069AAAAAAAAAAAAAAAAAAAAAAAAAAAAAAAA,,"Review of systems, general","Examen des systèmes, général","Revisión de sistemas, general",,,,Question which ascertains a number of general symptoms.,,,Question,Coded,,,,,,,,,,,,3080
1070AAAAAAAAAAAAAAAAAAAAAAAAAAAAAAAA,,"Review of systems, HEENT","Examen des systèmes, tête, yeux, oreilles, nez et gorge",,,,,"Question which ascertains number of symptoms related to the head, eyes, ears, neck, and throat.",,,Question,Coded,,,,,,,,,,,,3081
1071AAAAAAAAAAAAAAAAAAAAAAAAAAAAAAAA,,"Review of systems, cardiopulmonary","Examen des systèmes, cardiopulmonaire",,,,,Question which ascertains number of symptoms related to the cardiopulmonary system.,,,Question,Coded,,,,,,,,,,,,3082
1078AAAAAAAAAAAAAAAAAAAAAAAAAAAAAAAA,,"Review of systems, gastrointestinal","Examen des systèmes, gastro-intestinal",,,,,Question which ascertains number of symptoms related to the gastrointestinal system.,,,Question,Coded,,,,,,,,,,,,3083
1080AAAAAAAAAAAAAAAAAAAAAAAAAAAAAAAA,,"Review of systems, genitourinary","Examen des systèmes, génito-urinaire",,,,,Question which ascertains number of symptoms related to the genitourinary system.,,,Question,Coded,,,,,,,,,,,,3084
1081AAAAAAAAAAAAAAAAAAAAAAAAAAAAAAAA,,"Review of systems, musculoskeletal","Examen des systèmes, musculo-squelettique",,,,,Question which ascertains number of symptoms related to the musculoskeletal system.,,,Question,Coded,,,,,,,,,,,,3085
1082AAAAAAAAAAAAAAAAAAAAAAAAAAAAAAAA,,"Review of systems, central nervous system","Examen des systèmes, système nerveux central",,,,,Question which ascertains number of symptoms related to the central nervous system.,,,Question,Coded,,,,,,,,,,,,3086
1189AAAAAAAAAAAAAAAAAAAAAAAAAAAAAAAA,,"Review of systems, developmental","Examen des systèmes, développemental",,,,,Question which ascertains number of symptoms related to a person's development.,,,Question,Coded,,,,,,,,,,,,3087
1193AAAAAAAAAAAAAAAAAAAAAAAAAAAAAAAA,,Current drugs used,Les médicaments actuels utilises,,,,,"Question on encounter forms: ""Is the patient currently taking, or has the patient ever taken, any of the following other medications?"" This particular concept stores a history of active use of the associated medications.",,,Question,Coded,,,,,,,,,,,,3088
1255AAAAAAAAAAAAAAAAAAAAAAAAAAAAAAAA,,Antiretroviral plan,Plan antirétroviral,,,,,Question on encounter form.  Collects information related to antiretroviral drug therapy plans.,,,Question,Coded,,,,,,,,,,,,3089
1272AAAAAAAAAAAAAAAAAAAAAAAAAAAAAAAA,,Referrals ordered,Consultation demandée,Derivado,,,,Question on encounter form.  Answers are referrals made during a particular patient visit.,,,Question,Coded,,,,,,,,,,,,3090
1354AAAAAAAAAAAAAAAAAAAAAAAAAAAAAAAA,,Village,Commune,Ciudad de residencia,Village,,,Village is the name of the location of residence. May also be called a city.,,,Question,Text,,,,,,,,,,,,3091
1360AAAAAAAAAAAAAAAAAAAAAAAAAAAAAAAA,,Requests family planning information,Demande d'information sur le planning familial,,Wants fam planning,,,,,,Question,Boolean,,,,,,,,,,,,3092
13f82aec-e2cd-4e3b-bb95-0140e6cbffce,,Assessment,,,,,,,,,Question,Text,,,,,,,,,,,,3093
1492AAAAAAAAAAAAAAAAAAAAAAAAAAAAAAAA,,History of HIV test,Historique du test de VIH,,,,,In past 12 months,,,Question,Boolean,,,,,,,,,,,,3094
1542AAAAAAAAAAAAAAAAAAAAAAAAAAAAAAAA,,Occupation,Occupation,Ocupación,,,,Main activity of the patient,,,Question,Coded,,,,,,,,,,,,3095
159449AAAAAAAAAAAAAAAAAAAAAAAAAAAAAA,,Alcohol use status,L'état de consommation d'alcool,,Alcohol use,,,Whether the patient consumes alcohol or not,,,Question,Coded,,,,,,,,,,,,3096
159576AAAAAAAAAAAAAAAAAAAAAAAAAAAAAA,,HIV status,Statut VIH,Estado inmunológico con respecto al Virus de la Inmunodeficiencia Humana,,,,Describes HIV status of the patient.,,,Question,Coded,,,,,,,,,,,,3097
159581AAAAAAAAAAAAAAAAAAAAAAAAAAAAAA,,HIV confirmation location (text),Lieu de confirmation VIH (texte),,,,,,,,Question,Text,,,,,,,,,,,,3098
159614AAAAAAAAAAAAAAAAAAAAAAAAAAAAAA,,"Review of systems, obstetrical/pregnancy","Examen des systèmes, obstétriques / grossesse",,,,,Symptoms related to obstetric condition or pregnancy,,,Question,Coded,,,,,,,,,,,,3099
159871AAAAAAAAAAAAAAAAAAAAAAAAAAAAAA,,"Type of tuberculosis patient, based on previous treatment","type de patient atteint de tuberculose, basé sur un traitement antérieur",,,,,,,,Question,Coded,,,,,,,,,,,,3100
159942AAAAAAAAAAAAAAAAAAAAAAAAAAAAAA,,Detailed location information,Informations détaillées sur l'emplacement,,,,,Text field for recording the address or other description of the location,,,Question,Text,,,,,,,,,,,,3101
159948AAAAAAAAAAAAAAAAAAAAAAAAAAAAAA,,Diagnosis date,Date du diagnostic,fecha de diagnostico,,,,The date the diagnosis was first made for the patient.,,,Question,Date,,,,,,,,,,,,3102
159959AAAAAAAAAAAAAAAAAAAAAAAAAAAAAA,,Specimen source,Source d'échantillon,Origen de la muestra,,,,Where did you get the specimen from?,,,Question,Coded,,,,,,,,,,,,3103
159962AAAAAAAAAAAAAAAAAAAAAAAAAAAAAA,,Tuberculosis test date ordered,Date de commande du test de tuberculose,,,,,,,,Question,Date,,,,,,,,,,,,3104
159986AAAAAAAAAAAAAAAAAAAAAAAAAAAAAA,,Number of days for mycobacterium culture to turn positive,Nombre de jours pour que la culture mycobactérienne devienne positive,,,,,,,,Question,Numeric,,,,,No,,,,0.0,,,3105
160218AAAAAAAAAAAAAAAAAAAAAAAAAAAAAA,,Probable cause of death (text),Cause probable de décès (texte),,,,,,,,Question,Text,,,,,,,,,,,,3106
160221AAAAAAAAAAAAAAAAAAAAAAAAAAAAAA,,Past medical history added (text),Antécédents médicaux ajouté (texte),antecedente personal texto,,,,,,,Question,Text,,,,,,,,,,,,3107
160246AAAAAAAAAAAAAAAAAAAAAAAAAAAAAA,,Substance use,Usage de substances,,,,,"Does the patient use any substances (drugs, tobacco, alcohol?)",,,Question,Coded,,,,,,,,,,,,3108
160352AAAAAAAAAAAAAAAAAAAAAAAAAAAAAA,,Test not performed due to lack of availability of test materials,Test non effectué par manque de matériel de test,,,,,,,,Question,Boolean,,,,,,,,,,,,3109
160557AAAAAAAAAAAAAAAAAAAAAAAAAAAAAA,,No known allergies,Pas d'allergies,Sin alergias conocidas,NKA,,,,,,Question,Boolean,,,,,,,,,,,,3110
160618AAAAAAAAAAAAAAAAAAAAAAAAAAAAAA,,Family history comment,Commentaire sur les antécédents familiaux	,,,,,,,,Question,Text,,,,,,,,,,,,3111
160653AAAAAAAAAAAAAAAAAAAAAAAAAAAAAA,,Family planning status,Statut de planification familiale,,,,,The current family planning status of the patient/client.,,,Question,Coded,,,,,,,,,,,,3112
160716AAAAAAAAAAAAAAAAAAAAAAAAAAAAAA,,Procedure comment,Procédure commentaire,,,,,Free text comment to explain outcome of procedure performed.,,,Question,Text,,,,,,,,,,,,3113
160753AAAAAAAAAAAAAAAAAAAAAAAAAAAAAA,,Date of event,Date de l'événement,,,,,,,,Question,Date,,,,,,,,,,,,3114
160948AAAAAAAAAAAAAAAAAAAAAAAAAAAAAA,,Abdominal lymph node examination (text),Examen des ganglions lymphatiques abdominaux (texte),,O/E abdominal nodes,,,,,,Question,Text,,,,,,,,,,,,3115
160981AAAAAAAAAAAAAAAAAAAAAAAAAAAAAA,,Skin examination (text),Examen de la peau (texte),,O/E skin,,,,,,Question,Text,,,,,,,,,,,,3116
161927AAAAAAAAAAAAAAAAAAAAAAAAAAAAAA,,Type of transfusion fluid,Type de transfusion sanguine,,,,,,,,Question,Coded,,,,,,,,,,,,3117
162087AAAAAAAAAAAAAAAAAAAAAAAAAAAAAA,,Test name,Nom du test,,,,,,,,Question,Coded,,,,,,,,,,,,3118
162143AAAAAAAAAAAAAAAAAAAAAAAAAAAAAA,,Patient-generated history: social history section text,Histoire généré par le patient: Section texte d'histoire sociale,,,,,,,,Question,Text,,,,,,,,,,,,3119
162148AAAAAAAAAAAAAAAAAAAAAAAAAAAAAA,,Patient-generated history: Family history section text,Histoire généré par le patient: Section texte d'histoire de famille,,,,,,,,Question,Text,,,,,,,,,,,,3120
162169AAAAAAAAAAAAAAAAAAAAAAAAAAAAAA,,Text of encounter note,Texte de note de rencontre,,,,,Free text note field intended to capture unstructured description of the patient encounter,,,Question,Text,,,,,,,,,,,,3121
162619AAAAAAAAAAAAAAAAAAAAAAAAAAAAAA,,Recently traveled outside of home town,,,,,,Recent (within 21 days) travel outside home town or village,,,Question,Coded,,,,,,,,,,,,3122
162724AAAAAAAAAAAAAAAAAAAAAAAAAAAAAA,,Health facility name,nom de l'établissement de santé,Nombre del establecimiento de salud,,,,Generic field to capture a health facility name,,,Question,Text,,,,,,,,,,,,3123
162737AAAAAAAAAAAAAAAAAAAAAAAAAAAAAA,,Physical exam outcome,Résultat de l'examen physique,,,,,"General outcome of physical exam, whether any abnormalities were detected.",,,Question,Coded,,,,,,,,,,,,3124
162760AAAAAAAAAAAAAAAAAAAAAAAAAAAAAA,,Severity of adverse reaction,La gravité de la réaction indésirable,,,,,,,,Question,Coded,,,,,,,,,,,,3125
162871AAAAAAAAAAAAAAAAAAAAAAAAAAAAAA,,Adverse event reported,Événement indésirable signalé,,,,,,,,Question,Coded,,,,,,,,,,,,3126
162875AAAAAAAAAAAAAAAAAAAAAAAAAAAAAA,,Outcome of adverse event,Résultat de l'événement indésirable,,,,,,,,Question,Coded,,,,,,,,,,,,3127
163018AAAAAAAAAAAAAAAAAAAAAAAAAAAAAA,,Contrast imaging phase,,,,,,,,,Question,Coded,,,,,,,,,,,,3128
163022AAAAAAAAAAAAAAAAAAAAAAAAAAAAAA,,Imaging sequence(s),,,,,,,,,Question,Text,,,,,,,,,,,,3129
163023AAAAAAAAAAAAAAAAAAAAAAAAAAAAAA,,Imaging contrast type,,Tipos de medios de contraste,,,,,,,Question,Coded,,,,,,,,,,,,3130
163047AAAAAAAAAAAAAAAAAAAAAAAAAAAAAA,,Urogenital examination (text),Examen urogénital (texte),,,,,,,,Question,Text,,,,,,,,,,,,3131
163048AAAAAAAAAAAAAAAAAAAAAAAAAAAAAA,,Musculoskeletal examination (text),Examen clinique musculosquelettique (texte),,,,,,,,Question,Text,,,,,,,,,,,,3132
163049AAAAAAAAAAAAAAAAAAAAAAAAAAAAAA,,Procedure site (text),,,,,,Free text description of the body site where the procedure was/is to take place,,,Question,Text,,,,,,,,,,,,3133
163084AAAAAAAAAAAAAAAAAAAAAAAAAAAAAA,,National identification number,,Número nacional de identidad,,,,The National ID number for the respondent,,,Question,Text,,,,,,,,,,,,3134
163100AAAAAAAAAAAAAAAAAAAAAAAAAAAAAA,,Procedure received by patient,Procédure reçue par le patient,,,,,"Question as to whether the procedure (immunization, etc.) was actually received by the patient.",,,Question,Coded,,,,,,,,,,,,3135
163191AAAAAAAAAAAAAAAAAAAAAAAAAAAAAA,,Time frame,Période,Lapso,,,,,,,Question,Numeric,,,,,No,hours,,,,,,3136
163201AAAAAAAAAAAAAAAAAAAAAAAAAAAAAA,,Smoking status,Tabagisme,,,,,,,,Question,Coded,,,,,,,,,,,,3137
164181AAAAAAAAAAAAAAAAAAAAAAAAAAAAAA,,Visit type,Type de consultation,,,,,,,,Question,Coded,,,,,,,,,,,,3138
164359AAAAAAAAAAAAAAAAAAAAAAAAAAAAAA,,Reason for referral (text),Raison du renvoi (texte),,,,,Non coded / text reason for referral,,,Question,Text,,,,,,,,,,,,3139
164400AAAAAAAAAAAAAAAAAAAAAAAAAAAAAA,,HIV test date,Date du test VIH,,,,,When was the HIV test performed?,,,Question,Date,,,,,,,,,,,,3140
164937AAAAAAAAAAAAAAAAAAAAAAAAAAAAAA,,Mycobacterium tuberculosis rifampin resistance detection status,,,,,,,,,Question,Coded,,,,,,,,,,,,3141
164942AAAAAAAAAAAAAAAAAAAAAAAAAAAAAA,,Bacillary burden as determined by quantitative cycle threshold,,,,,,Sputum bacillary burden as determined by using quantitative output cycle threshold of PCR testing,,,Question,Coded,,,,,,,,,,,,3142
165137AAAAAAAAAAAAAAAAAAAAAAAAAAAAAA,,Patient health questionnaire nine item score,Score à neuf items du questionnaire de santé du patient,Puntaje del Cuestionario sobre la Salud del Paciente de Nueve Ítems,PHQ-9 score,Score PHQ-9,,,,,Question,Numeric,,,,,No,,,,0.0,27.0,,3143
165245AAAAAAAAAAAAAAAAAAAAAAAAAAAAAA,,Reason for closing ANC record,,,,,,Select the reason why you are closing the woman's ANC record.,,,Question,Coded,,,,,,,,,,,,3144
165280AAAAAAAAAAAAAAAAAAAAAAAAAAAAAA,,Symptoms of severe pre-eclampsia,,,,,,,,,Question,Coded,,,,,,,,,,,,3145
165429AAAAAAAAAAAAAAAAAAAAAAAAAAAAAA,,Date of last cervical cancer screening,Date du dernier dépistage du cancer du Col,,,,,,,,Question,Date,,,,,,,,,,,,3146
165908AAAAAAAAAAAAAAAAAAAAAAAAAAAAAA,,Condition clinical status,Statut clinique de l'état,,,,,,,,Question,Coded,,,,,,,,,,,,3147
166011AAAAAAAAAAAAAAAAAAAAAAAAAAAAAA,,"Immunization, non-coded",,,,,,,,,Question,Text,,,,,,,,,,,,3148
166102AAAAAAAAAAAAAAAAAAAAAAAAAAAAAA,,First name,Prénom,Nombre de pila,,,,,,,Question,Text,,,,,,,,,,,,3149
166103AAAAAAAAAAAAAAAAAAAAAAAAAAAAAA,,Last name,Nom de famille,Apellido,,,,,,,Question,Text,,,,,,,,,,,,3150
166464AAAAAAAAAAAAAAAAAAAAAAAAAAAAAA,,HIV self-test performed,Auto-test VIH effectué,,,,,Patient has been tested for HIV using a home-based self test.,,,Question,Coded,,,,,,,,,,,,3151
166505AAAAAAAAAAAAAAAAAAAAAAAAAAAAAA,,Has regular sex partner,A un partenaire sexuel régulier,,,,,Patient has a regular partner for sexual activity,,,Question,Coded,,,,,,,,,,,,3152
166543AAAAAAAAAAAAAAAAAAAAAAAAAAAAAA,,Type of organism,Type d'organisme,,,,,Species of organism,,,Question,Coded,,,,,,,,,,,,3153
166544AAAAAAAAAAAAAAAAAAAAAAAAAAAAAA,,Antibiotic tested,Antibiotique testé,Antibiótico probado,,,,Name of the antimicrobial used for testing,,,Question,Coded,,,,,,,,,,,,3154
166545AAAAAAAAAAAAAAAAAAAAAAAAAAAAAA,,Resistance level of organism against antimicrobial,Niveau de résistance de l'organisme aux antimicrobiens,,,,,,,,Question,Coded,,,,,,,,,,,,3155
166549AAAAAAAAAAAAAAAAAAAAAAAAAAAAAA,,"Type of organism, non-coded (text)","Type d'organisme, non codé (texte)",,,,,,,,Question,Text,,,,,,,,,,,,3156
166574AAAAAAAAAAAAAAAAAAAAAAAAAAAAAA,,Middle name,Deuxième nom,Segundo nombre,,,,,,,Question,Text,,,,,,,,,,,,3157
166620AAAAAAAAAAAAAAAAAAAAAAAAAAAAAA,,Loop electrosurgical excision procedure (LEEP) indication,,,LEEP indication,,,,,,Question,Coded,,,,,,,,,,,,3158
166658AAAAAAAAAAAAAAAAAAAAAAAAAAAAAA,,Had sex without condom,A eu des rapports sexuels sans préservatif,,,,,,,,Question,Coded,,,,,,,,,,,,3159
167006AAAAAAAAAAAAAAAAAAAAAAAAAAAAAA,,Little interest or pleasure in doing things over past two weeks,Peu d'intérêt ou de plaisir à faire les choses au cours des deux dernières semaines,,,,,,,,Question,Coded,,,,,,,,,,,,3160
167007AAAAAAAAAAAAAAAAAAAAAAAAAAAAAA,,"Feeling down, depressed, or hopeless over past two weeks","Se sentir déprimé, abattu ou désespéré au cours des deux dernières semaines",,,,,,,,Question,Coded,,,,,,,,,,,,3161
167068AAAAAAAAAAAAAAAAAAAAAAAAAAAAAA,,"Trouble falling or staying asleep, or sleeping too much over past two weeks","Difficulté à s'endormir ou à rester endormi, ou trop dormir au cours des deux dernières semaines",,,,,,,,Question,Coded,,,,,,,,,,,,3162
167069AAAAAAAAAAAAAAAAAAAAAAAAAAAAAA,,Feeling tired or having little energy over past two weeks,Se sentir fatigué ou avoir peu d'énergie au cours des deux dernières semaines,,,,,,,,Question,Coded,,,,,,,,,,,,3163
167070AAAAAAAAAAAAAAAAAAAAAAAAAAAAAA,,Poor appetite or overeating over past two weeks,Manque d'appétit ou excès alimentaires au cours des deux dernières semaines,,,,,,,,Question,Coded,,,,,,,,,,,,3164
167071AAAAAAAAAAAAAAAAAAAAAAAAAAAAAA,,Feeling bad about yourself or that you're a failure or have let yourself or your family down,Vous sentir mal dans votre peau ou que vous êtes un échec ou d'avoir laissé tomber votre famille ou vous meme,,,,,,,,Question,Coded,,,,,,,,,,,,3165
167072AAAAAAAAAAAAAAAAAAAAAAAAAAAAAA,,Trouble concentrating on things such as reading the newspaper or watching television,Difficulté à se concentrer sur des choses comme lire le journal ou regarder la télévision,,,,,,,,Question,Coded,,,,,,,,,,,,3166
167073AAAAAAAAAAAAAAAAAAAAAAAAAAAAAA,,Moving or speaking so slowly that other people could have noticed or being so fidgety or restless that you have been moving around lot more than usual,Bouger ou parler si lentement que d'autres personnes auraient pu le remarquer ou être si agité ou agité que vous vous êtes déplacé beaucoup plus que d'habitude,,,,,,,,Question,Coded,,,,,,,,,,,,3167
167074AAAAAAAAAAAAAAAAAAAAAAAAAAAAAA,,Thoughts that you would be better off dead or of hurting yourself in some way,Pensées que vous feriez mieux de mourir ou de vous faire du mal d'une manière ou d'une autre,,,,,,,,Question,Coded,,,,,,,,,,,,3168
167079AAAAAAAAAAAAAAAAAAAAAAAAAAAAAA,,Follow-up need status,Statut besoin de suivi,,,,,,,,Question,Coded,,,,,,,,,,,,3169
167132AAAAAAAAAAAAAAAAAAAAAAAAAAAAAA,,Procedure end date/time,,,,,,,,,Question,Datetime,,,,,,,,,,,,3170
1712AAAAAAAAAAAAAAAAAAAAAAAAAAAAAAAA,,Highest education level,Niveau éducation scolaire,Nivel educativo actual,Education Level,,,The highest level of formal education (Qualitative rather than quantitative. For Quantitative see Concept 1545.,,,Question,Coded,,,,,,,,,,,,3171
1731AAAAAAAAAAAAAAAAAAAAAAAAAAAAAAAA,,Sign/symptom duration,Durée des symptômes,Tiempo de duración del síntoma,Sign/symptom duration,,,The numeric value of the duration of the sign or symptom.,,,Question,Numeric,,,,,No,,,,,,,3172
1732AAAAAAAAAAAAAAAAAAAAAAAAAAAAAAAA,,Duration units,Durée unitaire,,Units of duration,,,The units which correspond to the numeric value entered for a duration,,,Question,Coded,,,,,,,,,,,,3173
1754AAAAAAAAAAAAAAAAAAAAAAAAAAAAAAAA,,Medications unavailable,Médicaments non disponibles,Fármaco no disponible - no hay reserva,Meds unavailable,,,Drugs/medications unavailable for use to treat patient. A reason for not receiving/taking medications.,,,Question,Coded,,,,,,,,,,,,3174
1885AAAAAAAAAAAAAAAAAAAAAAAAAAAAAAAA,,Referral priority,Renvoi prioritaire,,,,,Status of referral in terms of priority,,,Question,Coded,,,,,,,,,,,,3175
1896AAAAAAAAAAAAAAAAAAAAAAAAAAAAAAAA,,Patient currently inpatient at facility,Ient actuellement hospitalise dans un etablissement,,Inpatient,,,The patient is currently being cared for at clinic or facility.,,,Question,Coded,,,,,,,,,,,,3176
1899AAAAAAAAAAAAAAAAAAAAAAAAAAAAAAAA,,Patient currently unavailable,Patient actuellement non disponible,Paciente no disponible,,,,Patient is not available for interview or examination. Answer to question requiring patient.,,,Question,Coded,,,,,,,,,,,,3177
28614c7d-f1de-4af2-b969-528a9b5312d7,,Specimen volume (mL),,,,,,,,,Question,Numeric,,,,,No,mL,,,0.0,,,3178
2ad20b04-3cf5-4dd4-8e69-8e1c8e231c99,,Plan,,,,,,,,,Question,Text,,,,,,,,,,,,3179
2f7bd12b-754f-4355-8d82-0c0ccfd34592,,Zone of inhibition (mm),Zone d'inhibition (mm),,ZOI,,,,,,Question,Numeric,,,,,No,mm,,,0.0,,,3180
374AAAAAAAAAAAAAAAAAAAAAAAAAAAAAAAAA,,Method of family planning,Methode de PF utiliser,Método de planificación familiar,,,,,,,Question,Coded,,,,,,,,,,,,3181
3a9021d1-d6c1-4fc2-8e30-ca8e204e44de,,Stock adjustment reason,,,,,,,,,Question,Coded,,,,,,,,,,,,3182
48AAAAAAAAAAAAAAAAAAAAAAAAAAAAAAAAAA,,"Pregnancy, miscarriage","Grossesse, fausse couche","Embarazo, aborto espontáneo",,,,Pregnancy terminated by a spontaneous abortion.,,,Question,Coded,,,,,,,,,,,,3183
5219AAAAAAAAAAAAAAAAAAAAAAAAAAAAAAAA,,Chief complaint,Plainte principale,Motivo principal de consulta,,,,Patient's chief complaint,,,Question,Coded,,,,,,,,,,,,3184
5240AAAAAAAAAAAAAAAAAAAAAAAAAAAAAAAA,,Lost to followup,Perdu au suivi,Perdido para el seguimiento,,,,Patients that are lost to followup.. boolean question.,,,Question,Boolean,,,,,,,,,,,,3185
5272AAAAAAAAAAAAAAAAAAAAAAAAAAAAAAAA,,Pregnancy status,Enceinte,Estado de embarazo,,,,"Question on encounter form: ""Is the patient pregnant?""",,,Question,Coded,,,,,,,,,,,,3186
5596AAAAAAAAAAAAAAAAAAAAAAAAAAAAAAAA,,Estimated date of confinement,Date probable d'accouchement,Fecha probable de parto,EDC,,,An estimation of the date in which a mother will give birth to her child.,Date probable d'accouchement,,Question,Date,,,,,,,,,,,,3187
61675c28-e628-4173-bc65-d5e0df78a6da,,Subjective narrative,Récit subjectif,,,,,,,,Question,Text,,,,,,,,,,,,3188
731318a6-9fa9-4f68-97a9-5bd4cbc707f7,,Internal transfer location (text/code),,,,,,,,,Question,Text,,,,,,,,,,,,3189
8163543f-563d-4dd5-b5c0-84e5978b1efd,,Specimen collection method,,,,,,,,,Question,Coded,,,,,,,,,,,,3190
81a60a0d-bc0c-478c-aa71-4d372ac533d5,,Subjective Findings,,,,,,,,,Question,Text,,,,,,,,,,,,3191
8a02df1c-fb60-4c5f-8b20-3cdc8687e198,,Date of next dose,,,,,,,,,Question,Date,,,,,,,,,,,,3192
8ccf6066-9297-4d76-aaf3-00aa3714d198,,Stock item category,,,,,,,,,Question,Coded,,,,,,,,,,,,3193
9272a14b-7260-4353-9e5b-5787b5dead9d,,Cause of death,Cause du décès,Causa de muerte,,,,Cause of death for system records.,,,Question,Coded,,,,,,,,,,,,3194
937a0440-95f7-42f6-aaef-16cf611fcf10,,Stock source type,,,,,,How stock was procured,,,Question,Coded,,,,,,,,,,,,3195
965AAAAAAAAAAAAAAAAAAAAAAAAAAAAAAAAA,,Currently using birth control,Utlisation de contraception,,,,,"Question on encounter form:  ""Is the patient or their partner currently using any form of family planning?""",,,Question,Boolean,,,,,,,,,,,,3196
a16af4c3-20f1-4fd3-bd8f-0a4f6b685657,,Type of body fluid,,,,,,,,,Question,Coded,,,,,,,,,,,,3197
a6d438fe-05c1-4d4d-9755-c11cf6b0b3b9,,Packing unit,,,,,,,,,Question,Coded,,,,,,,,,,,,3198
ac4d3e94-03f3-458a-9cb1-9c2ab3c3a3f7,,Admission to hospital decision,,,,,,,,,Question,Coded,,,,,,,,,,,,3199
aeec913c-9a36-4153-9a44-12bc255d7f60,,Objective Findings,,,,,,,,,Question,Text,,,,,,,,,,,,3200
b9879725-26f6-4aa4-8777-bc7f75d388c1,,Procedure site,Site de procédure,,,,,,,,Question,Coded,,,,,,,,,,,,3201
b9cd9e47-da43-4a46-8f3c-e30ec9209cc7,,Admitted to location (text/code),,,,,,,,,Question,Text,,,,,,,,,,,,3202
be371d75-4508-49b0-b162-8532ae1ac06d,,Objective narrative,Récit objectif,,,,,,,,Question,Text,,,,,,,,,,,,3203
ce085d74-323c-4c9a-9fdf-051de81dd020,,Inpatient patient disposition,,,,,,,,,Question,Coded,,,,,,,,,,,,3204
f0d47b45-8303-4cdc-a9f2-c37135a3700f,,Procedure status,État de la procédure,,,,,,,,Question,Coded,,,,,,,,,,,,3205
faa466c5-0953-4d4f-8ea7-d9a06341c3f3,,Stock take reason,,,,,,"This is different from stock adjustment in that it might create new batches of stock, where adjustment only applies to existing batches.",,,Question,Coded,,,,,,,,,,,,3206
0129ef01-7a10-4b1e-8503-fd822602369e,,Magnetic resonance imaging of breast,,Resonancia magnética de mama,,,,,,,Radiology/Imaging Procedure,N/A,,,,,,,,,,,,3207
02a8809e-ec49-4df6-b574-4c5b241a2353,,"X-ray of cervical spine, anteroposterior, odontoid, and lateral views with flexion and extension","Rachis cervical (AP/Lateral, odontoïde, flexion lateral extension) (radiographie)",,,,,,,,Radiology/Imaging Procedure,N/A,,,,,,,,,,,,3208
0e20937b-7812-4e9f-9aab-4707a71603c5,,Plain x-ray of right sacroiliac joint,,Radiografía simple de articulación sacroilíaca derecha,,,,,,,Radiology/Imaging Procedure,N/A,,,,,,,,,,,,3209
12AAAAAAAAAAAAAAAAAAAAAAAAAAAAAAAAAA,,"X-ray, chest","Radiographie, thorax",Radiografía simple de tórax,,,,An examination using irradiation for imaging the chest.,,,Radiology/Imaging Procedure,Coded,,,,,,,,,,,,3210
161165AAAAAAAAAAAAAAAAAAAAAAAAAAAAAA,,"CT scan, chest",,TAC de tórax,,,,An imaging study of chest that uses x-rays to compute tomography and produce cross-sectional images,,,Radiology/Imaging Procedure,N/A,,,,,,,,,,,,3211
161288AAAAAAAAAAAAAAAAAAAAAAAAAAAAAA,,Ultrasound of chest,Pulmonaire (US),,,,,,,,Radiology/Imaging Procedure,N/A,,,,,,,,,,,,3212
161332AAAAAAAAAAAAAAAAAAAAAAAAAAAAAA,,"X-ray of left hip, two views","Hanche - Gauche, 2 vues (radiographie)",,,,,,,,Radiology/Imaging Procedure,N/A,,,,,,,,,,,,3213
161333AAAAAAAAAAAAAAAAAAAAAAAAAAAAAA,,"X-ray of right hip, two views","Hanche - Droit, 2 vues (radiographie)",,,,,,,,Radiology/Imaging Procedure,N/A,,,,,,,,,,,,3214
161334AAAAAAAAAAAAAAAAAAAAAAAAAAAAAA,,"X-ray of bilateral hips, 2 views","Radiographie des deux hanches, 2 vues",,,,,,,,Radiology/Imaging Procedure,N/A,,,,,,,,,,,,3215
163591AAAAAAAAAAAAAAAAAAAAAAAAAAAAAA,,Mammogram,Mammographie,Examen radiográfico de la mama,,,,A mammogram is an X-ray image of the breast used to screen for breast cancer.,,,Radiology/Imaging Procedure,Coded,,,,,,,,,,,,3216
165115AAAAAAAAAAAAAAAAAAAAAAAAAAAAAA,,"X-ray of right knee AP/lat and tunnel, three views","Genou droit AP/lat + tunnel, 3 vues (radiographie)",,,,,,,,Radiology/Imaging Procedure,N/A,,,,,,,,,,,,3217
165116AAAAAAAAAAAAAAAAAAAAAAAAAAAAAA,,"X-ray of left knee AP/lat and tunnel view, three views","Genou gauche AP/lat + tunnel, 3 vues (radiographie)",,,,,,,,Radiology/Imaging Procedure,N/A,,,,,,,,,,,,3218
165117AAAAAAAAAAAAAAAAAAAAAAAAAAAAAA,,"X-ray of mastoid, three views","Mastoïdes, 3 vues (radiographie)",,,,,,,,Radiology/Imaging Procedure,N/A,,,,,,,,,,,,3219
165118AAAAAAAAAAAAAAAAAAAAAAAAAAAAAA,,"X-ray of sella turcica, two views","Selles turciques, 2 vues (radiographie)",,,,,,,,Radiology/Imaging Procedure,N/A,,,,,,,,,,,,3220
165119AAAAAAAAAAAAAAAAAAAAAAAAAAAAAA,,"X-ray of nasal bones, one view","Os propre du nez, 1 vue (radiographie)",,,,,,,,Radiology/Imaging Procedure,N/A,,,,,,,,,,,,3221
165120AAAAAAAAAAAAAAAAAAAAAAAAAAAAAA,,"X-ray of orbit, two to four views","Orbites , 2 à 4 vues (radiographie)",,,,,,,,Radiology/Imaging Procedure,N/A,,,,,,,,,,,,3222
165121AAAAAAAAAAAAAAAAAAAAAAAAAAAAAA,,"X-ray of mandible, three views","Mandibule, 3 vues (radiographie)",,,,,,,,Radiology/Imaging Procedure,N/A,,,,,,,,,,,,3223
165122AAAAAAAAAAAAAAAAAAAAAAAAAAAAAA,,"X-ray of right scapula, two views","Omoplate dte, 2 vues (radiographie)",,,,,,,,Radiology/Imaging Procedure,N/A,,,,,,,,,,,,3224
165123AAAAAAAAAAAAAAAAAAAAAAAAAAAAAA,,"X-ray of left scapula, two views","Omoplate ghe, 2 vues (radiographie)",,,,,,,,Radiology/Imaging Procedure,N/A,,,,,,,,,,,,3225
165124AAAAAAAAAAAAAAAAAAAAAAAAAAAAAA,,"X-ray of sternum, two to three views","Sternum, 2 à 3 vues (radiographie)",,,,,,,,Radiology/Imaging Procedure,N/A,,,,,,,,,,,,3226
165125AAAAAAAAAAAAAAAAAAAAAAAAAAAAAA,,"X-ray of thoracic-lumbar spine, four views","Rachis thoraco-lombaire, 4 vues (radiographie)",,,,,,,,Radiology/Imaging Procedure,N/A,,,,,,,,,,,,3227
165126AAAAAAAAAAAAAAAAAAAAAAAAAAAAAA,,"X-ray of lumbosacral spine, two to three views","Rachis lombo-sacré, 2 à 3 vues (radiographie)",,,,,,,,Radiology/Imaging Procedure,N/A,,,,,,,,,,,,3228
165127AAAAAAAAAAAAAAAAAAAAAAAAAAAAAA,,"X-ray of coccyx, two views","Rachis Coccyx, 2 vues (radiographie)",,,,,,,,Radiology/Imaging Procedure,N/A,,,,,,,,,,,,3229
165128AAAAAAAAAAAAAAAAAAAAAAAAAAAAAA,,"X-ray of right knee AP/lat + oblique, three views","Genou droit AP/lat + oblique, 3 vues (radiographie)",,,,,,,,Radiology/Imaging Procedure,N/A,,,,,,,,,,,,3230
165129AAAAAAAAAAAAAAAAAAAAAAAAAAAAAA,,"X-ray of left knee AP/lat + oblique, three views","Genou gauche AP/lat + oblique, 3 vues (radiographie)",,,,,,,,Radiology/Imaging Procedure,N/A,,,,,,,,,,,,3231
165130AAAAAAAAAAAAAAAAAAAAAAAAAAAAAA,,X-ray of both knees two views with tunnel view,"Genoux tunnel droit et gauche, 2 vues (radiographie)",,,,,,,,Radiology/Imaging Procedure,N/A,,,,,,,,,,,,3232
165131AAAAAAAAAAAAAAAAAAAAAAAAAAAAAA,,"X-ray of lumbar spine, two standing views","Rachis lombaire debout, 2 vues (radiographie)",,,,,,,,Radiology/Imaging Procedure,N/A,,,,,,,,,,,,3233
165132AAAAAAAAAAAAAAAAAAAAAAAAAAAAAA,,"X-ray of pelvis and both hips, AP and lateral frog views","Bassin AP + frog legs, 2 vues (radiographie)",,,,,,,,Radiology/Imaging Procedure,N/A,,,,,,,,,,,,3234
165133AAAAAAAAAAAAAAAAAAAAAAAAAAAAAA,,"X-ray of thoracic spine, two standing views","Rachis thoracique debout, 2 vues (radiographie)",,,,,,,,Radiology/Imaging Procedure,N/A,,,,,,,,,,,,3235
165134AAAAAAAAAAAAAAAAAAAAAAAAAAAAAA,,"X-ray of pelvis and right hip, AP and crosstable lateral views","Bassin AP + hanche dte laterale, 2 vues (radiographie)",,,,,,,,Radiology/Imaging Procedure,N/A,,,,,,,,,,,,3236
165135AAAAAAAAAAAAAAAAAAAAAAAAAAAAAA,,"X-ray of pelvis and left hip, AP and crosstable lateral views","Bassin AP + hanche ghe laterale, 2 vues (radiographie)",,,,,,,,Radiology/Imaging Procedure,N/A,,,,,,,,,,,,3237
165136AAAAAAAAAAAAAAAAAAAAAAAAAAAAAA,,"Hysterosalpingography (HSG), six views","Hystérosalpingographie (HSG), 6 vues",,,,,,,,Radiology/Imaging Procedure,N/A,,,,,,,,,,,,3238
165139AAAAAAAAAAAAAAAAAAAAAAAAAAAAAA,,"X-ray of ribs, two views","Côte, 2 vues (radiographie)",,,,,,,,Radiology/Imaging Procedure,N/A,,,,,,,,,,,,3239
165140AAAAAAAAAAAAAAAAAAAAAAAAAAAAAA,,"X-ray of both knees, six views","Genoux defile rotulien droit et gauche, 6 vues (radiographie)",,,,,,,,Radiology/Imaging Procedure,N/A,,,,,,,,,,,,3240
165141AAAAAAAAAAAAAAAAAAAAAAAAAAAAAA,,CT scan of abdomen without contrast,Abdomen sans contraste (CT),Tomografía computada de abdomen sin contraste,,,,,,,Radiology/Imaging Procedure,N/A,,,,,,,,,,,,3241
165142AAAAAAAAAAAAAAAAAAAAAAAAAAAAAA,,Computerized tomography of abdomen and pelvis without contrast,Abdomen et pelvis sans contraste (CT),Tomografía computarizada de abdomen y pelvis sin contraste,,,,,,,Radiology/Imaging Procedure,N/A,,,,,,,,,,,,3242
165143AAAAAAAAAAAAAAAAAAAAAAAAAAAAAA,,X-ray of unilateral ribs and single view chest,"Thorax osseux , 2 vues (radiographie)",,,,,,,,Radiology/Imaging Procedure,N/A,,,,,,,,,,,,3243
165144AAAAAAAAAAAAAAAAAAAAAAAAAAAAAA,,Flouroscopy of colon with barium contrast,Lavement baryté (radiographie),,,,,,,,Radiology/Imaging Procedure,N/A,,,,,,,,,,,,3244
165145AAAAAAAAAAAAAAAAAAAAAAAAAAAAAA,,"X-ray of thoracolumbar spine, two standing views for scoliosis",,,,,,,,,Radiology/Imaging Procedure,N/A,,,,,,,,,,,,3245
165146AAAAAAAAAAAAAAAAAAAAAAAAAAAAAA,,Retrograde cystography,Cystographie retrograde (radiographie),Cistografía retrógrada,,,,,,,Radiology/Imaging Procedure,N/A,,,,,,,,,,,,3246
165147AAAAAAAAAAAAAAAAAAAAAAAAAAAAAA,,Fistulogram,Fistulographie (radiographie),"Radiografía diagnóstica de una fístula, contraste positivo",,,,,,,Radiology/Imaging Procedure,N/A,,,,,,,,,,,,3247
165148AAAAAAAAAAAAAAAAAAAAAAAAAAAAAA,,"X-ray of skull, two views","Crâne, 2 vues (radiographie)",,,,,,,,Radiology/Imaging Procedure,N/A,,,,,,,,,,,,3248
165149AAAAAAAAAAAAAAAAAAAAAAAAAAAAAA,,X-ray of soft tissue of neck,Tissus mous du cou (radiographie),Radiografía de partes blandas: cuello,,,,,,,Radiology/Imaging Procedure,N/A,,,,,,,,,,,,3249
165150AAAAAAAAAAAAAAAAAAAAAAAAAAAAAA,,Computerized tomography of neck without contrast,Cou sans contraste (CT),,,,,,,,Radiology/Imaging Procedure,N/A,,,,,,,,,,,,3250
165151AAAAAAAAAAAAAAAAAAAAAAAAAAAAAA,,Computed tomography of pelvis without contrast,Pelvis sans contraste (CT),Tomografía computarizada de pelvis sin contraste,,,,,,,Radiology/Imaging Procedure,N/A,,,,,,,,,,,,3251
165152AAAAAAAAAAAAAAAAAAAAAAAAAAAAAA,,"Chest x-ray, single view","Pulmonaire, 1 vue (radiographie)",Radiografía simple de tórax (duplicate),,,,,,,Radiology/Imaging Procedure,N/A,,,,,,,,,,,,3252
165153AAAAAAAAAAAAAAAAAAAAAAAAAAAAAA,,Computed tomography of chest without contrast,Pulmonaire sans contraste (CT),Tomografía computada de tórax sin contraste,,,,,,,Radiology/Imaging Procedure,N/A,,,,,,,,,,,,3253
165154AAAAAAAAAAAAAAAAAAAAAAAAAAAAAA,,Computed tomography of pelvis without then with intravenous contrast,Pelvis avec ou sans contraste IV (CT),,,,,,,,Radiology/Imaging Procedure,N/A,,,,,,,,,,,,3254
165155AAAAAAAAAAAAAAAAAAAAAAAAAAAAAA,,Computed tomography of both lower extremities without contrast,Membre inférieur - Bilatéral sans contraste (CT),,,,,,,,Radiology/Imaging Procedure,N/A,,,,,,,,,,,,3255
165156AAAAAAAAAAAAAAAAAAAAAAAAAAAAAA,,"X-ray of left ankle, three views","Cheville - Gauche, 3 vues (radiographie)",,,,,,,,Radiology/Imaging Procedure,N/A,,,,,,,,,,,,3256
165157AAAAAAAAAAAAAAAAAAAAAAAAAAAAAA,,"X-ray of right ankle, three views","Cheville - Droit, 3 vues (radiographie)",,,,,,,,Radiology/Imaging Procedure,N/A,,,,,,,,,,,,3257
165158AAAAAAAAAAAAAAAAAAAAAAAAAAAAAA,,Computed tomography of thoracic spine without contrast,Rachis thoracique sans contraste (CT),Tomografía computarizada de columna vertebral dorsal sin contraste,,,,,,,Radiology/Imaging Procedure,N/A,,,,,,,,,,,,3258
165159AAAAAAAAAAAAAAAAAAAAAAAAAAAAAA,,Ultrasound of veins of both upper extremities,Veine du membre supérieur - Bilatéral (US),,,,,,,,Radiology/Imaging Procedure,N/A,,,,,,,,,,,,3259
165160AAAAAAAAAAAAAAAAAAAAAAAAAAAAAA,,Ultrasound of vein of left upper extremity,Veine du membre supérieur - Gauche (US),,,,,,,,Radiology/Imaging Procedure,N/A,,,,,,,,,,,,3260
165161AAAAAAAAAAAAAAAAAAAAAAAAAAAAAA,,Ultrasound of veins of right upper extremity,Veine du membre supérieur - Droit (US),,,,,,,,Radiology/Imaging Procedure,N/A,,,,,,,,,,,,3261
167424AAAAAAAAAAAAAAAAAAAAAAAAAAAAAA,,Cranial ultrasound,,Ecografía de cavidad craneal,,,,,,,Radiology/Imaging Procedure,Text,,,,,,,,,,,,3262
2345b0a3-636b-48ff-8bc5-3ab297029845,,"Carotid arteriography, unilateral",,,,,,,,,Radiology/Imaging Procedure,N/A,,,,,,,,,,,,3263
25a376a4-4b4a-4739-91f9-649f0d67fcf9,,Computed tomography of orbits with contrast,,Tomografía computarizada de las órbitas con contraste,,,,Computed tomography of both (bilateral) orbits with contrast,,,Radiology/Imaging Procedure,N/A,,,,,,,,,,,,3264
2df1a12f-5b1e-4d74-9822-da809fb059fd,,Cerebral four vessel angiogram,,Angiografía de cuatro vasos cerebrales,,,,,,,Radiology/Imaging Procedure,N/A,,,,,,,,,,,,3265
309AAAAAAAAAAAAAAAAAAAAAAAAAAAAAAAAA,,"X-ray, other","Radiographie, autre",,,,,"An examination using irradiation for imaging the body, site unknown.",,,Radiology/Imaging Procedure,Coded,,,,,,,,,,,,3266
363e74a9-4ff6-4c53-aadd-b0c81d125195,,Computed tomography of knee,,Tomografía computarizada de rodilla,,,,,,,Radiology/Imaging Procedure,N/A,,,,,,,,,,,,3267
377AAAAAAAAAAAAAAAAAAAAAAAAAAAAAAAAA,,"X-ray, arm","Radiographie, bras",Radiografía esquelética del miembro superior,,,,An examination using irradiation for imaging the upper extremity.,,,Radiology/Imaging Procedure,Coded,,,,,,,,,,,,3268
380AAAAAAAAAAAAAAAAAAAAAAAAAAAAAAAAA,,"X-ray, leg","Radiographie, jambe",Radiografía esquelética de extremidad inferior,,,,An examination using irradiation for imaging the lower extremity.,,,Radiology/Imaging Procedure,Coded,,,,,,,,,,,,3269
382AAAAAAAAAAAAAAAAAAAAAAAAAAAAAAAAA,,"X-ray, hand","Radiographie, main",Radiografía de la mano,,,,An examination using irradiation for imaging the hand.,,,Radiology/Imaging Procedure,Coded,,,,,,,,,,,,3270
384AAAAAAAAAAAAAAAAAAAAAAAAAAAAAAAAA,,"X-ray, foot","Radiographie, pied",Radiografía de pie,,,,An examination using irradiation for imaging the foot.,,,Radiology/Imaging Procedure,Coded,,,,,,,,,,,,3271
386AAAAAAAAAAAAAAAAAAAAAAAAAAAAAAAAA,,X-ray of skull,"Radiographie, crâne",Radiografía de cráneo,,,,An examination using irradiation for imaging the head and skull.,,,Radiology/Imaging Procedure,Coded,,,,,,,,,,,,3272
38c84a2d-2143-47ad-85ec-31d7b343468b,,X-ray of both ankles,Chevilles bilatérales (radiographie),,,,,,,,Radiology/Imaging Procedure,N/A,,,,,,,,,,,,3273
390AAAAAAAAAAAAAAAAAAAAAAAAAAAAAAAAA,,"X-ray, spine","Radiographie, rachis",Radiografía espinal,,,,An examination using irradiation for imaging the spine.,,,Radiology/Imaging Procedure,Coded,,,,,,,,,,,,3274
392AAAAAAAAAAAAAAAAAAAAAAAAAAAAAAAAA,,"X-ray, pelvis",Radiographie pelvis,Radiografía de pelvis,,,,An examination using irradiation for imaging the pelvis.,,,Radiology/Imaging Procedure,Coded,,,,,,,,,,,,3275
394AAAAAAAAAAAAAAAAAAAAAAAAAAAAAAAAA,,"X-ray, shoulder","Radiographie, epaule",Radiografía del hombro,,,,An examination using irradiation for imaging the shoulder.,,,Radiology/Imaging Procedure,Coded,,,,,,,,,,,,3276
3e91860b-0dbd-421c-b07e-49f0b6f4a88a,,Plain x-ray of left sacroiliac joint,,Radiografía simple de articulación sacroilíaca izquierda,,,,,,,Radiology/Imaging Procedure,N/A,,,,,,,,,,,,3277
40d1df86-45bd-4925-b831-7015da66d863,,Magnetic resonance imaging of thoracolumbar spine,,Resonancia magnética de columna vertebral dorsal y lumbar,,,,,,,Radiology/Imaging Procedure,N/A,,,,,,,,,,,,3278
43982951-62a0-45ba-934b-17e91001ae4e,,X-ray of tibia and fibula of both lower extremities,Tibia et péroné bilatéraux (radiographie),,,,,,,,Radiology/Imaging Procedure,N/A,,,,,,,,,,,,3279
47bc48b2-3f16-4643-b77f-59183c259797,,X-ray of bilateral wrists,Poignets bilatéraux (radiographie),Radiografía simple de ambas muñecas,,,,,,,Radiology/Imaging Procedure,N/A,,,,,,,,,,,,3280
49a8e3c0-c3e1-4a5b-817d-9622ff551d16,,X-ray of right sternoclavicular joint,,,,,,,,,Radiology/Imaging Procedure,N/A,,,,,,,,,,,,3281
4cee7cbf-4967-46b5-87e8-5189480823b8,,Magnetic resonance imaging of lumbosacral spine,,Resonancia magnética de columna vertebral lumbar y sacra,,,,,,,Radiology/Imaging Procedure,N/A,,,,,,,,,,,,3282
5a26fb51-be2c-49e7-8ab9-ae793cb06364,,Magnetic resonance imaging of cervical spine,,Resonancia magnética de columna cervical,,,,,,,Radiology/Imaging Procedure,N/A,,,,,,,,,,,,3283
5b455725-cb31-4634-b244-41c10106c066,,Computed tomography of femur,,Tomografía computarizada de fémur,,,,,,,Radiology/Imaging Procedure,N/A,,,,,,,,,,,,3284
5ceed8bf-02b7-45e5-906e-a551874aae84,,Hepatobiliary iminodiacetic acid (HIDA) scan,,,,,,,,,Radiology/Imaging Procedure,N/A,,,,,,,,,,,,3285
6092cbe6-c02d-4c59-a268-f4c421d6e994,,Ultrasound obstetric doppler,,Ecografía Doppler obstétrica,,,,,,,Radiology/Imaging Procedure,N/A,,,,,,,,,,,,3286
65b41d2f-6c02-4cdc-8cee-967666723ee3,,Ultrasound of thyroid,,Ecografía de glándula tiroides,Thyroid US,,,,,,Radiology/Imaging Procedure,N/A,,,,,,,,,,,,3287
741e5719-9978-4594-b29b-34e76ce7cae4,,Computed tomography of pelvis with intravenous contrast,Pelvis avec contraste IV (CT),,,,,,,,Radiology/Imaging Procedure,N/A,,,,,,,,,,,,3288
7ec9419e-1723-44f6-83c1-b7c1fe2bb4d0,,Computed tomography of heart,,TC de corazón,Cardiac CT,,,,,,Radiology/Imaging Procedure,N/A,,,,,,,,,,,,3289
8183a790-b188-4a99-852d-5d396155a575,,X-ray of both sacroiliac joints,,Radiografía simple de ambas articulaciones sacroilíacas,,,,,,,Radiology/Imaging Procedure,N/A,,,,,,,,,,,,3290
821c8df4-ab74-41b6-8955-30b9916cccc5,,Magnetic resonance imaging (MRI) modality,,,,,,,,,Radiology/Imaging Procedure,N/A,,,,,,,,,,,,3291
845AAAAAAAAAAAAAAAAAAAAAAAAAAAAAAAAA,,"Ultrasound, abdomen","Échographie, abdomen",Ultrasonido del abdomen,,,,Ultrasound examination of the abdomen.,ÉCHOGRAPHIE ABDOMINALE,Examen ultrasonido del abdomen,Radiology/Imaging Procedure,Coded,,,,,,,,,,,,3292
846AAAAAAAAAAAAAAAAAAAAAAAAAAAAAAAAA,,"Computed tomography scan, head",Tête sans contraste (CT),Tomografía computarizada de la cabeza completa,,,,A sectional view of the head constructed by computed tomography without contrast.,,,Radiology/Imaging Procedure,Coded,,,,,,,,,,,,3293
852AAAAAAAAAAAAAAAAAAAAAAAAAAAAAAAAA,,"Ultrasound, hepatic",Échographie hépatique,Ecografía del hígado,,,,Ultrasound examination of the hepatic region-includes biliary tree,,,Radiology/Imaging Procedure,Coded,,,,,,,,,,,,3294
8cb17cf0-0c9f-4192-8a05-aedc49cde87a,,X-ray of both shoulders,Épaules bilatérales (radiographie),,,,,,,,Radiology/Imaging Procedure,N/A,,,,,,,,,,,,3295
920236fe-a1bf-43af-a5bc-c99d34a721d7,,"X-ray of right wrist, three views","Poignet - Droit, 3 vues (Radiographie)",,,,,,,,Radiology/Imaging Procedure,N/A,,,,,,,,,,,,3296
9296e4e4-aa3e-4f1d-9fca-81d1f636dd28,,Mammary ductogram,,Ductograma mamario,,,,,,,Radiology/Imaging Procedure,N/A,,,,,,,,,,,,3297
93b7c489-a26d-4e6a-aaf8-56e743725f91,,Computed tomography of orbits without contrast,,Tomografía computarizada de las órbitas sin contraste,,,,Computed tomography of b both (bilateral) orbits without contrast,,,Radiology/Imaging Procedure,N/A,,,,,,,,,,,,3298
abc8c898-7d85-4186-b067-41dccc511920,,X-ray of left sternoclavicular joint,,,,,,,,,Radiology/Imaging Procedure,N/A,,,,,,,,,,,,3299
b29088d6-e9e5-428c-856d-8d974db7af39,,Doppler ultrasound of renal artery,,Ecografía Doppler de arteria renal,,,,,,,Radiology/Imaging Procedure,N/A,,,,,,,,,,,,3300
c9c12cc0-fc1c-4b1c-9d16-92ec8593b17a,,X-ray of odontoid process of axis,Odontoïde de la colonne cervicale (radiographie),,,,,,,,Radiology/Imaging Procedure,N/A,,,,,,,,,,,,3301
ca248687-b0fa-4028-ad24-75e447602574,,"X-ray of thoracic spine AP/Lat + swimmers, three views","Rachis thoracique AP/Lat + Swimmers, 3 vues (radiographie)",,,,,,,,Radiology/Imaging Procedure,N/A,,,,,,,,,,,,3302
cc7bca67-05ba-466b-98a3-2fb7b9da3ec3,,Computed tomography of hip,,Tomografía computarizada de cadera,,,,,,,Radiology/Imaging Procedure,N/A,,,,,,,,,,,,3303
db51d1e5-2675-44dc-aea4-ed3900e79c6f,,"Carotid arteriography, bilateral",,Angiografía de ambas arterias carótidas,,,,,,,Radiology/Imaging Procedure,N/A,,,,,,,,,,,,3304
ee40db9c-0fd8-462a-93a1-f5ec1de14f7a,,Ultrasound of prostate,,Ecografía de próstata,Prostate US,,,,,,Radiology/Imaging Procedure,N/A,,,,,,,,,,,,3305
f666d183-aa65-40da-8d6e-14ca8f4ce636,,Endorectal ultrasound,,Ecografía endorrectal,Endorectal US,,,,,,Radiology/Imaging Procedure,N/A,,,,,,,,,,,,3306
f8a279ba-377d-48a5-b04b-190f5044656b,,"X-ray of left wrist, three views","Poignet - Gauche, 3 vues (Radiographie)",,,,,,,,Radiology/Imaging Procedure,N/A,,,,,,,,,,,,3307
0af318f4-94a2-4dbe-9727-fb1d682e75fb,,Dolutegravir / lamivudine / tenofovir alafenamide,,,3TC / DTG / TAF,,,,,,Drug,N/A,,,,,,,,,,,,3308
103166AAAAAAAAAAAAAAAAAAAAAAAAAAAAAA,,Abacavir / lamivudine,,,ABC/3TC,,,,,,Drug,N/A,,,,,,,,,,,,3309
103237AAAAAAAAAAAAAAAAAAAAAAAAAAAAAA,,Acetaminophen / codeine,Codéine / Paracétamol,,,,,,,,Drug,N/A,,,,,,,,,,,,3310
103281AAAAAAAAAAAAAAAAAAAAAAAAAAAAAA,,Acetaminophen / oxycodone,Acétaminophène / oxycodone,,,,,,,,Drug,N/A,,,,,,,,,,,,3311
104009AAAAAAAAAAAAAAAAAAAAAAAAAAAAAA,,Calcium / sodium,Calcium / sodium,,,,,,,,Drug,N/A,,,,,,,,,,,,3312
104315AAAAAAAAAAAAAAAAAAAAAAAAAAAAAA,,Cilastatin / imipenem,,Imipenem+cilastatina,,,,,,,Drug,N/A,,,,,,,,,,,,3313
104525AAAAAAAAAAAAAAAAAAAAAAAAAAAAAA,,Diphtheria toxoid / haemophilus capsular oligosaccharide,,Vacuna de oligosacáridos conjugados (con conjugado de proteína diftérica CRM>197<) anti-Haemophilus b,,,,,,,Drug,N/A,,,,,,,,,,,,3314
104526AAAAAAAAAAAAAAAAAAAAAAAAAAAAAA,,"Diphtheria toxoid / hepatitis B vaccines / pertussis, acellular / poliovirus vaccine, inactivated / tetanus toxoid",,,DTaP-HepB-IPV Vaccine,,,,,,Drug,N/A,,,,,,,,,,,,3315
104527AAAAAAAAAAAAAAAAAAAAAAAAAAAAAA,,"Diphtheria toxoid / pertussis, acellular / tetanus toxoid",,,,,,,,,Drug,N/A,,,,,,,,,,,,3316
104528AAAAAAAAAAAAAAAAAAAAAAAAAAAAAA,,Diphtheria toxoid / tetanus toxoid,,,,,,,,,Drug,N/A,,,,,,,,,,,,3317
104529AAAAAAAAAAAAAAAAAAAAAAAAAAAAAA,,Diphtheria protein / haemophilus capsular oligosaccharide,,Vacuna de oligosacáridos conjugados (con conjugado de proteína diftérica CRM>197<) anti-Haemophilus b (duplicate),,,,,,,Drug,N/A,,,,,,,,,,,,3318
104531AAAAAAAAAAAAAAAAAAAAAAAAAAAAAA,,"Diptheria toxoid / pertussis, whole cell / tetanus toxoid",,,,,,,,,Drug,N/A,,,,,,,,,,,,3319
104565AAAAAAAAAAAAAAAAAAAAAAAAAAAAAA,,Efavirenz / emtricitabine / tenofovir disoproxil,,"Efavirenz, emtricitabina y tenofovir",EFV/FTC/TDF,,,,,,Drug,N/A,,,,,,,,,,,,3320
104567AAAAAAAAAAAAAAAAAAAAAAAAAAAAAA,,Emtricitabine / tenofovir disoproxil,,Emtricitabina + tenofovir,FTC/TDF,,,,,,Drug,N/A,,,,,,,,,,,,3321
104584AAAAAAAAAAAAAAAAAAAAAAAAAAAAAA,,Epinephrine / lidocaine,Adrénaline / lidocaine,Lidocaína+epinefrina,,,,,,,Drug,N/A,,,,,,,,,,,,3322
104805AAAAAAAAAAAAAAAAAAAAAAAAAAAAAA,,Haemophilus capsular oligosaccharide / tetanus toxoid,,,,,,,,,Drug,N/A,,,,,,,,,,,,3323
104811AAAAAAAAAAAAAAAAAAAAAAAAAAAAAA,,Heparinoids / hyaluronidase,Héparinoides / hyaluronidase,,,,,,,,Drug,N/A,,,,,,,,,,,,3324
104813AAAAAAAAAAAAAAAAAAAAAAAAAAAAAA,,Heparinoids / salicylic acid,Héparinoides / acide salicylique,,,,,,,,Drug,N/A,,,,,,,,,,,,3325
105232AAAAAAAAAAAAAAAAAAAAAAAAAAAAAA,,Pyrimethamine / sulfadoxine,Pyriméthamine / sulfadoxine,,,,,,,,Drug,N/A,,,,,,,,,,,,3326
105281AAAAAAAAAAAAAAAAAAAAAAAAAAAAAA,,Sulfamethoxazole / trimethoprim,Cotrimoxazole,,,,,,,,Drug,N/A,,,,,,,,,,,,3327
1108AAAAAAAAAAAAAAAAAAAAAAAAAAAAAAAA,,Ethambutol and isoniazid,Ethambutol et isoniazide,Clorhidrato de etambutol+isoniazida,Ethambutol / isoniazid,,,"Combination drug used to treat tuberculosis, often used with other drugs.  It's also known as Ethizide.",,,Drug,N/A,,,,,,,,,,,,3328
1131AAAAAAAAAAAAAAAAAAAAAAAAAAAAAAAA,,Rifampicin isoniazid pyrazinamide and ethambutol,éthambutol / isoniazide / pyrazinamide / rifampicine,,RHEZ,,,Fixed-dose combination drug used to treat tuberculosis.  Also known as Rifafour.,,,Drug,N/A,,,,,,,,,,,,3329
1194AAAAAAAAAAAAAAAAAAAAAAAAAAAAAAAA,,Rifampicin and isoniazid,Rifampicine et isoniazide,Rifampicina+isoniazida,,,,Combination drug also known as Rifinah. Used in the early treatment of tuberculosis.,,,Drug,N/A,,,,,,,,,,,,3330
1359AAAAAAAAAAAAAAAAAAAAAAAAAAAAAAAA,,Norplant (implantable contraceptive),Norplant (implant contraceptif),Anticonceptivo subcutáneo,Norplant,,,"The NORPLANT SYSTEM kit contains levonorgestrel implants, a set of six flexible closed capsules made of silicone rubber tubing (Silastic® , dimethylsiloxane/methylvinylsiloxane copolymer), each containing 36 mg of the progestin levonorgestrel contained in an insertion kit to facilitate implantation. The capsules are sealed with Silastic (polydimethylsiloxane) adhesive and sterilized. Each capsule is 2.4 mm in diameter and 34 mm in length. The capsules are inserted in a superficial plane beneath the skin of the upper arm.",,,Drug,Boolean,,,,,,,,,,,,3331
1423AAAAAAAAAAAAAAAAAAAAAAAAAAAAAAAA,,Pentavalent pneumovax,Pentavalent pneumovax,Vacunación antineumocócica,Pneumovax,,,,,,Drug,Boolean,,,,,,,,,,,,3332
154378AAAAAAAAAAAAAAAAAAAAAAAAAAAAAA,,Raltegravir,Raltégravir,Raltegravir,RAL,,,Integrase inhibitor drug,,,Drug,N/A,,,,,,,,,,,,3333
159589AAAAAAAAAAAAAAAAAAAAAAAAAAAAAA,,Implantable contraceptive (unspecified type),Contraceptif implantable (type non spécifié),Anticonceptivo subcutáneo (duplicate),Implantable contraceptive,,,A form of contraception delivered through an implantable device under the skin.,,,Drug,N/A,,,,,,,,,,,,3334
159694AAAAAAAAAAAAAAAAAAAAAAAAAAAAAA,,"Acellular Pertussis / Diphtheria Toxoid / Haemophilus influenzae b, capsular polysaccharide  / Inactivated Polioviruses Type 1 / Inactivated Polioviruses Type 2 / Inactivated Polioviruses Type 3 / Tetanus toxoid conjugate vaccine",,Vacuna contra difteria + tétanos + tos convulsa + poliomielitis + Haemophilus influenzae b,,,,,,,Drug,N/A,,,,,,,,,,,,3335
159701AAAAAAAAAAAAAAAAAAAAAAAAAAAAAA,,"Measles Virus Vaccine Live, Enders' attenuated Edmonston strain / Mumps Virus Vaccine Live, Jeryl Lynn Strain / Rubella Virus Vaccine Live (Wistar RA 27-3 Strain)","Virus de la rougeole vaccin vivant atténué de la souche Edmonston Enders / Oreillons Virus vaccin vivant, Jeryl Lynn Strain / Rubéole Virus vaccin vivant (Wistar RA 27-3 Strain)",Vacuna triple viral,MMR II,,,,,,Drug,N/A,,,,,,,,,,,,3336
159713AAAAAAAAAAAAAAAAAAAAAAAAAAAAAA,,Neisseria meningitidis serogroup A capsular polysaccharide diphtheria toxoid protein conjugate vaccine / Neisseria meningitidis serogroup C capsular polysaccharide diphtheria toxoid protein conjugate vaccine / Neisseria meningitidis serogroup W-135 capsul,,Vacuna antimeningocócica,,,,,,,Drug,N/A,,,,,,,,,,,,3337
159809AAAAAAAAAAAAAAAAAAAAAAAAAAAAAA,,Atazanavir / ritonavir,Atazanavir and ritonavir,,ATVr,,,combination of antiretroviral drugs,,,Drug,N/A,,,,,,,,,,,,3338
159810AAAAAAAAAAAAAAAAAAAAAAAAAAAAAA,,Etravirine,Étravirine,Etravirina,ETV,,,a drug in a group of NNRTI,,,Drug,N/A,,,,,,,,,,,,3339
159851AAAAAAAAAAAAAAAAAAAAAAAAAAAAAA,,Rifampicin isoniazid and ethambutol,,,RHE,,,combination of anti-tubercular drugs.,,,Drug,N/A,,,,,,,,,,,,3340
160418AAAAAAAAAAAAAAAAAAAAAAAAAAAAAA,,"Acellular Pertussis Vaccine / Diphtheria Toxoid Vaccine / Poliovirus vaccine inactivated, type 1 (Mahoney) / Poliovirus vaccine inactivated, type 2 (MEF-1) / Poliovirus vaccine inactivated, type 3 (Saukett) / Tetanus Toxoid Vaccine",,,,,,,,,Drug,N/A,,,,,,,,,,,,3341
160574AAAAAAAAAAAAAAAAAAAAAAAAAAAAAA,,Ulipristal acetate,Acétate d'ulipristal,,,,,,,,Drug,N/A,,,,,,,,,,,,3342
161361AAAAAAAAAAAAAAAAAAAAAAAAAAAAAA,,Efavirenz / lamivudine / tenofovir disoproxil,,,EDF/3TC/EFV,,,,,,Drug,N/A,,,,,,,,,,,,3343
161364AAAAAAAAAAAAAAAAAAAAAAAAAAAAAA,,Lamivudine / tenofovir disoproxil,,,TDF/3TC,,,,,,Drug,N/A,,,,,,,,,,,,3344
162339AAAAAAAAAAAAAAAAAAAAAAAAAAAAAA,Yes,"Diphtheria Toxoid / Haemophilus influenzae b, capsular polysaccharide  / Hepatitis B surface antigen / Pertussis (whole cell) / Tetanus toxoid conjugate vaccine",,,,,,Pentavalent childhood immunization ,,,Drug,N/A,,,,,,,,,,,,3345
162489AAAAAAAAAAAAAAAAAAAAAAAAAAAAAA,,Prussian blue,Bleu de Prusse,Tinción con azul de Prusia,,,,,,,Drug,N/A,,,,,,,,,,,,3346
162490AAAAAAAAAAAAAAAAAAAAAAAAAAAAAA,,Triclabendazole,Triclabendazole,,,,,,,,Drug,N/A,,,,,,,,,,,,3347
162586AAAAAAAAAAAAAAAAAAAAAAAAAAAAAA,,Measles-rubella vaccine,rubeole-rougeole vaccine,,,,,Combination of measles and rubella (German measles) vaccine,,,Drug,N/A,,,,,,,,,,,,3348
163143AAAAAAAAAAAAAAAAAAAAAAAAAAAAAA,,Bedaquiline,,,,,,,,,Drug,N/A,,,,,,,,,,,,3349
163144AAAAAAAAAAAAAAAAAAAAAAAAAAAAAA,,Delamanid,,,,,,,,,Drug,N/A,,,,,,,,,,,,3350
165085AAAAAAAAAAAAAAAAAAAAAAAAAAAAAA,,Dolutegravir,Dolutégravir,Dolutegravir,DTG,,,,,,Drug,N/A,,,,,,,,,,,,3351
1652AAAAAAAAAAAAAAAAAAAAAAAAAAAAAAAA,,Lamivudine / nevirapine / zidovudine,Lamivudine/névirapine/zidovudine,"Lamivudina, zidovudina y nevirapina",3TC/NVP/AZT,,,,,,Drug,N/A,,,,,,,,,,,,3352
165505AAAAAAAAAAAAAAAAAAAAAAAAAAAAAA,,Pretomanid,,,,,,Recently approved drug to treat XDR-TB. Member of nitroimidazole class of drugs.,,,Drug,N/A,,,,,,,,,,,,3353
165606AAAAAAAAAAAAAAAAAAAAAAAAAAAAAA,,Abacavir / dolutegravir / lamivudine,,,ABC / 3TC / DTG,,,,,,Drug,N/A,,,,,,,,,,,,3354
1656AAAAAAAAAAAAAAAAAAAAAAAAAAAAAAAA,,"Diphtheria toxoid vaccine / pertussis, acellular / tetanus toxoid vaccine",Diphtérie/coqueluche/tétanos,"Toxoide diftérico y tetánico, y toxoide tosferínico acelular",DTaP Vaccine,,,,,,Drug,N/A,,,,,,,,,,,,3355
166703AAAAAAAAAAAAAAAAAAAAAAAAAAAAAA,,"RTS,S/AS01 vaccine","RTS,S/AS01 vaccine",,,,,Vaccine against Plasmodium falciparum by GlaxoSmithKline,,,Drug,N/A,,,,,,,,,,,,3356
1685AAAAAAAAAAAAAAAAAAAAAAAAAAAAAAAA,,"Diphtheria toxoid / hepatitis B vaccines / pertussis, acellular / tetanus toxoid / haemophilus capsular oligosaccharide",Diphtérie/hépatite b/coqueluche/tétanos/haemophilus B,,DPT/HIB/HEPB vaccine,,,DTP+H. Influenza+Hep B Vaccine,,,Drug,N/A,,,,,,,,,,,,3357
17AAAAAAAAAAAAAAAAAAAAAAAAAAAAAAAAAA,,Diptheria tetanus booster,Injection de rappel: dipthérie tétanos,Vacunación antidiftérica y antitetánica de refuerzo,DT,,,Booster vaccination against diptheria and tetanus (IM) used in pediatric patients.,,,Drug,N/A,,,,,,,,,,,,3358
190AAAAAAAAAAAAAAAAAAAAAAAAAAAAAAAAA,,Condoms,Préservatifs,Preservativo,,,,Methods for preventing pregnancy.,,,Drug,N/A,,,,,,,,,,,,3359
22AAAAAAAAAAAAAAAAAAAAAAAAAAAAAAAAAA,,Hepatitis A vaccination,Vaccination contre l'hépatite A,Vacuna contra el virus de la hepatitis A,HEPA,,,Vaccination against hepatitis A (IM).,,,Drug,N/A,,,,,,,,,,,,3360
431AAAAAAAAAAAAAAAAAAAAAAAAAAAAAAAAA,,Hyoscine butylbromide,Butylbromure de scopolamine,Butilbromato de hioscina,,,,Works by relaxing the involuntary muscle found in the walls of the stomach and intestines (gastrointestinal tract) and the genital organs and urinary tract (genitourinary tract).,,,Drug,N/A,,,,,,,,,,,,3361
450AAAAAAAAAAAAAAAAAAAAAAAAAAAAAAAAA,,Amoxicillin and clavulanic acid,Amoxicilline et acide clavulanique,Amoxicilina con ácido clavulánico,AMZ/CLV,,,A preparation of amoxicillin and the potassium salt of clavulanic acid to overcome beta-lactam resistance.,,,Drug,N/A,,,,,,,,,,,,3362
5261AAAAAAAAAAAAAAAAAAAAAAAAAAAAAAAA,,Hemophilus influenza B vaccine,Vaccin contre Haemophilus influenzae B,Administración de vacuna que contiene antígeno de Haemophilus influenzae tipo B como único ingrediente,,,,Vaccine given for HIB.,,,Drug,N/A,,,,,,,,,,,,3363
630AAAAAAAAAAAAAAAAAAAAAAAAAAAAAAAAA,,Lamivudine / zidovudine,Lamivudine / zidovudine,Lamivudina+zidovudina,AZT/3TC,,,Antiretroviral combination drug (Zidovudine & Lamivudine),,,Drug,N/A,,,,,,,,,,,,3364
651ca448-8ea9-4f17-9c98-62eafc40c7a3,,Emtricitabine / rilpivirine / tenofovir disoproxil,,,,,,Anti-retroviral (ARV) combination drug,,,Drug,N/A,,,,,,,,,,,,3365
70056AAAAAAAAAAAAAAAAAAAAAAAAAAAAAAA,,Abacavir,Abacavir,Abacavir,ABC,,,,,,Drug,N/A,,,,,,,,,,,,3366
70116AAAAAAAAAAAAAAAAAAAAAAAAAAAAAAA,,Acetaminophen,Acétaminophène,Acetaminofeno,,,,,,,Drug,N/A,,,,,,,,,,,,3367
70125AAAAAAAAAAAAAAAAAAAAAAAAAAAAAAA,,Acetazolamide,,Acetazolamida,,,,,,,Drug,N/A,,,,,,,,,,,,3368
70148AAAAAAAAAAAAAAAAAAAAAAAAAAAAAAA,,Acetylcysteine,Acétylcystéine,N-acetilcisteína,,,,,,,Drug,N/A,,,,,,,,,,,,3369
70245AAAAAAAAAAAAAAAAAAAAAAAAAAAAAAA,,Acyclovir,Acyclovir,Acicloguanosina,,,,,,,Drug,N/A,,,,,,,,,,,,3370
70259AAAAAAAAAAAAAAAAAAAAAAAAAAAAAAA,,Adalimumab,,Adalimumab,,,,,,,Drug,N/A,,,,,,,,,,,,3371
70439AAAAAAAAAAAAAAAAAAAAAAAAAAAAAAA,,Albendazole,Albendazole,Albendazol,,,,An anthelmentic (anti-worm medication),,,Drug,N/A,,,,,,,,,,,,3372
70445AAAAAAAAAAAAAAAAAAAAAAAAAAAAAAA,,"Albumin, human",,Solución de albúmina humana,,,,,,,Drug,N/A,,,,,,,,,,,,3373
70878AAAAAAAAAAAAAAAAAAAAAAAAAAAAAAA,,Allopurinol,Allopurinol,Alopurinol,,,,,,,Drug,N/A,,,,,,,,,,,,3374
70938AAAAAAAAAAAAAAAAAAAAAAAAAAAAAAA,,Alprazolam,,Alprazolam,,,,,,,Drug,N/A,,,,,,,,,,,,3375
70966AAAAAAAAAAAAAAAAAAAAAAAAAAAAAAA,,Alteplase,,Preparado de activador del plasminógeno tipo tisular,,,,,,,Drug,N/A,,,,,,,,,,,,3376
71060AAAAAAAAAAAAAAAAAAAAAAAAAAAAAAA,,Amikacin,Amikacine,Amikacina,AMK,,,Injectable aminoglycoside used in drug-resistant TB treatment. Inhibits protein synthesis through disruption of ribosomal function. (Short name from WHO),,,Drug,N/A,,,,,,,,,,,,3377
71070AAAAAAAAAAAAAAAAAAAAAAAAAAAAAAA,,Amiloride,,Amilorida,,,,,,,Drug,N/A,,,,,,,,,,,,3378
71118AAAAAAAAAAAAAAAAAAAAAAAAAAAAAAA,,Amiodarone,Amiodarone,Amiodarona,,,,,,,Drug,N/A,,,,,,,,,,,,3379
71137AAAAAAAAAAAAAAAAAAAAAAAAAAAAAAA,,Amlodipine,Amlodipine,Amlodipina,,,,Calcium channel blocker,,,Drug,N/A,,,,,,,,,,,,3380
71160AAAAAAAAAAAAAAAAAAAAAAAAAAAAAAA,,Amoxicillin,Amoxycilline,Amoxicilina,,,,,,,Drug,N/A,,,,,,,,,,,,3381
71184AAAAAAAAAAAAAAAAAAAAAAAAAAAAAAA,,Amphotericin B,Amphotericin B,Anfotericina,,,,,,,Drug,N/A,,,,,,,,,,,,3382
71186AAAAAAAAAAAAAAAAAAAAAAAAAAAAAAA,,Amphotericin B lipid complex,,Complejo lipídico de anfotericina B,,,,,,,Drug,N/A,,,,,,,,,,,,3383
71187AAAAAAAAAAAAAAAAAAAAAAAAAAAAAAA,,"Amphotericin B, liposomal",,Anfotericina B liposómica,,,,,,,Drug,N/A,,,,,,,,,,,,3384
71188AAAAAAAAAAAAAAAAAAAAAAAAAAAAAAA,,Ampicillin,Ampicilline,Ampicilina,,,,,,,Drug,N/A,,,,,,,,,,,,3385
71558AAAAAAAAAAAAAAAAAAAAAAAAAAAAAAA,,Arsenic trioxide,,,,,,,,,Drug,N/A,,,,,,,,,,,,3386
71589AAAAAAAAAAAAAAAAAAAAAAAAAAAAAAA,,Ascorbic acid,Acide ascorbique,Preparado con vitamina C,,,,,,,Drug,N/A,,,,,,,,,,,,3387
71617AAAAAAAAAAAAAAAAAAAAAAAAAAAAAAA,,Aspirin,Aspirine,Aspirina,,,,Name of a drug which is used as anti inflammatory and analgesic,,,Drug,N/A,,,,,,,,,,,,3388
71647AAAAAAAAAAAAAAAAAAAAAAAAAAAAAAA,,Atazanavir,Atazanavir,Atazanavir,ATV,,,Protease inhibitor,,,Drug,N/A,,,,,,,,,,,,3389
71682AAAAAAAAAAAAAAAAAAAAAAAAAAAAAAA,,Atropine sulfate,Sulfate d'atropine,,,,,,,,Drug,N/A,,,,,,,,,,,,3390
71780AAAAAAAAAAAAAAAAAAAAAAAAAAAAAAA,,Azithromycin,Azithromycine,Azitromicina,,,,,,,Drug,N/A,,,,,,,,,,,,3391
72039AAAAAAAAAAAAAAAAAAAAAAAAAAAAAAA,,Benzathine penicillin V,Benzathine penicilline V,,,,,,,,Drug,N/A,,,,,,,,,,,,3392
72075AAAAAAAAAAAAAAAAAAAAAAAAAAAAAAA,,Benzyl benzoate,Benzyl benzoate,Benzoato de bencilo,,,,,,,Drug,N/A,,,,,,,,,,,,3393
72241AAAAAAAAAAAAAAAAAAAAAAAAAAAAAAA,,Bismuth subsalicylate,Sous-salicylate de bismuth,Subsalicilato de bismuto,,,,,,,Drug,N/A,,,,,,,,,,,,3394
72505AAAAAAAAAAAAAAAAAAAAAAAAAAAAAAA,,Bupivacaine,Bupivacaine,Bupivacaína,,,,,,,Drug,N/A,,,,,,,,,,,,3395
72609AAAAAAAAAAAAAAAAAAAAAAAAAAAAAAA,,Caffeine,Caféine,Cafeína,,,,,,,Drug,N/A,,,,,,,,,,,,3396
72678AAAAAAAAAAAAAAAAAAAAAAAAAAAAAAA,,Calcium gluconate,Gluconate de calcium,Gluconato de calcio,,,,,,,Drug,N/A,,,,,,,,,,,,3397
72681AAAAAAAAAAAAAAAAAAAAAAAAAAAAAAA,,Calcium heparin,Héparine calcique,Heparina cálcica,,,,,,,Drug,N/A,,,,,,,,,,,,3398
72695AAAAAAAAAAAAAAAAAAAAAAAAAAAAAAA,,Calcium phosphate,Calcium phosphate,Fosfato de calcio,,,,,,,Drug,N/A,,,,,,,,,,,,3399
72703AAAAAAAAAAAAAAAAAAAAAAAAAAAAAAA,,Calcium sulfate,SULFATE de CALCIUM,Sulfato de calcio,,,,,,,Drug,N/A,,,,,,,,,,,,3400
72822AAAAAAAAAAAAAAAAAAAAAAAAAAAAAAA,,Carbamazepine,Carbamazepine,Carbamacepina,,,,,,,Drug,N/A,,,,,,,,,,,,3401
73041AAAAAAAAAAAAAAAAAAAAAAAAAAAAAAA,,Ceftriaxone,Ceftriaxone,Ceftriaxona,,,,,,,Drug,N/A,,,,,,,,,,,,3402
73449AAAAAAAAAAAAAAAAAAAAAAAAAAAAAAA,,Ciprofloxacin,Ciprofloxacine,Ciprofloxacino,Cpx,Cfx,,,,,Drug,N/A,,,,,,,,,,,,3403
73581AAAAAAAAAAAAAAAAAAAAAAAAAAAAAAA,,Clofazimine,,Clofazimina,Cfz,,,Phenazine derivative used in drug-resistant TB treatment. (Short name from WHO),,,Drug,N/A,,,,,,,,,,,,3404
73667AAAAAAAAAAAAAAAAAAAAAAAAAAAAAAA,,Codeine,Codeine,Codeína,,,,,,,Drug,N/A,,,,,,,,,,,,3405
73702AAAAAAAAAAAAAAAAAAAAAAAAAAAAAAA,,Colchicine,Colchicine,Colchicina,,,,,,,Drug,N/A,,,,,,,,,,,,3406
74023AAAAAAAAAAAAAAAAAAAAAAAAAAAAAAA,,Creatine,,Creatina,,,,,,,Drug,N/A,,,,,,,,,,,,3407
74094AAAAAAAAAAAAAAAAAAAAAAAAAAAAAAA,,Cyclizine,Cyclizine,Ciclizina,,,,,,,Drug,N/A,,,,,,,,,,,,3408
74123AAAAAAAAAAAAAAAAAAAAAAAAAAAAAAA,,Cycloserine,,Cicloserina,Cs,,,D-Alanine analog used in drug-resistant TB treatment. (Short name from WHO),,,Drug,N/A,,,,,,,,,,,,3409
74167AAAAAAAAAAAAAAAAAAAAAAAAAAAAAAA,,Cystine,Cystine,Cistina,,,,,,,Drug,N/A,,,,,,,,,,,,3410
74250AAAAAAAAAAAAAAAAAAAAAAAAAAAAAAA,,Dapsone,Dapsone,Dapsona,,,,,,,Drug,N/A,,,,,,,,,,,,3411
74258AAAAAAAAAAAAAAAAAAAAAAAAAAAAAAA,,Darunavir,Darunavir,Darunavir,DRV,,,Retroviral drug which acts as protease inhibitor,,,Drug,N/A,,,,,,,,,,,,3412
74374AAAAAAAAAAAAAAAAAAAAAAAAAAAAAAA,,Deferoxamine,Déferoxamine,Deferoxamina,,,,,,,Drug,N/A,,,,,,,,,,,,3413
74609AAAAAAAAAAAAAAAAAAAAAAAAAAAAAAA,,Dexamethasone,Dexamethasone,Preparado con dexametasona,,,,,,,Drug,N/A,,,,,,,,,,,,3414
74739AAAAAAAAAAAAAAAAAAAAAAAAAAAAAAA,,Diatrizoate,,Diatrizoato,,,,,,,Drug,N/A,,,,,,,,,,,,3415
74745AAAAAAAAAAAAAAAAAAAAAAAAAAAAAAA,,Diazepam,Diazépam,Diacepam,,,,,,,Drug,N/A,,,,,,,,,,,,3416
75030AAAAAAAAAAAAAAAAAAAAAAAAAAAAAAA,,Diphtheria toxoid,,Vacuna antidiftérica,,,,,,,Drug,N/A,,,,,,,,,,,,3417
75031AAAAAAAAAAAAAAAAAAAAAAAAAAAAAAA,,Diphtheria toxoid adsorbed,,,,,,,,,Drug,N/A,,,,,,,,,,,,3418
75120AAAAAAAAAAAAAAAAAAAAAAAAAAAAAAA,,Docusate,Docusate,Docusato,,,,,,,Drug,N/A,,,,,,,,,,,,3419
75121AAAAAAAAAAAAAAAAAAAAAAAAAAAAAAA,,Docusate sodium,Docusate de Sodium,Docusato de sodio,,,,,,,Drug,N/A,,,,,,,,,,,,3420
75523AAAAAAAAAAAAAAAAAAAAAAAAAAAAAAA,,Efavirenz,Éfavirenz,Efavirenz,EFV,,,,,,Drug,N/A,,,,,,,,,,,,3421
75628AAAAAAAAAAAAAAAAAAAAAAAAAAAAAAA,,Emtricitabine,Emtricitabine,Emtricitabina,FTC,,,,,,Drug,N/A,,,,,,,,,,,,3422
75720AAAAAAAAAAAAAAAAAAAAAAAAAAAAAAA,,Ephedrine,Ephédrine,Efedrina,,,,,,,Drug,N/A,,,,,,,,,,,,3423
75785AAAAAAAAAAAAAAAAAAAAAAAAAAAAAAA,Yes,Equine diphtheria antitoxin,,Antitoxina diftérica equina,,,,,,,Drug,N/A,,,,,,,,,,,,3424
75842AAAAAAAAAAAAAAAAAAAAAAAAAAAAAAA,,Erythromycin,Érythromicine,Eritromicina,,,,,,,Drug,N/A,,,,,,,,,,,,3425
75875AAAAAAAAAAAAAAAAAAAAAAAAAAAAAAA,,Esomeprazole,Esoméprazole,Esomeprazol,,,,,,,Drug,N/A,,,,,,,,,,,,3426
75948AAAAAAAAAAAAAAAAAAAAAAAAAAAAAAA,,Ethambutol,Ethambutol,Etambutol,E,,,Anti-mycobaterial drug used to treat active tuberculosis. Always used with other antimycobacterial agents.,,,Drug,N/A,,,,,,,,,,,,3427
75984AAAAAAAAAAAAAAAAAAAAAAAAAAAAAAA,,Ethosuximide,Ethosuximide,Etosuximida,,,,,,,Drug,N/A,,,,,,,,,,,,3428
75990AAAAAAAAAAAAAAAAAAAAAAAAAAAAAAA,,Ethyl chloride,Chlorure d'éthyle,Cloruro de etilo,,,,,,,Drug,N/A,,,,,,,,,,,,3429
76178AAAAAAAAAAAAAAAAAAAAAAAAAAAAAAA,,Famotidine,Famotidine,Famotidina,,,,,,,Drug,N/A,,,,,,,,,,,,3430
76272AAAAAAAAAAAAAAAAAAAAAAAAAAAAAAA,,Fentanyl,Fentanyl,Fentanilo,,,,,,,Drug,N/A,,,,,,,,,,,,3431
76488AAAAAAAAAAAAAAAAAAAAAAAAAAAAAAA,,Fluconazole,Fluconazole,Fluconazol,,,,,,,Drug,N/A,,,,,,,,,,,,3432
76552AAAAAAAAAAAAAAAAAAAAAAAAAAAAAAA,,Fluoxetine,Fluoxétine,Fluoxetina,,,,,,,Drug,N/A,,,,,,,,,,,,3433
76613AAAAAAAAAAAAAAAAAAAAAAAAAAAAAAA,,Folic acid,Acide folique,Preparado con ácido fólico,,,,,,,Drug,N/A,,,,,,,,,,,,3434
76624AAAAAAAAAAAAAAAAAAAAAAAAAAAAAAA,,Fomepizole,Fomépizole,Fomepizol,,,,,,,Drug,N/A,,,,,,,,,,,,3435
768AAAAAAAAAAAAAAAAAAAAAAAAAAAAAAAAA,,Isoniazid / pyrazinamide / rifampin,Isoniazide / pyrazinamide / rifampine,"Rifampicina, isoniazida y pirazinamida",,,,Combination drug also known as Rifater.  Used in the early treatment of tuberculosis.,,,Drug,N/A,,,,,,,,,,,,3436
77335AAAAAAAAAAAAAAAAAAAAAAAAAAAAAAA,,Haloperidol,Halopéridol,Haloperidol,,,,,,,Drug,N/A,,,,,,,,,,,,3437
77413AAAAAAAAAAAAAAAAAAAAAAAAAAAAAAA,,Heparin,Héparine non fractionnée,Heparina,,,,,,,Drug,N/A,,,,,,,,,,,,3438
77414AAAAAAAAAAAAAAAAAAAAAAAAAAAAAAA,,Heparin sodium,Héparine sodique,Heparina sódica,,,,,,,Drug,N/A,,,,,,,,,,,,3439
77419AAAAAAAAAAAAAAAAAAAAAAAAAAAAAAA,,Heparinoids,Héparinides,Heparinoide,,,,,,,Drug,N/A,,,,,,,,,,,,3440
77696AAAAAAAAAAAAAAAAAAAAAAAAAAAAAAA,,Hydrochlorothiazide,Hydrochlorothiazide,Hidroclorotiazida,HCTZ,HCZTZ,,,,,Drug,N/A,,,,,,,,,,,,3441
77897AAAAAAAAAAAAAAAAAAAAAAAAAAAAAAA,,Ibuprofen,Ibuprofène,Ácido p-isobutilhidratrópico,,,,,,,Drug,N/A,,,,,,,,,,,,3442
78171AAAAAAAAAAAAAAAAAAAAAAAAAAAAAAA,,Iopanoic acid,,Ácido yopanoico,,,,,,,Drug,N/A,,,,,,,,,,,,3443
78258AAAAAAAAAAAAAAAAAAAAAAAAAAAAAAA,,Isoflurane,Isoflurane,Isoflurano,,,,,,,Drug,N/A,,,,,,,,,,,,3444
78342AAAAAAAAAAAAAAAAAAAAAAAAAAAAAAA,,Ivermectin,Ivermectine,Ivermectina,,,,,,,Drug,N/A,,,,,,,,,,,,3445
78468AAAAAAAAAAAAAAAAAAAAAAAAAAAAAAA,,Ketamine hydrochloride,Kétamine chlorhydrate,Clorhidrato de cetamina,,,,,,,Drug,N/A,,,,,,,,,,,,3446
78632AAAAAAAAAAAAAAAAAAAAAAAAAAAAAAA,,Lactulose,Lactulose,Lactulosa,,,,,,,Drug,N/A,,,,,,,,,,,,3447
78764AAAAAAAAAAAAAAAAAAAAAAAAAAAAAAA,,Levamisole,Lévamisole,Tetramisol,,,,,,,Drug,N/A,,,,,,,,,,,,3448
78796AAAAAAAAAAAAAAAAAAAAAAAAAAAAAAA,,Levonorgestrel,Lévonorgestrel,Levonorgestrel,,,,,,,Drug,N/A,,,,,,,,,,,,3449
78809AAAAAAAAAAAAAAAAAAAAAAAAAAAAAAA,,Levothyroxine sodium,Sodium de lévothyroxine,Preparado con levotiroxina sódica,,,,,,,Drug,N/A,,,,,,,,,,,,3450
78849AAAAAAAAAAAAAAAAAAAAAAAAAAAAAAA,,Lidocaine,Lidocaïne,Lignocaína,,,,,,,Drug,N/A,,,,,,,,,,,,3451
78945AAAAAAAAAAAAAAAAAAAAAAAAAAAAAAA,,Lisinopril,Lisinopril,Lisinopril,,,,,,,Drug,N/A,,,,,,,,,,,,3452
79037AAAAAAAAAAAAAAAAAAAAAAAAAAAAAAA,,Loperamide,Lopéramide,Loperamida,,,,,,,Drug,N/A,,,,,,,,,,,,3453
79054AAAAAAAAAAAAAAAAAAAAAAAAAAAAAAA,,Lorazepam,Lorazépam,Loracepam,,,,,,,Drug,N/A,,,,,,,,,,,,3454
79241AAAAAAAAAAAAAAAAAAAAAAAAAAAAAAA,,Magnesium phosphate,Phosphate de magnésium,Fosfato de magnesio,,,,,,,Drug,N/A,,,,,,,,,,,,3455
79247AAAAAAAAAAAAAAAAAAAAAAAAAAAAAAA,,Magnesium sulfate,Sulfate de magnésium,Sulfato de magnesio,,,,,,,Drug,N/A,,,,,,,,,,,,3456
79413AAAAAAAAAAAAAAAAAAAAAAAAAAAAAAA,,Mebendazole,Mébendazole,Mebendazol,,,,,,,Drug,N/A,,,,,,,,,,,,3457
79575AAAAAAAAAAAAAAAAAAAAAAAAAAAAAAA,,Meperidine hydrochloride,Pethidine chlorhydrate,Clorhidrato de meperidina,,,,,,,Drug,N/A,,,,,,,,,,,,3458
79651AAAAAAAAAAAAAAAAAAAAAAAAAAAAAAA,,Metformin,Metformine,Metformina,,,,A drug for treatment of type 2 diabetes,,,Drug,N/A,,,,,,,,,,,,3459
79662AAAAAAAAAAAAAAAAAAAAAAAAAAAAAAA,,Methadone hydrochloride,Méthadone chlorhydrate,,,,,,,,Drug,N/A,,,,,,,,,,,,3460
79782AAAAAAAAAAAAAAAAAAAAAAAAAAAAAAA,,Metronidazole,Metronidazole,Metronidazol,,,,,,,Drug,N/A,,,,,,,,,,,,3461
79853AAAAAAAAAAAAAAAAAAAAAAAAAAAAAAA,,Midazolam,Midazolam,Midazolam,,,,,,,Drug,N/A,,,,,,,,,,,,3462
80106AAAAAAAAAAAAAAAAAAAAAAAAAAAAAAA,,Morphine,Morphine,Morfina,,,,,,,Drug,N/A,,,,,,,,,,,,3463
80107AAAAAAAAAAAAAAAAAAAAAAAAAAAAAAA,,Morphine hydrochloride,Morphine chlorhydrate,,,,,,,,Drug,N/A,,,,,,,,,,,,3464
80109AAAAAAAAAAAAAAAAAAAAAAAAAAAAAAA,,Morphine sulfate,Morphine sulfate,Sulfato de morfina,,,,,,,Drug,N/A,,,,,,,,,,,,3465
80368AAAAAAAAAAAAAAAAAAAAAAAAAAAAAAA,,Naloxone hydrochloride,Naloxone (chlorhydrate),,,,,,,,Drug,N/A,,,,,,,,,,,,3466
80586AAAAAAAAAAAAAAAAAAAAAAAAAAAAAAA,,Nevirapine,Névirapine,Nevirapina,NVP,,,,,,Drug,N/A,,,,,,,,,,,,3467
80603AAAAAAAAAAAAAAAAAAAAAAAAAAAAAAA,,Niclosamide,Niclosamide,Niclosamida,,,,,,,Drug,N/A,,,,,,,,,,,,3468
80719AAAAAAAAAAAAAAAAAAAAAAAAAAAAAAA,,Nitrous oxide,Protoxyde d'azote,Óxido nitroso,,,,,,,Drug,N/A,,,,,,,,,,,,3469
80945AAAAAAAAAAAAAAAAAAAAAAAAAAAAAAA,,Nystatin,Nystatine,Nistatina,,,,,,,Drug,N/A,,,,,,,,,,,,3470
81073AAAAAAAAAAAAAAAAAAAAAAAAAAAAAAA,,Ondansetron,Ondansetron,Ondansetrona,,,,,,,Drug,N/A,,,,,,,,,,,,3471
81287AAAAAAAAAAAAAAAAAAAAAAAAAAAAAAA,,Oxamniquine,Oxamniquine,,,,,,,,Drug,N/A,,,,,,,,,,,,3472
81332AAAAAAAAAAAAAAAAAAAAAAAAAAAAAAA,,Oxycodone,Oxycodone,Oxicodona,,,,,,,Drug,N/A,,,,,,,,,,,,3473
81341AAAAAAAAAAAAAAAAAAAAAAAAAAAAAAA,,Oxygen,Oxygène,Oxígeno,,,,,,,Drug,N/A,,,,,,,,,,,,3474
81457AAAAAAAAAAAAAAAAAAAAAAAAAAAAAAA,,P-aminosalicylic acid,,Ácido aminosalicílico,PAS,,,Anti-folate used in drug-resistant TB treatment. (Short name from WHO),,,Drug,N/A,,,,,,,,,,,,3475
81723AAAAAAAAAAAAAAAAAAAAAAAAAAAAAAA,,Penicillamine,Penicillamine,"Beta,beta-dimetilcisteína",,,,,,,Drug,N/A,,,,,,,,,,,,3476
81725AAAAAAAAAAAAAAAAAAAAAAAAAAAAAAA,,Penicillin G,Pénicilline G,Bencilpenicilina,,,,,,,Drug,N/A,,,,,,,,,,,,3477
81746AAAAAAAAAAAAAAAAAAAAAAAAAAAAAAA,,Pentazocine,Pentazocine,Pentazocina,,,,,,,Drug,N/A,,,,,,,,,,,,3478
81951AAAAAAAAAAAAAAAAAAAAAAAAAAAAAAA,,Phenobarbital,Phénobarbital,Fenobarbital,,,,,,,Drug,N/A,,,,,,,,,,,,3479
82023AAAAAAAAAAAAAAAAAAAAAAAAAAAAAAA,,Phenytoin,Phénytoïne,Difenilhidantoína,,,,,,,Drug,N/A,,,,,,,,,,,,3480
82215AAAAAAAAAAAAAAAAAAAAAAAAAAAAAAA,,Pneumococcal vaccine,Vaccin pneumocoque,Vacuna pneumocóccica,,,,,,,Drug,N/A,,,,,,,,,,,,3481
82416AAAAAAAAAAAAAAAAAAAAAAAAAAAAAAA,,Praziquantel,Praziquantel,Prazicuantel,,,,,,,Drug,N/A,,,,,,,,,,,,3482
82726AAAAAAAAAAAAAAAAAAAAAAAAAAAAAAA,,Propofol,Propofol,Propofol,,,,,,,Drug,N/A,,,,,,,,,,,,3483
82899AAAAAAAAAAAAAAAAAAAAAAAAAAAAAAA,,Pyrantel pamoate,Pyrantel pamoate,,,,,,,,Drug,N/A,,,,,,,,,,,,3484
83531AAAAAAAAAAAAAAAAAAAAAAAAAAAAAAA,,"Rotavirus vaccine, live",Vaccin Rotavirus attenue,,,,,,,,Drug,N/A,,,,,,,,,,,,3485
83645AAAAAAAAAAAAAAAAAAAAAAAAAAAAAAA,,Salicylic acid,,Ácido salicílico,,,,,,,Drug,N/A,,,,,,,,,,,,3486
84037AAAAAAAAAAAAAAAAAAAAAAAAAAAAAAA,,Sodium alginate,,Alginato sódico,,,,,,,Drug,N/A,,,,,,,,,,,,3487
84080AAAAAAAAAAAAAAAAAAAAAAAAAAAAAAA,,Sodium nitrite,Nitrite de sodium,Nitrito de sodio,,,,,,,Drug,N/A,,,,,,,,,,,,3488
84360AAAAAAAAAAAAAAAAAAAAAAAAAAAAAAA,,Streptomycin,Streptomycine,Estreptomicina,S,,,,,,Drug,N/A,,,,,,,,,,,,3489
84386AAAAAAAAAAAAAAAAAAAAAAAAAAAAAAA,,Succimer,Succimer,,,,,,,,Drug,N/A,,,,,,,,,,,,3490
84459AAAAAAAAAAAAAAAAAAAAAAAAAAAAAAA,,Sulfadiazine,Sulfadiazine,Sulfadiazina,,,,,,,Drug,N/A,,,,,,,,,,,,3491
84462AAAAAAAAAAAAAAAAAAAAAAAAAAAAAAA,,Sulfadoxine,Sulfadoxine,Sulfadoxina,,,,,,,Drug,N/A,,,,,,,,,,,,3492
84879AAAAAAAAAAAAAAAAAAAAAAAAAAAAAAA,,Tetanus toxoid,Tetanus toxoid,Vacuna antitetánica,,,,,,,Drug,N/A,,,,,,,,,,,,3493
84880AAAAAAAAAAAAAAAAAAAAAAAAAAAAAAA,,Tetanus toxoid adsorbed,,Toxoide tetánico adsorbido,,,,,,,Drug,N/A,,,,,,,,,,,,3494
84893AAAAAAAAAAAAAAAAAAAAAAAAAAAAAAA,,Tetracycline,Tétracycline,Tetraciclina,,,,,,,Drug,N/A,,,,,,,,,,,,3495
85249AAAAAAAAAAAAAAAAAAAAAAAAAAAAAAA,,Torasemide,,Torasemida,,,,,,,Drug,N/A,,,,,,,,,,,,3496
85275AAAAAAAAAAAAAAAAAAAAAAAAAAAAAAA,,Tramadol,Tramadol,Tramadol,,,,,,,Drug,N/A,,,,,,,,,,,,3497
85286AAAAAAAAAAAAAAAAAAAAAAAAAAAAAAA,,Tranexamic acid,,Ácido tranexámico,,,,,,,Drug,N/A,,,,,,,,,,,,3498
86052AAAAAAAAAAAAAAAAAAAAAAAAAAAAAAA,,Valproic acid,Acide valproïque,Ácido valproico,,,,,,,Drug,N/A,,,,,,,,,,,,3499
86155AAAAAAAAAAAAAAAAAAAAAAAAAAAAAAA,,Venlafaxine,,Venlafaxina,,,,,,,Drug,N/A,,,,,,,,,,,,3500
86339AAAAAAAAAAAAAAAAAAAAAAAAAAAAAAA,,Vitamin A,Vitamine A,Vitamina A,,,,,,,Drug,N/A,,,,,,,,,,,,3501
907AAAAAAAAAAAAAAAAAAAAAAAAAAAAAAAAA,,Medroxyprogesterone acetate,Acétate medroxyprogestérone,Acetato de medroxiprogesterona,,,,"A synthetic steroid progestational hormone C24H34O4 that is used especially in the treatment of amenorrhea and abnormal uterine bleeding, in conjunction with conjugated estrogens to relieve the symptoms of menopause and to prevent osteoporosis, and as an injectable contraceptive.",,,Drug,N/A,,,,,,,,,,,,3502
91e52c3a-c901-41e7-a53d-cf40f9d59f9f,,Emtricitabine / rilpivirine / tenofovir alafenamide,,,,,,Anti-retroviral (ARV) combination drug,,,Drug,N/A,,,,,,,,,,,,3503
924AAAAAAAAAAAAAAAAAAAAAAAAAAAAAAAAA,,Sulfadoxine and pyrimethamine,Fansidar,Pirimetamina y sulfadoxina,,,,Antimalarial prophylactic and therapy.  Also being used for PCP treatment.,,,Drug,N/A,,,,,,,,,,,,3504
931AAAAAAAAAAAAAAAAAAAAAAAAAAAAAAAAA,,Amitriptyline,Amitriptyline,Amitriptilina,,,,A tricyclic antidepressant drug C20H23N that is administered in the form of its hydrochloride salt and has been used to treat migraine headaches and neuropathic pain as well as depression.,,,Drug,N/A,,,,,,,,,,,,3505
b0b9b204-de1f-430b-a55a-56e08a72e926,,Lamivudine / raltegravir,,,,,,,,,Drug,N/A,,,,,,,,,,,,3506
b568a6e6-f4e7-4632-a65e-b7d185e5e1d7,,Emtricitabine / tenofovir alafenamide,,,FTC/TAF,,,,,,Drug,N/A,,,,,,,,,,,,3507
c0854602-6e51-422e-a4e5-45e263e9d3e0,,Tenofovir alafenamide,,,,,,,,,Drug,N/A,,,,,,,,,,,,3508
f01f4a5f-198f-4d1f-a950-94a161863223,,Isoniazid / Rifapentine,,,,,,Fixed combination medication with INH and Rifapentine,,,Drug,N/A,,,,,,,,,,,,3509
162170AAAAAAAAAAAAAAAAAAAAAAAAAAAAAA,,Sulfonamides,Sulfamides,Preparado oftálmico con sulfonamida,,,,Class of antibiotic or substance,,,Pharmacologic Drug Class,N/A,,,,,,,,,,,,3510
162297AAAAAAAAAAAAAAAAAAAAAAAAAAAAAA,,Penicillins,Pénicillines,,,,,,,,Pharmacologic Drug Class,N/A,,,,,,,,,,,,3511
162298AAAAAAAAAAAAAAAAAAAAAAAAAAAAAA,,ACE inhibitors,Enzyme de conversion classe des inhibiteurs de la drogue,Agente inhibidor de la enzima convertidora de angiotensina,ACE-I,,,,,,Pharmacologic Drug Class,N/A,,,,,,,,,,,,3512
162299AAAAAAAAAAAAAAAAAAAAAAAAAAAAAA,,ARBs (angiotensin II receptor blockers),l'angiotensine II antagonistes des récepteurs,Antagonista del receptor de angiotensina II,,,,,,,Pharmacologic Drug Class,N/A,,,,,,,,,,,,3513
162301AAAAAAAAAAAAAAAAAAAAAAAAAAAAAA,,Cephalosporins,Céphalosporines,Cefalosporina (clase de antibiótico),,,,Drug class containing all Cephalosporin generations,,,Pharmacologic Drug Class,N/A,,,,,,,,,,,,3514
162302AAAAAAAAAAAAAAAAAAAAAAAAAAAAAA,,Erythromycins,Erythromycines,Macrólido (clase de antibiótico),,,,,,,Pharmacologic Drug Class,N/A,,,,,,,,,,,,3515
162305AAAAAAAAAAAAAAAAAAAAAAAAAAAAAA,,Heparins,Héparines,,,,,,,,Pharmacologic Drug Class,N/A,,,,,,,,,,,,3516
162306AAAAAAAAAAAAAAAAAAAAAAAAAAAAAA,,NSAIDs,Non stéroïdiens agent anti-inflammatoire classe de médicaments,Droga antiinflamatoria no esteroide,,,,,,,Pharmacologic Drug Class,N/A,,,,,,,,,,,,3517
162307AAAAAAAAAAAAAAAAAAAAAAAAAAAAAA,,Statins,Les statines,Inhibidor de la HMG-CoA reductasa,,,,,,,Pharmacologic Drug Class,N/A,,,,,,,,,,,,3518
164813AAAAAAAAAAAAAAAAAAAAAAAAAAAAAA,,Male condom,Préservatif masculin,"Preservativo masculino, dispositivo",,,,,,,Medical supply,N/A,,,,,,,,,,,,3519
164814AAAAAAAAAAAAAAAAAAAAAAAAAAAAAA,,Female condom,Préservatif féminin,"Preservativo femenino, dispositivo",,,,,,,Medical supply,N/A,,,,,,,,,,,,3520
166451AAAAAAAAAAAAAAAAAAAAAAAAAAAAAA,,Abbott Determine(R) test kit,,,Determine test kit,,,,,,Medical supply,N/A,,,,,,,,,,,,3521
166452AAAAAAAAAAAAAAAAAAAAAAAAAAAAAA,,Premier first Response(R) Test kit,,,First response test kit,,,HIV test kit,,,Medical supply,N/A,,,,,,,,,,,,3522
3de9db8a-32a2-4518-8887-c8f25208dade,,One step HIV 1/2 testing kit,,,,,,,,,Medical supply,N/A,,,,,,,,,,,,3523
9c4011c2-2579-49cf-ab53-93d009f03e7b,,Trinity Biotech trinscreen HIV test kit,,,,,,,,,Medical supply,N/A,,,,,,,,,,,,3524
d13e34a7-d35d-43bc-88d2-b8ae3c6ecba1,,Stat Pak(R) HIV Test kit,,,,,,,,,Medical supply,N/A,,,,,,,,,,,,3525
1195AAAAAAAAAAAAAAAAAAAAAAAAAAAAAAAA,,Antibiotics,,Antibiótico,,,,Drugs used to prevent and treat infections from microorganisms.,,,MedSet,N/A,,,,,,,,,,,,3526
160570AAAAAAAAAAAAAAAAAAAAAAAAAAAAAA,,Emergency contraceptive pills,Pilules contraceptives d'urgence,,Emergency contraception,,,The method of contraception which can be used after sexual intercourse to prevent pregnancy. This should just be for emergency cases where the sexual intercourse happened without protection and the partners do not want pregnancy. This should not be used as a general method of contraception.,,,MedSet,N/A,,,,,,,,,,,,3527
5279AAAAAAAAAAAAAAAAAAAAAAAAAAAAAAAA,,Injectable contraceptives,Contraceptifs injectables,,,,,Injectable medicines which enable deliberate prevention of conception or impregnation.,,,MedSet,N/A,,,,,,,,,,,,3528
5839AAAAAAAAAAAAAAAAAAAAAAAAAAAAAAAA,,Antimalarial medications,Medicaments anti-paludiques,,,,,Set (and answer) to a series of antimalarial medications used within this setting.,,,MedSet,N/A,,,,,,,,,,,,3529
5841AAAAAAAAAAAAAAAAAAAAAAAAAAAAAAAA,,Herbal traditional medications,Traitement Traditionnelle,Medicina herbal,,,,Potential future set (and answer) to a series of herbal medications used within this setting.,,,MedSet,N/A,,,,,,,,,,,,3530
5843AAAAAAAAAAAAAAAAAAAAAAAAAAAAAAAA,,Minerals iron supplements,Supplements en mineraux de fer,,,,,A set (and answer) of mineral nutrients given as supplements.,,,MedSet,N/A,,,,,,,,,,,,3531
780AAAAAAAAAAAAAAAAAAAAAAAAAAAAAAAAA,,Oral contraception,Contraceptifs oraux,Anticoncepción oral,,,,Female contraception method.  Ultimately will make a good MedSet.,CONTRACEPTION ORALE,,MedSet,N/A,,,,,,,,,,,,3532
1010AAAAAAAAAAAAAAAAAAAAAAAAAAAAAAAA,,Lipid panel,Panel lipides,Perfil de lípidos,Lipids,,,"Blood test, composed of cholesterol, HDL, LDL, and triglyceride levels.",,,LabSet,N/A,,,,,,,,,,,,3533
1019AAAAAAAAAAAAAAAAAAAAAAAAAAAAAAAA,,Complete blood count,Numération globulaire complète,Recuento sanguíneo completo,CBC,,,"A broad screening test to check for such disorders as anemia, infection, and many other diseases. Includes white blood cell count, red blood cell count, hemoglobin, hematocrit, indices (MCV, MCH, MCHC, RDW), and often includes platelet count.",,,LabSet,N/A,,,,,,,,,,,,3534
159981AAAAAAAAAAAAAAAAAAAAAAAAAAAAAA,,Tuberculosis culture construct,Modèle de la culture pour la tuberculose,,,,,Contains concepts related to tuberculosis culture.,,,LabSet,N/A,,,,,,,,,,,,3535
161152AAAAAAAAAAAAAAAAAAAAAAAAAAAAAA,,Prothrombin time (with INR),,,PT with INR,,,Measurement of prothrombin time with international normalized ratio (INR). This test measures the extrinsic pathway of coagulation.,,,LabSet,N/A,,,,,,,,,,,,3536
161422AAAAAAAAAAAAAAAAAAAAAAAAAAAAAA,,Hemoglobin with electrophoresis,,,,,,,,,LabSet,N/A,,,,,,,,,,,,3537
161424AAAAAAAAAAAAAAAAAAAAAAAAAAAAAA,,Red blood cell morphology,Morphologie globules rouges,,,,,,,,LabSet,N/A,,,,,,,,,,,,3538
161426AAAAAAAAAAAAAAAAAAAAAAAAAAAAAA,,Malarial parasites by smear test,Parasites paludéens par test frottis,,,,,,,,LabSet,N/A,,,,,,,,,,,,3539
161431AAAAAAAAAAAAAAAAAAAAAAAAAAAAAA,,Sickling test only,,,,,,,,,LabSet,N/A,,,,,,,,,,,,3540
161446AAAAAAAAAAAAAAAAAAAAAAAAAAAAAA,,Routine urine,Urine de routine,,,,,,,,LabSet,N/A,,,,,,,,,,,,3541
161451AAAAAAAAAAAAAAAAAAAAAAAAAAAAAA,,Stool test,Examen direct des selles,,,,,,,,LabSet,N/A,,,,,,,,,,,,3542
161461AAAAAAAAAAAAAAAAAAAAAAAAAAAAAA,,Acid fast bacilli test,Coloration de Ziehl,Tinción acidorresistente,AFB test,,,,,,LabSet,N/A,,,,,,,,,,,,3543
161473AAAAAAAAAAAAAAAAAAAAAAAAAAAAAA,,Blood grouping test,Panel groupage sanguin,Tipificación de grupo sanguíneo,,,,,,,LabSet,N/A,,,,,,,,,,,,3544
161474AAAAAAAAAAAAAAAAAAAAAAAAAAAAAA,,Hepatitis C serological panel,Panel sérologique de l'hépatite C,,,,,,,,LabSet,N/A,,,,,,,,,,,,3545
161475AAAAAAAAAAAAAAAAAAAAAAAAAAAAAA,,Hepatitis B serological test,Test anticorps anticorps anti-hépatite B,,,,,,,,LabSet,N/A,,,,,,,,,,,,3546
161477AAAAAAAAAAAAAAAAAAAAAAAAAAAAAA,,Typhoid serological test,Test sérologique typhoïde,Título de anticuerpos anti - agente etiológico de fiebre entérica,,,,,,,LabSet,N/A,,,,,,,,,,,,3547
161480AAAAAAAAAAAAAAAAAAAAAAAAAAAAAA,,Human immunodeficiency virus serological test,,,,,,,,,LabSet,N/A,,,,,,,,,,,,3548
161483AAAAAAAAAAAAAAAAAAAAAAAAAAAAAA,,Serum chemistry panel,,,,,,,,,LabSet,N/A,,,,,,,,,,,,3549
161486AAAAAAAAAAAAAAAAAAAAAAAAAAAAAA,,Culture panel,Panel Culture,Cultivo microbiano,,,,,,,LabSet,N/A,,,,,,,,,,,,3550
161488AAAAAAAAAAAAAAAAAAAAAAAAAAAAAA,,Renal function panel,Panel de la fonction rénale,,,,,,,,LabSet,N/A,,,,,,,,,,,,3551
161501AAAAAAAAAAAAAAAAAAAAAAAAAAAAAA,,C-reactive protein test,test de la protéine C-réactive,,CRP test,,,,,,LabSet,N/A,,,,,,,,,,,,3552
161514AAAAAAAAAAAAAAAAAAAAAAAAAAAAAA,,Glucose 6 phosphate dehydrogenase,Glucose 6 phosphate déshydrogénase,,G6PD,,,,,,LabSet,N/A,,,,,,,,,,,,3553
161515AAAAAAAAAAAAAAAAAAAAAAAAAAAAAA,,Lipase test,Test lipase,,,,,,,,LabSet,N/A,,,,,,,,,,,,3554
161520AAAAAAAAAAAAAAAAAAAAAAAAAAAAAA,,Prostate specific antigen test,Antigène spécifique de prostate (PSA),Prueba de antígeno prostático específico,PSA test,,,,,,LabSet,N/A,,,,,,,,,,,,3555
162630AAAAAAAAAAAAAAAAAAAAAAAAAAAAAA,,Basic metabolic panel,,,BMP,,,,,,LabSet,N/A,,,,,,,,,,,,3556
163625AAAAAAAAAAAAAAAAAAAAAAAAAAAAAA,,Toxoplasma gondii IgG and IgM panel - serum,Panel Toxoplasmose gondii IgG et IgM  - Sérum,,,,,A group of lab tests to determine the presence of Toxoplasma IgG or IgM in serum.,,,LabSet,N/A,,,,,,,,,,,,3557
163679AAAAAAAAAAAAAAAAAAAAAAAAAAAAAA,,Bacterial culture panel,Panel culture bactérienne,,,,,A group of lab tests dealing with bacteria cultures.,,,LabSet,N/A,,,,,,,,,,,,3558
163697AAAAAAAAAAAAAAAAAAAAAAAAAAAAAA,,Urine microscopy panel,Panel de Microscopie d'urine,,,,,A lab panel containing urine tests done with a microscope.,,,LabSet,N/A,,,,,,,,,,,,3559
163701AAAAAAAAAAAAAAAAAAAAAAAAAAAAAA,,Complete blood count with manual count and manual differential,Numération sanguine complète avec numération manuelle et différentielle manuelle,"Hemograma completo con recuento diferencial de leucocitos, manual",,,,"A broad screening test to check for such disorders as anemia, infection, and many other diseases. Includes white blood cell count, red blood cell count, hemoglobin, hematocrit, neutrophils, lymphocytes, monocytes, eosinophils and basophils.",,,LabSet,N/A,,,,,,,,,,,,3560
163708AAAAAAAAAAAAAAAAAAAAAAAAAAAAAA,,Glucose tolerance test 5 specimens (75g) panel,"Panel glucose test de tolérance, 5 Specimens (75g)",,,,,A series of tests to measure blood glucose over a 4-hour period of time after drinking a 75 gram bottle of glucose solution.,,,LabSet,N/A,,,,,,,,,,,,3561
164945AAAAAAAAAAAAAAAAAAAAAAAAAAAAAA,,GeneXpert MTB/Rif lab set,Ensemble laboratoire GeneXpert MTB/Rif,,,,,,,,LabSet,N/A,,,,,,,,,,,,3562
166374AAAAAAAAAAAAAAAAAAAAAAAAAAAAAA,,Comprehensive metabolic panel,,Panel metabólico completo,,,,,,,LabSet,N/A,,,,,,,,,,,,3563
5473AAAAAAAAAAAAAAAAAAAAAAAAAAAAAAAA,,Serum electrolytes,Electrolytes sériques,Medición de electrólitos en suero,,,,Serum electrolyte chemistry panel.,,,LabSet,N/A,,,,,,,,,,,,3564
657AAAAAAAAAAAAAAAAAAAAAAAAAAAAAAAAA,,CD4 panel,Panel CD4,,,,,"Breakdown of lymphocytes by surface receptors, including counts, percentiles and ratios.",,,LabSet,N/A,,,,,,,,,,,,3565
7b2b551b-cb88-49bd-bc17-0f359070032c,,Kidney function test set,,,,,,,,,LabSet,N/A,,,,,,,,,,,,3566
885499fa-ba0f-43bf-9fdb-6f1a07f5b8bc,,Urine macroscopy panel (dipstick),,,,,,,,,LabSet,N/A,,,,,,,,,,,,3567
953AAAAAAAAAAAAAAAAAAAAAAAAAAAAAAAAA,,Liver function tests,Tests des fonctions du foie,Grupo de pruebas de la función hepática,,,,Laboratory set of tests of liver function.,,,LabSet,N/A,,,,,,,,,,,,3568
a48601a5-1f8d-4e28-8020-fc570063f6a6,,Cerebrospinal fluid panel,Panel de liquide céphalo-rachidien,,,,,,,,LabSet,N/A,,,,,,,,,,,,3569
159615AAAAAAAAAAAAAAAAAAAAAAAAAAAAAA,,Review of systems,Examen des systèmes,Revisión de sistemas,ROS,,,Overarching set of systems for review,,,ConvSet,Coded,,,,,,,,,,,,3570
159947AAAAAAAAAAAAAAAAAAAAAAAAAAAAAA,,Visit diagnoses,Visite diagnostic,,,,,The set of diagnoses that were either addressed or diagnosed during the current visit,,,ConvSet,N/A,,,,,,,,,,,,3571
160002AAAAAAAAAAAAAAAAAAAAAAAAAAAAAA,,Mycobacterium tuberculosis complex,Complexe Mycobacterium tuberculosis,Complejo Mycobacterium,M. tuberculosis complex,,,Group of organisms which cause tuberculosis,,,ConvSet,N/A,,,,,,,,,,,,3572
160714AAAAAAAAAAAAAAAAAAAAAAAAAAAAAA,,Procedure History,Procédure histoire,,PSx history,,,,,,ConvSet,N/A,,,,,,,,,,,,3573
162384AAAAAAAAAAAAAAAAAAAAAAAAAAAAAA,,Dosing unit,Unité de dosage,Unidad de dosis,Dose unit,,,,,,ConvSet,N/A,,,,,,,,,,,,3574
162394AAAAAAAAAAAAAAAAAAAAAAAAAAAAAA,,Routes of administration,Voies d'administration,Vía de administración,,,,,,,ConvSet,N/A,,,,,,,,,,,,3575
162402AAAAAAAAAAAAAAAAAAAAAAAAAAAAAA,,Dispensing units,Unités de distribution,,,,,,,,ConvSet,N/A,,,,,,,,,,,,3576
162552AAAAAAAAAAAAAAAAAAAAAAAAAAAAAA,,Reference application common drug allergens,Application de référence allergènes médicamenteux communs,,,,,A convenience set to allow for easy selection of common drug allergens,,,ConvSet,N/A,,,,,,,,,,,,3577
162553AAAAAAAAAAAAAAAAAAAAAAAAAAAAAA,,Reference application common food allergens,Application de référence allergènes alimentaires communs,,,,,A convenience set to allow for easy selection of common food allergens,,,ConvSet,N/A,,,,,,,,,,,,3578
162554AAAAAAAAAAAAAAAAAAAAAAAAAAAAAA,,Reference application common environmental allergens,Application de référence allergènes environnementaux communs,,,,,A convenience set to allow for easy selection of common environmental allergens,,,ConvSet,N/A,,,,,,,,,,,,3579
162555AAAAAAAAAAAAAAAAAAAAAAAAAAAAAA,,Reference application allergic reactions,Application de référence réactions allergiques,,,,,A convenience set of reactions to allergens for documenting allergy history,,,ConvSet,N/A,,,,,,,,,,,,3580
163029AAAAAAAAAAAAAAAAAAAAAAAAAAAAAA,,Imaging procedure history,,,,,,,,,ConvSet,N/A,,,,,,,,,,,,3581
167157AAAAAAAAAAAAAAAAAAAAAAAAAAAAAA,,Medication dispense status,,,,,,http://hl7.org/fhir/CodeSystem/medicationdispense-status,,,ConvSet,N/A,,,,,,,,,,,,3582
1748a953-d12e-4be1-914c-f6b096c6cdef,,Tests Orderability,Prescriptibilité des analyses,,,,,Tells OpenMRS which lab tests and investigations are available to be ordered.,,,ConvSet,Coded,,,,,,,,,,,,3583
2462a9d7-61fb-4bf5-9359-aedecb8d03cb,,Medication dispense status reason,,,,,,,,,ConvSet,N/A,,,,,,,,,,,,3584
2de6e1be-f2dd-4ba0-9516-8a611aa2af9b,,SubstanceAdminSubstitutionReason,,,,,,REF: http://terminology.hl7.org/ValueSet/v3-SubstanceAdminSubstitutionReason,,,ConvSet,N/A,,,,,,,,,,,,3585
493a20d1-345a-407c-ba34-345050fa5538,,Allergens Options,,,,,,,,,ConvSet,Coded,,,,,,,,,,,,3586
77AAAAAAAAAAAAAAAAAAAAAAAAAAAAAAAAAA,,Mental disorders,Troubles mentaux,,,,,"Unspecified disorders of cognition (thinking ability) and/or emotions.  Any of various conditions characterized by impairment of an individual's normal cognitive, emotional, or behavioral functioning, and caused by social, psychological, biochemical, genetic, or other factors, such as infection or head trauma.",,,ConvSet,N/A,,,,,,,,,,,,3587
78063dec-b6d8-40c1-9483-dd4d3c3ca434,,Priority,Priorité,,,,,Demo priority levels for the Priority field in Queue flow.,,,ConvSet,N/A,,,,,,,,,,,,3588
81AAAAAAAAAAAAAAAAAAAAAAAAAAAAAAAAAA,,Congenital disorders,Anomalies congénitales,Trastornos congénitos,,,,unspecified problems present at birth,,,ConvSet,N/A,,,,,,,,,,,,3589
82b0871b-2368-4343-a9c8-54331241070d,,Chemistry,,,,,,,,,ConvSet,N/A,,,,,,,,,,,,3590
8904fa2b-6a8f-437d-89ec-6fce3cd99093,,Bloodwork,,,,,,,,,ConvSet,N/A,,,,,,,,,,,,3591
984AAAAAAAAAAAAAAAAAAAAAAAAAAAAAAAAA,,Immunizations,Immunisations,Vacunación,,,,Information gathered from the pediatric return visit form.  Captures basic information about immunizations administered during a visit.,,,ConvSet,Coded,,,,,,,,,,,,3592
9ceedfb7-60e4-42ce-a11e-f2dbabc82112,,Inpatient disposition construct,,,,,,,,,ConvSet,N/A,,,,,,,,,,,,3593
a8f3f64a-11d5-4a09-b0fb-c8118fa349f3,,Service,Service,,,,,"Service area description, e.g. Triage, Clinical Consult, etc.",,,ConvSet,N/A,,,,,,,,,,,,3594
ae485e65-2e3f-4297-b35e-c818bbefe894,,Hematology,,,,,,,,,ConvSet,N/A,,,,,,,,,,,,3595
b9c5bca0-d026-4245-a4d2-e4c0a8999082,,ActSubstanceAdminSubstitutionCode,,,,,,REF: http://terminology.hl7.org/ValueSet/v3-ActSubstanceAdminSubstitutionCode,,,ConvSet,N/A,,,,,,,,,,,,3596
d04b5070-a39c-4601-a9a2-7b443cc2ee95,,HIV test kits,,,,,,,,,ConvSet,N/A,,,,,,,,,,,,3597
d46dfc42-c29a-48d3-bec9-25963481b64f,,All Orderable Tests,Toutes les analyses prescrivables,,,,,"Parent to contain the Tests Orderability set, for easier viewing in the Lab Results Tree Filter view.",,,ConvSet,Coded,,,,,,,,,,,,3598
d60ffa60-fca6-4c60-aea9-a79469ae65c7,,Status,Statut,,,,,"Status, such as Waiting, Done, etc.",,,ConvSet,N/A,,,,,,,,,,,,3599
1145AAAAAAAAAAAAAAAAAAAAAAAAAAAAAAAA,,History of pneumonia,Histoire de la pneumonie,Antecedente de: neumonía,,,,"Historical history/exam finding captured on encounter form.  Purely gathered through history, and not a specific confirmed diagnosis.",,,Symptom/Finding,N/A,,,,,,,,,,,,3600
1861AAAAAAAAAAAAAAAAAAAAAAAAAAAAAAAA,,Nostril flaring,Dilatation des narines,Aleteo de la nariz,Nostril flaring,,,Opening of the nostrils/nares when breathing to increase airflow. Usually a sign of respiratory distress in newborns.,,,Symptom/Finding,Coded,,,,,,,,,,,,3601
5103AAAAAAAAAAAAAAAAAAAAAAAAAAAAAAAA,,Abdominal mass,,Masa abdominal,,,,Finding of an abdominal mass upon physical examination.,,,Symptom/Finding,N/A,,,,,,,,,,,,3602
512AAAAAAAAAAAAAAAAAAAAAAAAAAAAAAAAA,,Rash,Eruption cutanées,Erupción cutánea,,,,"DEF: Lesion of the skin. DESC: The history of the particular skin lesions is also important, including time and site of initial appearance, spread, change in appearance, and triggering factors. Visual inspection is the central evaluation tool; many skin diseases are diagnosed by the characteristic appearance or morphology of the lesions. REF: Merck Manual",,,Symptom/Finding,Coded,,,,,,,,,,,,3603
5226AAAAAAAAAAAAAAAAAAAAAAAAAAAAAAAA,,Weakness,Faiblesse,Debilidad,,,,The condition or quality of being weak.,,,Symptom/Finding,N/A,,,,,,,,,,,,3604
5312AAAAAAAAAAAAAAAAAAAAAAAAAAAAAAAA,,Joint swelling,Articulations gonflées,tumefacción articular,,,,Swelling / inflammation of any joint within the body.,,,Symptom/Finding,N/A,,,,,,,,,,,,3605
5544AAAAAAAAAAAAAAAAAAAAAAAAAAAAAAAA,,Weight gain,Gain de poids,Aumento de peso,,,,Sign Or Symptom In Last Month - Weight Gain,,,Symptom/Finding,N/A,,,,,,,,,,,,3606
5550AAAAAAAAAAAAAAAAAAAAAAAAAAAAAAAA,,Learning problems,,Problemas de aprendizaje,,,,Learning or educational problems.,,,Symptom/Finding,N/A,,,,,,,,,,,,3607
5957AAAAAAAAAAAAAAAAAAAAAAAAAAAAAAAA,,Productive cough,Toux grasse,tos productiva,,,,A cough that expels mucus or sputum from the respiratory tract.,,,Symptom/Finding,N/A,,,,,,,,,,,,3608
5961AAAAAAAAAAAAAAAAAAAAAAAAAAAAAAAA,,Shortness of breath at rest,,Disnea en reposo,SOB rest,,,Sensation of being out of breath while at rest.,,,Symptom/Finding,N/A,,,,,,,,,,,,3609
5963AAAAAAAAAAAAAAAAAAAAAAAAAAAAAAAA,Yes,Shortness of breath with exertion,,Falta de aire con el esfuerzo,SOB exertion,,,Sensation of being out of breath with exertion.,,,Symptom/Finding,N/A,,,,,,,,,,,,3610
5986AAAAAAAAAAAAAAAAAAAAAAAAAAAAAAAA,,History of jaundice,,Antecedente de: ictericia,,,,"Patient has or previously had jaundice, a yellowish discoloration of the skin.",,,Symptom/Finding,N/A,,,,,,,,,,,,3611
5989AAAAAAAAAAAAAAAAAAAAAAAAAAAAAAAA,,Menstruating,,Sangrado menstrual presente,,,,"Patient is actively menstruating, symptom.",,,Symptom/Finding,N/A,,,,,,,,,,,,3612
6005AAAAAAAAAAAAAAAAAAAAAAAAAAAAAAAA,,Focal weakness,,Debilidad focal,,,,Localized muscle weakness.,,,Symptom/Finding,N/A,,,,,,,,,,,,3613
6019AAAAAAAAAAAAAAAAAAAAAAAAAAAAAAAA,,Abdominal swelling,,Hinchazón abdominal,,,,Sweeling of the abdominal region.  Nonspecific symptom or finding.,,,Symptom/Finding,N/A,,,,,,,,,,,,3614
6023AAAAAAAAAAAAAAAAAAAAAAAAAAAAAAAA,,Irritability,Irritabilité,Irritabilidad,,,,The quality or state of being irritable; testiness or petulance.,,,Symptom/Finding,Coded,,,,,,,,,,,,3615
6031AAAAAAAAAAAAAAAAAAAAAAAAAAAAAAAA,,Poor appetite,Perte de l'apetit,Apetito alimentario disminuido,,,,Abnormally reduced appetite. Clinical manifestation consisting of a physiopathological lack or loss of appetite accompanied by an aversion to food and the inability to eat.,,,Symptom/Finding,N/A,,,,,,,,,,,,3616
6037AAAAAAAAAAAAAAAAAAAAAAAAAAAAAAAA,Yes,Memory problems,,,,,,Symptom which describes difficulties in remembering things.,,,Symptom/Finding,N/A,,,,,,,,,,,,3617
840AAAAAAAAAAAAAAAAAAAAAAAAAAAAAAAAA,,Haematuria,Hématurie,Hematuria,,,,The presence of blood or blood cells in the urine.,,,Symptom/Finding,N/A,,,,,,,,,,,,3618
0214c818-14e2-48f7-9eec-008e39e770aa,,Washout period,,,,,,The period of time when a drug or medication is still present in the system after it has been stopped.,,,Misc,N/A,,,,,,,,,,,,3619
04f6f7e0-e3cb-4e13-a133-4479f759574e,,Emergency,Cas d’urgence,,,,,"Priority level is ""Emergency"" or ""Emergent"".",,,Misc,N/A,,,,,,,,,,,,3620
0d7259f0-7068-4961-b7d3-93244277e1a3,,Formulary policy,,,,,,"Reason for decision. For substitution, indicates that the decision to substitute or to not substitute was driven by a policy expressed within the formulary.",,,Misc,N/A,,,,,,,,,,,,3621
1056AAAAAAAAAAAAAAAAAAAAAAAAAAAAAAAA,,Separated,Séparé,Separado,,,,Answer which describes a type of civil status.,,,Misc,N/A,,,,,,,,,,,,3622
1057AAAAAAAAAAAAAAAAAAAAAAAAAAAAAAAA,,Never married,Jamais marié(e) (célibataire),No casado anteriormente,,,,Answer which describes a type of civil status.,,,Misc,N/A,,,,,,,,,,,,3623
1058AAAAAAAAAAAAAAAAAAAAAAAAAAAAAAAA,,Divorced,Divorce,Divorciado,,,,Answer which describes a type of civil status.,,,Misc,N/A,,,,,,,,,,,,3624
1059AAAAAAAAAAAAAAAAAAAAAAAAAAAAAAAA,,Widowed,Veuf/veuve,Viudez,,,,Answer which describes a type of civil status.,,,Misc,N/A,,,,,,,,,,,,3625
1060AAAAAAAAAAAAAAAAAAAAAAAAAAAAAAAA,,Living with partner,Vit maritalement,Vive con su pareja,,,,Answer which describes a type of civil status.,,,Misc,N/A,,,,,,,,,,,,3626
1065AAAAAAAAAAAAAAAAAAAAAAAAAAAAAAAA,,Yes,Oui,Sí,,,,Generic answer to a question.,,,Misc,N/A,,,,,,,,,,,,3627
1066AAAAAAAAAAAAAAAAAAAAAAAAAAAAAAAA,,No,Non,No,,,,Generic answer to a question.,,,Misc,N/A,,,,,,,,,,,,3628
1067AAAAAAAAAAAAAAAAAAAAAAAAAAAAAAAA,,Unknown,Ne sait pas,Desconocido,,,,Generic answer to a question.,,,Misc,N/A,,,,,,,,,,,,3629
1072AAAAAAAAAAAAAAAAAAAAAAAAAAAAAAAA,,Days,Jours,Dias,,,,Generic temporal answer to question.,,,Misc,N/A,,,,,,,,,,,,3630
1073AAAAAAAAAAAAAAAAAAAAAAAAAAAAAAAA,,Weeks,Semaines,Semanas,,,,Generic temporal answer to question.,,,Misc,N/A,,,,,,,,,,,,3631
1074AAAAAAAAAAAAAAAAAAAAAAAAAAAAAAAA,,Months,Mois,Meses,,,,Generic temporal answer to question.,,,Misc,N/A,,,,,,,,,,,,3632
1077AAAAAAAAAAAAAAAAAAAAAAAAAAAAAAAA,,Bloody,Sanglant,,,,,Descriptive quality.,,,Misc,N/A,,,,,,,,,,,,3633
1090AAAAAAAAAAAAAAAAAAAAAAAAAAAAAAAA,,Never,Jamais,,,,,Generic response to a question.,,,Misc,N/A,,,,,,,,,,,,3634
1107AAAAAAAAAAAAAAAAAAAAAAAAAAAAAAAA,,None,Aucun,Ninguna,,,,Generic descriptive answer.,,,Misc,N/A,,,,,,,,,,,,3635
1115AAAAAAAAAAAAAAAAAAAAAAAAAAAAAAAA,,Normal,Normale,Normal,,,,General descriptive answer.,,,Misc,N/A,,,,,,,,,,,,3636
1116AAAAAAAAAAAAAAAAAAAAAAAAAAAAAAAA,,Abnormal,Abnormalitiés/Anormal,Anormal,,,,General descriptive answer.,,,Misc,N/A,,,,,,,,,,,,3637
1118AAAAAAAAAAAAAAAAAAAAAAAAAAAAAAAA,,Not done,Pas fait,No realizada,,,,General descriptive answer.,,,Misc,N/A,,,,,,,,,,,,3638
1138AAAAAAAAAAAAAAAAAAAAAAAAAAAAAAAA,,Indeterminate,Indéterminé,Indeterminado,,,,"Descriptive term: not precisely defined, determinable, or established.",,,Misc,N/A,,,,,,,,,,,,3639
1160AAAAAAAAAAAAAAAAAAAAAAAAAAAAAAAA,,Few,peu,Pocos,,,,Descriptive quantifying term.  Amounting to or consisting of a small number.,,,Misc,N/A,,,,,,,,,,,,3640
1175AAAAAAAAAAAAAAAAAAAAAAAAAAAAAAAA,,Not applicable,Non applicable,No aplicable,,,,Generic response to a question.  The question doesn't directly apply to the person.,,,Misc,N/A,,,,,,,,,,,,3641
1228AAAAAAAAAAAAAAAAAAAAAAAAAAAAAAAA,,Reactive,Réactif,Reactivo,,,,"General descriptive term, often used to describe positive test findings.",,,Misc,N/A,,,,,,,,,,,,3642
1229AAAAAAAAAAAAAAAAAAAAAAAAAAAAAAAA,,Non-reactive,Non-réactif,Arreactivo,,,,"General descriptive answer, often used in tests to describe a negative result.",,,Misc,N/A,,,,,,,,,,,,3643
1230AAAAAAAAAAAAAAAAAAAAAAAAAAAAAAAA,,Ab positive,AB positif,Ab positivo,,AB+,,"Describes a particular antigen combination on the surface of red blood cells: AB, Rh positive.",,,Misc,N/A,,,,,,,,,,,,3644
1231AAAAAAAAAAAAAAAAAAAAAAAAAAAAAAAA,,Ab negative,AB negatif,Ab negativo,,AB-,,"Describes a particular antigen combination on the surface of red blood cells: AB, Rh negative.",,,Misc,N/A,,,,,,,,,,,,3645
1238AAAAAAAAAAAAAAAAAAAAAAAAAAAAAAAA,,Medical record observations,Observations du dossier médical,Revisión de registros médicos,,,,General description for clinical observations entered into the system.,,,Misc,N/A,,,,,,,,,,,,3646
1275AAAAAAAAAAAAAAAAAAAAAAAAAAAAAAAA,,Health center hospital,Hôpital centre de santé,,,,,"Low acuity, short stay ""hospitals"" that are related to each clinical site.",,,Misc,N/A,,,,,,,,,,,,3647
127778AAAAAAAAAAAAAAAAAAAAAAAAAAAAAA,,Red color,Couleur rouge,color rojo,,,,Qualifier as a red color,,,Misc,N/A,,,,,,,,,,,,3648
1300AAAAAAAAAAAAAAAAAAAAAAAAAAAAAAAA,,Equivocal,Équivoque,Equívoco,,,,Descriptive term:  open to two or more interpretations; or of uncertain nature or significance.,,,Misc,N/A,,,,,,,,,,,,3649
1301AAAAAAAAAAAAAAAAAAAAAAAAAAAAAAAA,,Detected,Détecté,Detectado,,,,"Descriptive term:  to discover or ascertain the existence, presence, or fact of.",,,Misc,N/A,,,,,,,,,,,,3650
1302AAAAAAAAAAAAAAAAAAAAAAAAAAAAAAAA,,Not detected,Non détecté,No detectado,,,,"Descriptive term:  unable to discover or ascertain the existence, presence, or fact of.",,,Misc,N/A,,,,,,,,,,,,3651
1303AAAAAAAAAAAAAAAAAAAAAAAAAAAAAAAA,,Inhibitory,Inhibiteur,,,,,Descriptive term:  restrictive of action.,,,Misc,N/A,,,,,,,,,,,,3652
1304AAAAAAAAAAAAAAAAAAAAAAAAAAAAAAAA,,Poor sample quality,Echantillon de pauvre qualité,,Psq,,,,,,Misc,N/A,,,,,,,,,,,,3653
1306AAAAAAAAAAAAAAAAAAAAAAAAAAAAAAAA,,Beyond detectable limit,Au-delà de la limite détectable,,BDL,,,Descriptive Term:  beyond detectable limit.,,,Misc,N/A,,,,,,,,,,,,3654
1513AAAAAAAAAAAAAAAAAAAAAAAAAAAAAAAA,,Tablet,Comprimé,Comprimido,Tab,,,,,,Misc,N/A,,,,,,,,,,,,3655
1514AAAAAAAAAAAAAAAAAAAAAAAAAAAAAAAA,,Packets,Sachets,Paquete,,,,Dispensing unit,,,Misc,N/A,,,,,,,,,,,,3656
1588AAAAAAAAAAAAAAAAAAAAAAAAAAAAAAAA,,Health clinic/post,Centre médical/poste,,,,,Health clinic or health post,,,Misc,N/A,,,,,,,,,,,,3657
1589AAAAAAAAAAAAAAAAAAAAAAAAAAAAAAAA,,Hospital,Hôpital,Hospital,,,,,,,Misc,N/A,,,,,,,,,,,,3658
159392AAAAAAAAAAAAAAAAAAAAAAAAAAAAAA,,Confirmed diagnosis,Diagnostic confirmé,,,,,"The diagnosis is confirmed, not just presumed.",,,Misc,N/A,,,,,,,,,,,,3659
159393AAAAAAAAAAAAAAAAAAAAAAAAAAAAAA,,Presumed diagnosis,Diagnostic probable,Resultado probable,,,,The diagnosis is yet to be confirmed by special tests. This is the diagnosis based on clinical findings.,,,Misc,N/A,,,,,,,,,,,,3660
159416AAAAAAAAAAAAAAAAAAAAAAAAAAAAAA,,Rarely,Rarement,Raro,,,,"Frequency of findings, rarely.",,,Misc,N/A,,,,,,,,,,,,3661
159450AAAAAAAAAAAAAAAAAAAAAAAAAAAAAA,,Currently,Actuellement,Actual,,,,"Currently, as an answer or qualifier for a question. At the current time, presently, etc. ",,,Misc,N/A,,,,,,,,,,,,3662
159524AAAAAAAAAAAAAAAAAAAAAAAAAAAAAA,,Sexual abstinence,Abstinence sexuelle,Sexualmente inactivo en la actualidad (duplicate),,,,"Method of family planning, practice of voluntarily refraining from sexual activities.",,,Misc,N/A,,,,,,,,,,,,3663
159577AAAAAAAAAAAAAAAAAAAAAAAAAAAAAA,,Flush toilet,Toilette à chasse d'eau,,,,,"No specified whether Flush or pour flush toilet, lavatory, etc.",,,Misc,N/A,,,,,,,,,,,,3664
159578AAAAAAAAAAAAAAAAAAAAAAAAAAAAAA,,Ventilated improved pit latrine with slab,Latrine améliorée ventilée à fosse avec dalle,,VIP with slab,,,,,,Misc,N/A,,,,,,,,,,,,3665
159579AAAAAAAAAAAAAAAAAAAAAAAAAAAAAA,,Pit latrine with slab,Latrine à fosse avec dalle,,,,,,,,Misc,N/A,,,,,,,,,,,,3666
159580AAAAAAAAAAAAAAAAAAAAAAAAAAAAAA,,Pit latrine without slab,Latrine à fosse sans dalle,,,,,,,,Misc,N/A,,,,,,,,,,,,3667
159785AAAAAAAAAAAAAAAAAAAAAAAAAAAAAA,,College/university/polytechnic,Collège / université / école polytechnique,Establecimiento de educación superior,,,,Academic institution. Higher learning.,,,Misc,N/A,,,,,,,,,,,,3668
159872AAAAAAAAAAAAAAAAAAAAAAAAAAAAAA,,"Transfer in, tuberculosis patient",Transfert d'un patient tuberculeux,,,,,"Type of tuberculosis patient, based on previous treatment.",,,Misc,N/A,,,,,,,,,,,,3669
159873AAAAAAAAAAAAAAAAAAAAAAAAAAAAAA,,"Retreatment after default, tuberculosis","Retraitement après défaut, tuberculose",,RAD,,,,,,Misc,N/A,,,,,,,,,,,,3670
159937AAAAAAAAAAAAAAAAAAAAAAAAAAAAAA,,Maternal and child health program,Programme de santé maternelle et infantile,,MCH program,,,The program which deals with the health issues of mother and children.,,,Misc,N/A,,,,,,,,,,,,3671
159943AAAAAAAAAAAAAAAAAAAAAAAAAAAAAA,,Primary,Primordial,Principal,,,,"Primary, principal or first (as in qualifier for diagnosis)",,,Misc,N/A,,,,,,,,,,,,3672
159944AAAAAAAAAAAAAAAAAAAAAAAAAAAAAA,,Secondary,Secondaire,Secundario,,,,Second or non-primary qualifier value such as for a diagnosis,,,Misc,N/A,,,,,,,,,,,,3673
159945AAAAAAAAAAAAAAAAAAAAAAAAAAAAAA,,Tertiary,Tertiaire,Terciario,,,,third or following primary and secondary as in qualifying a diagnosis,,,Misc,N/A,,,,,,,,,,,,3674
159951AAAAAAAAAAAAAAAAAAAAAAAAAAAAAA,,Specimen collection date,,,Specimen date,,,The date and time a specimen was collected from the patient.,,,Misc,Datetime,,,,,,,,,,,,3675
159953AAAAAAAAAAAAAAAAAAAAAAAAAAAAAA,,Mycobacterium culture method,Méthode de culture mycobactérienne,,TB culture method,,,,,,Misc,Coded,,,,,,,,,,,,3676
159963AAAAAAAAAAAAAAAAAAAAAAAAAAAAAA,,Tuberculosis test date received,Date de réception du résultat d'examen pour la tuberculose,,,,,,,,Misc,Datetime,,,,,,,,,,,,3677
159964AAAAAAAAAAAAAAAAAAAAAAAAAAAAAA,,Tuberculosis test result date,Date du résultat de test de tuberculose,,TB result date,,,The date a TB test is completed,,,Misc,Datetime,,,,,,,,,,,,3678
159965AAAAAAAAAAAAAAAAAAAAAAAAAAAAAA,,Tuberculosis test start date,Date de début du test de tuberculose,,,,,,,,Misc,Datetime,,,,,,,,,,,,3679
159985AAAAAAAAAAAAAAAAAAAAAAAAAAAAAA,,Scanty,Minimes,Escaso,,,,Qualifier value for the quantity.,,,Misc,N/A,,,,,,,,,,,,3680
160000AAAAAAAAAAAAAAAAAAAAAAAAAAAAAA,,Mycobacterium abscessus,Mycobacterium abscessus,Mycobacterium chelonae subespecie abscessus,M. abscessus,,,,,,Misc,N/A,,,,,,,,,,,,3681
160003AAAAAAAAAAAAAAAAAAAAAAAAAAAAAA,,Mycobacterium bovis,Mycobacterium bovis,Bacilo de la tuberculosis bovina,M. bovis,,,Type of mycobacteria which can cause tuberculosis,,,Misc,N/A,,,,,,,,,,,,3682
160004AAAAAAAAAAAAAAAAAAAAAAAAAAAAAA,,Mycobacterium africanum,Mycobacterium africanum,"Mycobacterium tuberculosis, variante africana",M. africanum,,,Type of mycobacterium which can cause tuberculosis,,,Misc,N/A,,,,,,,,,,,,3683
160005AAAAAAAAAAAAAAAAAAAAAAAAAAAAAA,,Mycobacterium canetti,Mycobacterium canetti,,M. canetti,,,Type of mycobacterium which can cause tuberculosis.,,,Misc,N/A,,,,,,,,,,,,3684
160006AAAAAAAAAAAAAAAAAAAAAAAAAAAAAA,,Mycobacterium microti,Mycobacterium microti,Bacilo de Vole,M. microti,,,Type of mycobacterium that can cause tuberculosis.,,,Misc,N/A,,,,,,,,,,,,3685
160008AAAAAAAAAAAAAAAAAAAAAAAAAAAAAA,,Contaminated specimen,Contaminé,Muestra contaminada,,,,General finding of a contaminated specimen. ,,,Misc,N/A,,,,,,,,,,,,3686
160010AAAAAAAAAAAAAAAAAAAAAAAAAAAAAA,,Ogawa mycobacteria culture method,Méthode culture mycobactérie Ogaw,,,,,One method for culturing mycobacteria (TB),,,Misc,N/A,,,,,,,,,,,,3687
160011AAAAAAAAAAAAAAAAAAAAAAAAAAAAAA,,Lowenstein-Jensen mycobacteria culture method,Méthode de culture des mycobactéries de Lowenstein-Jensen,,L-J culture method,,,,,,Misc,N/A,,,,,,,,,,,,3688
160012AAAAAAAAAAAAAAAAAAAAAAAAAAAAAA,,BACTEC Mgit culture method,Méthode culture BACTEC Mgit,,mgit,,,,,,Misc,N/A,,,,,,,,,,,,3689
160033AAAAAAAAAAAAAAAAAAAAAAAAAAAAAA,,Relapse,Rechute,Recaída,,,,"Status of disease, particularly tuberculosis",,,Misc,N/A,,,,,,,,,,,,3690
160215AAAAAAAAAAAAAAAAAAAAAAAAAAAAAA,,Not at all,Pas du tout,,,,,Answer to a likert-like scale question,,,Misc,N/A,,,,,,,,,,,,3691
160222AAAAAAAAAAAAAAAAAAAAAAAAAAAAAA,,"Organism, non-mycobacteria","Organisme, non-mycobactérie",,,,,Living organism that is not mycobacteria. Usually used to capture lab results,,,Misc,N/A,,,,,,,,,,,,3692
160224AAAAAAAAAAAAAAAAAAAAAAAAAAAAAA,,Mycobacterium gordonae,Mycobacterium gordonae,,M. gordonae,,,,,,Misc,N/A,,,,,,,,,,,,3693
160240AAAAAAAAAAAAAAAAAAAAAAAAAAAAAA,,Oral,Administration orale,V.o. - vía oral,,,,Administration to or by way of the mouth.,,,Misc,N/A,,,,,,,,,,,,3694
160241AAAAAAAAAAAAAAAAAAAAAAAAAAAAAA,,Inhalation,Inhalation,Administración por inhalación,,,,Administration within the respiratory tract by inhaling orally or nasally for local or systemic effect.,,,Misc,N/A,,,,,,,,,,,,3695
160242AAAAAAAAAAAAAAAAAAAAAAAAAAAAAA,,Intravenous,Intraveineuse,Administración intravenosa,,,,Administration within or into a vein or veins.,,,Misc,N/A,,,,,,,,,,,,3696
160243AAAAAAAAAAAAAAAAAAAAAAAAAAAAAA,,Intramuscular,Intramusculaire,Administración intramuscular,,,,Administration within a muscle.,,,Misc,N/A,,,,,,,,,,,,3697
160245AAAAAAAAAAAAAAAAAAAAAAAAAAAAAA,,Subcutaneous,Sous-cutané,Administración subcutánea,,,,Administration beneath the skin; hypodermic.,,,Misc,N/A,,,,,,,,,,,,3698
160249AAAAAAAAAAAAAAAAAAAAAAAAAAAAAA,,Provisional diagnosis,Diagnostic provisoire,Diagnóstico preliminar,,,,,,,Misc,N/A,,,,,,,,,,,,3699
160250AAAAAAAAAAAAAAAAAAAAAAAAAAAAAA,,Final diagnosis,Diagnostic final,Diagnóstico final (alta),,,,,,,Misc,N/A,,,,,,,,,,,,3700
160289AAAAAAAAAAAAAAAAAAAAAAAAAAAAAA,,Preschool education level,Niveau d'éducation préscolaire,Educación Preescolar,,,,,,,Misc,N/A,,,,,,,,,,,,3701
160290AAAAAAAAAAAAAAAAAAAAAAAAAAAAAA,,Primary school education incomplete,Éducation primaire incomplète,Educación primaria incompleta,,,,,,,Misc,N/A,,,,,,,,,,,,3702
160291AAAAAAAAAAAAAAAAAAAAAAAAAAAAAA,,Secondary school education incomplete,Éducation secondaire incomplète,Educación secundaria incompleta,,,,,,,Misc,N/A,,,,,,,,,,,,3703
160292AAAAAAAAAAAAAAAAAAAAAAAAAAAAAA,,Tertiary education complete,Éducation tertiaire terminée,Educación terciaria completa,,,,Post-secondary school education including technical and non-university schooling. Excludes undergraduate and graduate education.,,,Misc,N/A,,,,,,,,,,,,3704
160293AAAAAAAAAAAAAAAAAAAAAAAAAAAAAA,,Special education received,Éducation spécialisée reçue,Educación especial,,,,,,,Misc,N/A,,,,,,,,,,,,3705
160294AAAAAAAAAAAAAAAAAAAAAAAAAAAAAA,,No formal education,Aucune éducation formelle,Sin educación formal,,,,,,,Misc,N/A,,,,,,,,,,,,3706
160298AAAAAAAAAAAAAAAAAAAAAAAAAAAAAA,,Tertiary education incomplete,Éducation tertiaire incomplète,Educación terciaria incompleta,,,,Post-secondary school education including technical and non-university schooling. Excludes undergraduate and graduate education.,,,Misc,N/A,,,,,,,,,,,,3707
160299AAAAAAAAAAAAAAAAAAAAAAAAAAAAAA,,Undergraduate education incomplete,Éducation de premier cycle incomplète,Universitario incompleto,,,,Student completed a portion of undergraduate university education but did not graduate.,,Educación universitaria incompleta,Misc,N/A,,,,,,,,,,,,3708
160300AAAAAAAAAAAAAAAAAAAAAAAAAAAAAA,,Undergraduate education complete,Éducation de premier cycle terminée,Universitario completo,,,,Graduated from undergraduate university program.,,Educación universitaria completa,Misc,N/A,,,,,,,,,,,,3709
160414AAAAAAAAAAAAAAAAAAAAAAAAAAAAAA,,Procedure not performed,Procédure non effectuée,,,,,,,,Misc,N/A,,,,,,,,,,,,3710
160415AAAAAAAAAAAAAAAAAAAAAAAAAAAAAA,,Moved away,Déménagé,El paciente se ha mudado,,,,Description of patient/family/etc. disposition.,,,Misc,N/A,,,,,,,,,,,,3711
160446AAAAAAAAAAAAAAAAAAAAAAAAAAAAAA,,Antenatal visit,Visite prénatale,Visita prenatal,ANC visit,,,,,,Misc,N/A,,,,,,,,,,,,3712
160456AAAAAAAAAAAAAAAAAAAAAAAAAAAAAA,,Obstetrics and gynecology department,Service d'obstétrique et de gynécologie,Servicio de obstetricia y ginecología,,Gynécologie-Obstétrique,,,,,Misc,N/A,,,,,,,,,,,,3713
160479AAAAAAAAAAAAAAAAAAAAAAAAAAAAAA,,Private health care clinic/facility,Clinique/établissement de soins de santé privé,Consultorios sanitarios administrados por agentes voluntarios o privados,,,,,,,Misc,N/A,,,,,,,,,,,,3714
160521AAAAAAAAAAAAAAAAAAAAAAAAAAAAAA,,Pharmacy visit,Visite de pharmacie,,,,,,,,Misc,N/A,,,,,,,,,,,,3715
160522AAAAAAAAAAAAAAAAAAAAAAAAAAAAAA,,Emergency visit,Visite d'urgence,Atendido en el servicio de emergentología,,,,Patient visit in emergency department,,,Misc,N/A,,,,,,,,,,,,3716
160523AAAAAAAAAAAAAAAAAAAAAAAAAAAAAA,,"Follow-up visit, regular","Visite de suivi, régulier",,,,,,,,Misc,N/A,,,,,,,,,,,,3717
160524AAAAAAAAAAAAAAAAAAAAAAAAAAAAAA,,Antiretroviral treatment visit,Visite de traitement antirétroviral,,ART visit,,,,,,Misc,N/A,,,,,,,,,,,,3718
160525AAAAAAAAAAAAAAAAAAAAAAAAAAAAAA,,Pre-ART Visit,Visite pre ARV,,,,,,,,Misc,N/A,,,,,,,,,,,,3719
160526AAAAAAAAAAAAAAAAAAAAAAAAAAAAAA,,Early infant diagnosis visit,Visite de diagnostic précoce du nourrisson,,EID Visit,,,,,,Misc,N/A,,,,,,,,,,,,3720
160527AAAAAAAAAAAAAAAAAAAAAAAAAAAAAA,,Kaposi sarcoma visit,Visite sarcome de Kaposi,,KS Visit,,,,,,Misc,N/A,,,,,,,,,,,,3721
160528AAAAAAAAAAAAAAAAAAAAAAAAAAAAAA,,Preventing Mother to Child Transmission visit,Visite de prévention de la transmission mère-enfant,,PMTCT visit,Visite PTME,,,,,Misc,N/A,,,,,,,,,,,,3722
160529AAAAAAAAAAAAAAAAAAAAAAAAAAAAAA,,Tuberculosis visit,Visite de tuberculose,,TB Visit,,,patient visit for treatment/management of tuberculosis,,,Misc,N/A,,,,,,,,,,,,3723
160530AAAAAAAAAAAAAAAAAAAAAAAAAAAAAA,,Return visit type,Type de visite de retour,,,,,,,,Misc,Coded,,,,,,,,,,,,3724
160546AAAAAAAAAAAAAAAAAAAAAAAAAAAAAA,,Sexually transmitted infection program/clinic,Programme d'infections sexuellement transmissibles,Clínica especializada en ETS,,,,,,,Misc,N/A,,,,,,,,,,,,3725
160556AAAAAAAAAAAAAAAAAAAAAAAAAAAAAA,,No known drug allergies,Pas d'allergies médicamenteuses connues,Alergias medicamentosas no conocidas,NKDA,,,,,,Misc,N/A,,,,,,,,,,,,3726
1608AAAAAAAAAAAAAAAAAAAAAAAAAAAAAAAA,,Capsule,Gellule,Cápsula,Cap,,,,,,Misc,N/A,,,,,,,,,,,,3727
160909AAAAAAAAAAAAAAAAAAAAAAAAAAAAAA,,Green color,couleur verte,Color verde,,,,Qualifier as a green color,,,Misc,N/A,,,,,,,,,,,,3728
160910AAAAAAAAAAAAAAAAAAAAAAAAAAAAAA,,Yellow color,Couleur jaune,Color amarillo,,,,Qualifier as a yellow color,,,Misc,N/A,,,,,,,,,,,,3729
161011AAAAAAAAAAAAAAAAAAAAAAAAAAAAAA,,Free text comment,Texte libre commentaire,,,,,,,,Misc,Text,,,,,,,,,,,,3730
161189AAAAAAAAAAAAAAAAAAAAAAAAAAAAAA,,Medication,,Fármaco o medicamento,,,,General qualifier term for any medication/drugs,,,Misc,N/A,,,,,,,,,,,,3731
161246AAAAAAAAAAAAAAAAAAAAAAAAAAAAAA,,Positive for Plasmodium falciparum,Positif pour Plasmodium falciparum,,,,,Test result was positive for Falciparum malaria,,,Misc,N/A,,,,,,,,,,,,3732
161247AAAAAAAAAAAAAAAAAAAAAAAAAAAAAA,,Positive for Plasmodium vivax,Positif pour Plasmodium vivax,,,,,Test result was positive for Vivax.,,,Misc,N/A,,,,,,,,,,,,3733
161248AAAAAAAAAAAAAAAAAAAAAAAAAAAAAA,,Positive for both Plasmodium falciparum and Plasmodium vivax,Positif pour Plasmodium falciparum et Plasmodium vivax,,,,,Test result was positive for both Falciparum and Vivax malaria,,,Misc,N/A,,,,,,,,,,,,3734
161253AAAAAAAAAAAAAAAAAAAAAAAAAAAAAA,,Intranasal,Intranasale,Administración nasal,,,,Administration to the nose; administered by way of the nose.,,,Misc,N/A,,,,,,,,,,,,3735
161359AAAAAAAAAAAAAAAAAAAAAAAAAAAAAA,,Private home-based care,Soins privés à domicile,Atención médica en domicilio particular,,,,,,,Misc,N/A,,,,,,,,,,,,3736
161900AAAAAAAAAAAAAAAAAAAAAAAAAAAAAA,,Pooled platelets,Concentrés de plaquettes,Mezcla de plaquetas humanas,,,,,,,Misc,N/A,,,,,,,,,,,,3737
161908AAAAAAAAAAAAAAAAAAAAAAAAAAAAAA,,Patient-reported,Rapportée par le patient,,,,,Qualifier for diagnoses and other historical items as coming from the patient and not-confirmed.,,,Misc,N/A,,,,,,,,,,,,3738
161925AAAAAAAAAAAAAAAAAAAAAAAAAAAAAA,,Packed red blood cells,Concentré de globules rouges,Concentrado de eritrocitos,,,,,,,Misc,N/A,,,,,,,,,,,,3739
161926AAAAAAAAAAAAAAAAAAAAAAAAAAAAAA,,Fresh frozen plasma,Plasma frais congelé,Plasma fresco congelado,,,,,,,Misc,N/A,,,,,,,,,,,,3740
161939AAAAAAAAAAAAAAAAAAAAAAAAAAAAAA,,Whole blood,Sang Total,Preparado sanguíneo,Wholeblood,,,"Transfusion product, usually denoted by unit",,,Misc,N/A,,,,,,,,,,,,3741
162065AAAAAAAAAAAAAAAAAAAAAAAAAAAAAA,,Black color,couleur noire,Color negro,Black,,,,,,Misc,N/A,,,,,,,,,,,,3742
162097AAAAAAAAAAAAAAAAAAAAAAAAAAAAAA,,Light yellow colour,Couleur jaune clair,,,,,,,,Misc,N/A,,,,,,,,,,,,3743
162098AAAAAAAAAAAAAAAAAAAAAAAAAAAAAA,,Dark yellow colour,couleur jaune foncé,,,,,,,,Misc,N/A,,,,,,,,,,,,3744
162099AAAAAAAAAAAAAAAAAAAAAAAAAAAAAA,,Colourless,Incolore,Sin color,,,,,,,Misc,N/A,,,,,,,,,,,,3745
162100AAAAAAAAAAAAAAAAAAAAAAAAAAAAAA,,Brown color,Marron,Color marrón,,,,,,,Misc,N/A,,,,,,,,,,,,3746
162105AAAAAAAAAAAAAAAAAAAAAAAAAAAAAA,,Yellow-green colour,Couleur jaune-verte,Color amarillo verdoso,,,,,,,Misc,N/A,,,,,,,,,,,,3747
162171AAAAAAAAAAAAAAAAAAAAAAAAAAAAAA,,Eggs,Oeufs,Huevos (comestibles),,,,,,,Misc,N/A,,,,,,,,,,,,3748
162172AAAAAAAAAAAAAAAAAAAAAAAAAAAAAA,,Peanuts,Pistache,Maní,,,,A food often causing allergic reactions,,,Misc,N/A,,,,,,,,,,,,3749
162175AAAAAAAAAAAAAAAAAAAAAAAAAAAAAA,,Shellfish,Coquillages,Marisco,,,,,,,Misc,N/A,,,,,,,,,,,,3750
162176AAAAAAAAAAAAAAAAAAAAAAAAAAAAAA,,Soy,Soja,Glycine max,,,,,,,Misc,N/A,,,,,,,,,,,,3751
162177AAAAAAAAAAAAAAAAAAAAAAAAAAAAAA,,Wheat,Blé,Trigo,,,,,,,Misc,N/A,,,,,,,,,,,,3752
162203AAAAAAAAAAAAAAAAAAAAAAAAAAAAAA,,Mycobacterium tuberculosis detected with rifampin resistance,,,,,,Result of PCR test determining MTB present with rifampin resistance,,,Misc,N/A,,,,,,,,,,,,3753
162204AAAAAAAAAAAAAAAAAAAAAAAAAAAAAA,,Mycobacterium tuberculosis detected without rifampin resistance,,,,,,Result of PCR test for MTB showing no rifampin resistance,,,Misc,N/A,,,,,,,,,,,,3754
162264AAAAAAAAAAAAAAAAAAAAAAAAAAAAAA,,International units,Unités internationales,UI,IU,,,Unit of measurement,,,Misc,N/A,,,,,,,,,,,,3755
162385AAAAAAAAAAAAAAAAAAAAAAAAAAAAAA,,In left ear,Dans l'oreille gauche,,,,,,,,Misc,N/A,,,,,,,,,,,,3756
162386AAAAAAAAAAAAAAAAAAAAAAAAAAAAAA,,In right ear,Dans l'oreille droite,,,,,,,,Misc,N/A,,,,,,,,,,,,3757
162387AAAAAAAAAAAAAAAAAAAAAAAAAAAAAA,,In both ears,Dans les deux oreilles,,,,,,,,Misc,N/A,,,,,,,,,,,,3758
162388AAAAAAAAAAAAAAAAAAAAAAAAAAAAAA,,In left eye,Dans l'œil gauche,,,,,,,,Misc,N/A,,,,,,,,,,,,3759
162389AAAAAAAAAAAAAAAAAAAAAAAAAAAAAA,,In right eye,Dans l'œil droit,,,,,,,,Misc,N/A,,,,,,,,,,,,3760
162390AAAAAAAAAAAAAAAAAAAAAAAAAAAAAA,,In both eyes,Dans les deux yeux,,,,,,,,Misc,N/A,,,,,,,,,,,,3761
162391AAAAAAAAAAAAAAAAAAAAAAAAAAAAAA,,Transdermal,Transdermique,Administración transdérmica,,,,Administration through the dermal layer of the skin to the systemic circulation by diffusion.,,,Misc,N/A,,,,,,,,,,,,3762
162392AAAAAAAAAAAAAAAAAAAAAAAAAAAAAA,,Vaginally,Par voie vaginale,Administración vaginal,,,,Administration into the vagina.,,,Misc,N/A,,,,,,,,,,,,3763
162393AAAAAAAAAAAAAAAAAAAAAAAAAAAAAA,,Rectally,Voie rectale,Administración rectal,,,,Administration to the rectum.,,,Misc,N/A,,,,,,,,,,,,3764
162395AAAAAAAAAAAAAAAAAAAAAAAAAAAAAA,,Bag,Sac,Bolsa,,,,Dispensing unit,,,Misc,N/A,,,,,,,,,,,,3765
162396AAAAAAAAAAAAAAAAAAAAAAAAAAAAAA,,Box,Boîte,Caja,,,,Dispensing unit,,,Misc,N/A,,,,,,,,,,,,3766
162397AAAAAAAAAAAAAAAAAAAAAAAAAAAAAA,,Cartridge,Cartouche,,,,,Dispensing unit,,,Misc,N/A,,,,,,,,,,,,3767
162398AAAAAAAAAAAAAAAAAAAAAAAAAAAAAA,,Dose pack,Paquet de dose,,,,,Dispensing unit,,,Misc,N/A,,,,,,,,,,,,3768
162399AAAAAAAAAAAAAAAAAAAAAAAAAAAAAA,,Each,Chaque,Cada,,,,Dispensing unit,,,Misc,N/A,,,,,,,,,,,,3769
162400AAAAAAAAAAAAAAAAAAAAAAAAAAAAAA,,Inhaler,Inhalateur,,,,,Dispensing unit,,,Misc,N/A,,,,,,,,,,,,3770
162401AAAAAAAAAAAAAAAAAAAAAAAAAAAAAA,,Kit,Kit,Equipo,,,,Dispensing unit,,,Misc,N/A,,,,,,,,,,,,3771
162536AAAAAAAAAAAAAAAAAAAAAAAAAAAAAA,,Bee stings,Piqûres d'abeilles,Veneno de abeja,,,,,,,Misc,N/A,,,,,,,,,,,,3772
162537AAAAAAAAAAAAAAAAAAAAAAAAAAAAAA,,Dust,Poussière,Polvo,,,,,,,Misc,N/A,,,,,,,,,,,,3773
162538AAAAAAAAAAAAAAAAAAAAAAAAAAAAAA,,Latex,Latex,Látex,,,,,,,Misc,N/A,,,,,,,,,,,,3774
162539AAAAAAAAAAAAAAAAAAAAAAAAAAAAAA,,Mold,Moule,Moho,,,,Organism,,,Misc,N/A,,,,,,,,,,,,3775
162540AAAAAAAAAAAAAAAAAAAAAAAAAAAAAA,,Pollen,Pollen,Polen,,,,,,,Misc,N/A,,,,,,,,,,,,3776
162541AAAAAAAAAAAAAAAAAAAAAAAAAAAAAA,,Ragweed,L'herbe à poux,Ambrosía,,,,Organism,,,Misc,N/A,,,,,,,,,,,,3777
162542AAAAAAAAAAAAAAAAAAAAAAAAAAAAAA,,Adhesive tape,Ruban adhésif,Cinta adhesiva,,,,,,,Misc,N/A,,,,,,,,,,,,3778
162543AAAAAAAAAAAAAAAAAAAAAAAAAAAAAA,,Beef,Boeuf,Carne vacuna,,,,Flesh of a cow,,,Misc,N/A,,,,,,,,,,,,3779
162544AAAAAAAAAAAAAAAAAAAAAAAAAAAAAA,,Chocolate,Chocolat,Chocolate,,,,Food made from cocoa,,,Misc,N/A,,,,,,,,,,,,3780
162545AAAAAAAAAAAAAAAAAAAAAAAAAAAAAA,,Dairy food,Produits laitiers,Alimento lácteo,,,,,,,Misc,N/A,,,,,,,,,,,,3781
162546AAAAAAAAAAAAAAAAAAAAAAAAAAAAAA,,Fish,Poisson,Pez,,,,Organism,,,Misc,N/A,,,,,,,,,,,,3782
162547AAAAAAAAAAAAAAAAAAAAAAAAAAAAAA,,Milk protein,Protéines du lait,Proteína de la leche,,,,,,,Misc,N/A,,,,,,,,,,,,3783
162548AAAAAAAAAAAAAAAAAAAAAAAAAAAAAA,,Strawberries,Des fraises,Fresa,,,,,,,Misc,N/A,,,,,,,,,,,,3784
162582AAAAAAAAAAAAAAAAAAAAAAAAAAAAAA,,Number of occurrences,Nombre d'occurrences,Cantidad de veces,No. of times,,,"A qualifier term which can be used to differentiate a numeric entry. For example, a duration could be a number + duration unit (number of occurrences).",,,Misc,N/A,,,,,,,,,,,,3785
162583AAAAAAAAAAAAAAAAAAAAAAAAAAAAAA,,Seconds,Secondes,Segundos,Secs,,,"Unit of time, 1/60 of a minute",,,Misc,N/A,,,,,,,,,,,,3786
162613AAAAAAAAAAAAAAAAAAAAAAAAAAAAAA,,Postmortem heart blood specimen,Prélèvement de sang cardiaque post-mortem,,Post-mortem heart blood,,,Specimen of blood taken from heart after death,,,Misc,N/A,,,,,,,,,,,,3787
162617AAAAAAAAAAAAAAAAAAAAAAAAAAAAAA,,Skin biopsy specimen,,Muestra de biopsia cutánea,,,,,,,Misc,N/A,,,,,,,,,,,,3788
162689AAAAAAAAAAAAAAAAAAAAAAAAAAAAAA,,District,,Distrito,,,,A geographical division,,,Misc,N/A,,,,,,,,,,,,3789
162693AAAAAAAAAAAAAAAAAAAAAAAAAAAAAA,,Life threatening severity,,Severidad: potencialmente fatal,,,,,,,Misc,N/A,,,,,,,,,,,,3790
162797AAAAAAAAAAAAAAAAAAAAAAAAAAAAAA,,Topically,Topique,Administración tópica,,,,,,,Misc,N/A,,,,,,,,,,,,3791
162798AAAAAAAAAAAAAAAAAAAAAAAAAAAAAA,,Per NG tube,Par tube nasogastrique,Administración de sonda nasogástrica,,,,"Administration through the nose and into the stomach, usually by means of a tube.",,,Misc,N/A,,,,,,,,,,,,3792
162819AAAAAAAAAAAAAAAAAAAAAAAAAAAAAA,,Fatal,Fatal,Fatal,,,,,,,Misc,N/A,,,,,,,,,,,,3793
162821AAAAAAAAAAAAAAAAAAAAAAAAAAAAAA,,Mild to moderate,Léger à modéré,Leve a moderado,,,,,,,Misc,N/A,,,,,,,,,,,,3794
162822AAAAAAAAAAAAAAAAAAAAAAAAAAAAAA,,Moderate to severe,Modéré à sévère,Moderado a grave,,,,,,,Misc,N/A,,,,,,,,,,,,3795
162824AAAAAAAAAAAAAAAAAAAAAAAAAAAAAA,,Intraosseous,Intra-osseux,Administración intraósea,,,,,,,Misc,N/A,,,,,,,,,,,,3796
162872AAAAAAAAAAAAAAAAAAAAAAAAAAAAAA,,Active problem,Problème actif,Problema activo,,,,"The status of a problem is active, or continuing.",,,Misc,N/A,,,,,,,,,,,,3797
162873AAAAAAAAAAAAAAAAAAAAAAAAAAAAAA,,Problem resolved with sequela,Problème résolu avec séquelle,,,,,,,,Misc,N/A,,,,,,,,,,,,3798
162983AAAAAAAAAAAAAAAAAAAAAAAAAAAAAA,,Entered in error report status,Statut de rapport entré par erreur,,,,,The report has been withdrawn following previous Final release.,,,Misc,N/A,,,,,,,,,,,,3799
163019AAAAAAAAAAAAAAAAAAAAAAAAAAAAAA,,Arterial phase,,,,,,Initial phase of contrast imaging,,,Misc,N/A,,,,,,,,,,,,3800
163020AAAAAAAAAAAAAAAAAAAAAAAAAAAAAA,,Venous phase,,,,,,Middle phase of contrast imaging,,,Misc,N/A,,,,,,,,,,,,3801
163021AAAAAAAAAAAAAAAAAAAAAAAAAAAAAA,,Delayed phase,,,,,,Final phase of contrast imaging,,,Misc,N/A,,,,,,,,,,,,3802
163051AAAAAAAAAAAAAAAAAAAAAAAAAAAAAA,,In remission,En rémission,Remisión,,,,,,,Misc,N/A,,,,,,,,,,,,3803
163057AAAAAAAAAAAAAAAAAAAAAAAAAAAAAA,,Continue previous treatment,Continuer le traitement précédent,Continuación del tratamiento previo,,,,,,,Misc,N/A,,,,,,,,,,,,3804
163139AAAAAAAAAAAAAAAAAAAAAAAAAAAAAA,,Quartenary,Quaternaire,,,,,A member of a group fourth in order or rank,,,Misc,N/A,,,,,,,,,,,,3805
163611AAAAAAAAAAAAAAAAAAAAAAAAAAAAAA,,Invalid,Invalide,,,,,A generic answer to a question. Not valid or erroneous.,,,Misc,N/A,,,,,,,,,,,,3806
163723AAAAAAAAAAAAAAAAAAAAAAAAAAAAAA,,In progress,En cours,En progreso,,,,,,,Misc,N/A,,,,,,,,,,,,3807
163747AAAAAAAAAAAAAAAAAAAAAAAAAAAAAA,,Absent,Absent,Ausencia de,,,,"Generic answer to a question. Not present in a place, at an occasion, or as part of something.",,,Misc,N/A,,,,,,,,,,,,3808
163748AAAAAAAAAAAAAAAAAAAAAAAAAAAAAA,,Present,Présent,Presencia de,,,,"Generic answer to a question. Being, existing, or occurring at this time or now.",,,Misc,N/A,,,,,,,,,,,,3809
164103AAAAAAAAAAAAAAAAAAAAAAAAAAAAAA,,Diabetes clinic,Clinique du diabète,Consultorio especializado en diabetes,,,,A place to be treated for endocrine disorders like diabetes,,,Misc,N/A,,,,,,,,,,,,3810
164104AAAAAAAAAAAAAAAAAAAAAAAAAAAAAA,,Mycobacterium tuberculosis detected with indeterminate rifampin resistance,,,,,,Result of PCR test determining MTB present with only unknown or indeterminate rifampin resistance,,,Misc,N/A,,,,,,,,,,,,3811
164164AAAAAAAAAAAAAAAAAAAAAAAAAAAAAA,,Surgical outpatient department,Département de chirurgie ambulatoire,Centro de cirugía ambulatoria,SOPD,,,,,,Misc,N/A,,,,,,,,,,,,3812
164180AAAAAAAAAAAAAAAAAAAAAAAAAAAAAA,,New visit,,,,,,,,,Misc,N/A,,,,,,,,,,,,3813
164210AAAAAAAAAAAAAAAAAAAAAAAAAAAAAA,,Public school,École publique,Escuela pública,,,,,,,Misc,N/A,,,,,,,,,,,,3814
164211AAAAAAAAAAAAAAAAAAAAAAAAAAAAAA,,Private school,École privée,,,,,,,,Misc,N/A,,,,,,,,,,,,3815
164212AAAAAAAAAAAAAAAAAAAAAAAAAAAAAA,,Not in school,Pas à l'école,,,,,,,,Misc,N/A,,,,,,,,,,,,3816
164369AAAAAAAAAAAAAAAAAAAAAAAAAAAAAA,,Results not available,Résultats non disponibles,,,,,,,,Misc,N/A,,,,,,,,,,,,3817
164493AAAAAAAAAAAAAAAAAAAAAAAAAAAAAA,,Some,Quelques-uns,Algún,,,,,,,Misc,N/A,,,,,,,,,,,,3818
164928AAAAAAAAAAAAAAAAAAAAAAAAAAAAAA,,Inactive status,Statut inactif,Inactivo,,,,,,,Misc,N/A,,,,,,,,,,,,3819
164943AAAAAAAAAAAAAAAAAAAAAAAAAAAAAA,,Very low,,Muy bajo,,,,Qualitative descriptor,,,Misc,N/A,,,,,,,,,,,,3820
164944AAAAAAAAAAAAAAAAAAAAAAAAAAAAAA,,Medium,,Mediano,,,,Qualitative descriptor,,,Misc,N/A,,,,,,,,,,,,3821
165170AAAAAAAAAAAAAAAAAAAAAAAAAAAAAA,,Cancelled,Annulé,Cancelada,,,,The status of an activity that was not performed.,,,Misc,N/A,,,,,,,,,,,,3822
165171AAAAAAAAAAAAAAAAAAAAAAAAAAAAAA,,Milligram per meter squared,Milligramme par mètre carré,Miligramo/metro cuadrado,,,,,,,Misc,N/A,,,,,,,,,,,,3823
165178AAAAAAAAAAAAAAAAAAAAAAAAAAAAAA,,Insufficient sample,Échantillon insuffisant,Muestra insuficiente,,,,Insufficient volume or mass of sample/specimen to evaluate.,,,Misc,N/A,,,,,,,,,,,,3824
165183AAAAAAAAAAAAAAAAAAAAAAAAAAAAAA,,Supplies not available,,Provisiones no disponibles,Out of stock,,,,,,Misc,N/A,,,,,,,,,,,,3825
165246AAAAAAAAAAAAAAAAAAAAAAAAAAAAAA,,Wrong entry,,,,,,,,,Misc,N/A,,,,,,,,,,,,3826
165519AAAAAAAAAAAAAAAAAAAAAAAAAAAAAA,,Sublingual,Sublinguale,Sublingual,,,,,,,Misc,N/A,,,,,,,,,,,,3827
165520AAAAAAAAAAAAAAAAAAAAAAAAAAAAAA,,Intra-articular,Intra-articulaire,Vía intrarticular,,,,,,,Misc,N/A,,,,,,,,,,,,3828
165563AAAAAAAAAAAAAAAAAAAAAAAAAAAAAA,,Positive for IgM only (Presence of anti-S. typhi IgM),Positif pour IgM seulement (Présence anticorps anti-S. typhi IgM),,,,,,,,Misc,N/A,,,,,,,,,,,,3829
165564AAAAAAAAAAAAAAAAAAAAAAAAAAAAAA,,Positive for IgG only (Presence of anti-S. typhi IgG),Positif pour IgG seulement (Présence anticorps anti-S. typhi IgG),,,,,,,,Misc,N/A,,,,,,,,,,,,3830
165565AAAAAAAAAAAAAAAAAAAAAAAAAAAAAA,,Negative (no anti-S. typhi antibody detected),Négatif (aucun anticorps anti-S. typhi détecté),,,,,,,,Misc,N/A,,,,,,,,,,,,3831
165566AAAAAAAAAAAAAAAAAAAAAAAAAAAAAA,,Positive for both IgG and IgM (Presence of anti-S. typhi IgG and IgM),Positif pour IgG et IgM (Présence anticorps anti-S. typhi IgG et IgM),,,,,,,,Misc,N/A,,,,,,,,,,,,3832
165854AAAAAAAAAAAAAAAAAAAAAAAAAAAAAA,,Negative (no anti-COVID-19 antibody detected),Négatif (aucun anticorps anti-COVID-19 détecté),,,,,,,,Misc,N/A,,,,,,,,,,,,3833
165855AAAAAAAAAAAAAAAAAAAAAAAAAAAAAA,,Positive for IgM only (Presence of anti-COVID-19 IgM),Positif pour IgM seulement (présence anticorps anti-COVID-19 IgM),,,,,,,,Misc,N/A,,,,,,,,,,,,3834
165856AAAAAAAAAAAAAAAAAAAAAAAAAAAAAA,,Positive for IgG only (Presence of anti-COVID-19 IgG),Positif pour IgG seulement (présence anticorps anti-COVID-19 IgG),,,,,,,,Misc,N/A,,,,,,,,,,,,3835
165857AAAAAAAAAAAAAAAAAAAAAAAAAAAAAA,,Positive for both IgG and IgM (Presence of anti-COVID-19 IgG and IgM),Positif pour IgG et IgM (présence anticorps anti-COVID-19 IgG et IgM),,,,,,,,Misc,N/A,,,,,,,,,,,,3836
165888AAAAAAAAAAAAAAAAAAAAAAAAAAAAAA,,Venous blood specimen,,Muestra de sangre venosa,Venous blood,,,,,,Misc,N/A,,,,,,,,,,,,3837
165889AAAAAAAAAAAAAAAAAAAAAAAAAAAAAA,,Capillary blood specimen,,Muestra de sangre capilar,Capillary blood,,,,,,Misc,N/A,,,,,,,,,,,,3838
166078AAAAAAAAAAAAAAAAAAAAAAAAAAAAAA,,Unnatural death,Mort non naturelle,,,,,Death caused by external process.,,,Misc,N/A,,,,,,,,,,,,3839
166694AAAAAAAAAAAAAAAAAAAAAAAAAAAAAA,,Bone specimen,Échantillon osseux,Muestra obtenida de hueso,,,,,,,Misc,N/A,,,,,,,,,,,,3840
166697AAAAAAAAAAAAAAAAAAAAAAAAAAAAAA,,Specimen from soft tissue,Échantillon de tissus mous,Muestra obtenida de partes blandas,,,,,,,Misc,N/A,,,,,,,,,,,,3841
166698AAAAAAAAAAAAAAAAAAAAAAAAAAAAAA,,Fluid specimen from wound,Échantillon de sécrétion de la plaie,Muestra de líquido obtenida de una herida,,,,,,,Misc,N/A,,,,,,,,,,,,3842
167000AAAAAAAAAAAAAAAAAAAAAAAAAAAAAA,,Several days,Plusieurs jours,,,,,,,,Misc,N/A,,,,,,,,,,,,3843
167001AAAAAAAAAAAAAAAAAAAAAAAAAAAAAA,,More than half the days,Plus de la moitié des jours,,,,,,,,Misc,N/A,,,,,,,,,,,,3844
167002AAAAAAAAAAAAAAAAAAAAAAAAAAAAAA,,Nearly every day,Presque tous les jours,,,,,,,,Misc,N/A,,,,,,,,,,,,3845
167153AAAAAAAAAAAAAAAAAAAAAAAAAAAAAA,,Preparation,,,,,,Status of preparing something for an action such as preparing a medication for dispensing.,,,Misc,N/A,,,,,,,,,,,,3846
167154AAAAAAAAAAAAAAAAAAAAAAAAAAAAAA,,On hold,En attente,Mantener - instrucción fragmentada sobre dosificación,,,,Status for transiently stopping dosing or dispensing a medication or therapy.,,,Misc,N/A,,,,,,,,,,,,3847
167155AAAAAAAAAAAAAAAAAAAAAAAAAAAAAA,,Discontinued,,Discontinuado,,,,,,,Misc,N/A,,,,,,,,,,,,3848
167156AAAAAAAAAAAAAAAAAAAAAAAAAAAAAA,,Refused,Refusé,Rehusado,,,,,,,Misc,N/A,,,,,,,,,,,,3849
167332AAAAAAAAAAAAAAAAAAAAAAAAAAAAAA,,Numerous,Nombreux,Muchos,,,,,,,Misc,N/A,,,,,,,,,,,,3850
167408AAAAAAAAAAAAAAAAAAAAAAAAAAAAAA,,In service,En service,,,,,Currently being cared for by service,,,Misc,N/A,,,,,,,,,,,,3851
167409AAAAAAAAAAAAAAAAAAAAAAAAAAAAAA,,Finished service,Service terminé,,,,,,,,Misc,N/A,,,,,,,,,,,,3852
167410AAAAAAAAAAAAAAAAAAAAAAAAAAAAAA,,Clinical consultation,Consultation clinique,,,,,,,,Misc,N/A,,,,,,,,,,,,3853
167411AAAAAAAAAAAAAAAAAAAAAAAAAAAAAA,,Triage service,Service de triage,,Triage,,,,,,Misc,N/A,,,,,,,,,,,,3854
1688AAAAAAAAAAAAAAAAAAAAAAAAAAAAAAAA,,Recurrence of disease,Réapparence de la maladie,,Disease recurrence,,,Reason for starting treatment. Recurrence of disease as reason for treatment.,,,Misc,Boolean,,,,,,,,,,,,3855
1713AAAAAAAAAAAAAAAAAAAAAAAAAAAAAAAA,,Primary school education,Éducation primaire,Educación primaria completa,Primary Education,,,Primary level of formal education.,,,Misc,Boolean,,,,,,,,,,,,3856
1714AAAAAAAAAAAAAAAAAAAAAAAAAAAAAAAA,,Secondary school education,Éducation secondaire,Educación secundaria completa,Secondary Education,,,Secondary level of formal education,,,Misc,Boolean,,,,,,,,,,,,3857
1728AAAAAAAAAAAAAAAAAAAAAAAAAAAAAAAA,,Sign/symptom name,Nom des symptômes,,Sign/symptom,,,The name of the sign or symptom.,,,Misc,Coded,,,,,,,,,,,,3858
1733AAAAAAAAAAAAAAAAAAAAAAAAAAAAAAAA,,Minutes,Minutes,Minuto,min,,,interval of duration,,,Misc,N/A,,,,,,,,,,,,3859
1734AAAAAAAAAAAAAAAAAAAAAAAAAAAAAAAA,,Years,Annees,Años,yrs,,,Interval of duration,,,Misc,N/A,,,,,,,,,,,,3860
1822AAAAAAAAAAAAAAAAAAAAAAAAAAAAAAAA,,Hours,Heures,Horas,HRS,,,"A duration unit, 60 minutes = 1 hour.",,,Misc,N/A,,,,,,,,,,,,3861
1874AAAAAAAAAAAAAAAAAAAAAAAAAAAAAAAA,,Trace,Trace,Trazas,,,,A small amount. Used for test results.,,,Misc,N/A,,,,,,,,,,,,3862
1882AAAAAAAAAAAAAAAAAAAAAAAAAAAAAAAA,,Emergency (status),Urgence (statut),Emergencia,Emergency,,,"A status or urgency distinction (as in Emergency, Urgent, When Convenient).",,,Misc,Boolean,,,,,,,,,,,,3863
1883AAAAAAAAAAAAAAAAAAAAAAAAAAAAAAAA,,Urgent (status),Urgent (statut),Urgencia,Urgent,,,"A status or urgency distinction (as in Emergency, Urgent, When Convenient).",,,Misc,Boolean,,,,,,,,,,,,3864
1884AAAAAAAAAAAAAAAAAAAAAAAAAAAAAAAA,,When Convenient (status),Quand pratique (statut),,When convenient,,,"A status or urgency distinction (as in Emergency, Urgent, When Convenient).",,,Misc,Boolean,,,,,,,,,,,,3865
1905AAAAAAAAAAAAAAAAAAAAAAAAAAAAAAAA,,Emergency-Ambulance Required (Status),Ambulance d'uregence requise (statut),,,,,"A status or urgency distinction requiring ambulance for transport (as in Emergency-Ambulance, Emergency, Urgent, When Convenient).",,,Misc,Boolean,,,,,,,,,,,,3866
1c03ed2d-d712-41e3-a709-266e835a1925,,Dried blood spot specimen,,,DBS,,,,,,Misc,N/A,,,,,,,,,,,,3867
2107130a-df39-423d-802e-8f73b3a36d67,,Positive for Plasmodium malariae,Positif pour Plasmodium malariae,,,,,,,,Misc,N/A,,,,,,,,,,,,3868
2458150f-93ed-4be1-a72c-fdafd3de30d2,,Stale-dated order,,,,,,"Order has not been fulfilled within a reasonable amount of time, and might not be current.",,,Misc,N/A,,,,,,,,,,,,3869
24f6f205-3127-4762-bacc-cbfc53a948b5,,Formulary substitution,,,Formulary,,,This substitution was performed or is permitted based on formulary guidelines.,,,Misc,N/A,,,,,,,,,,,,3870
2bd94084-4210-4cdb-b499-6b0ff3814cbc,,Try another treatment first,,,,,,This therapy has been ordered as a backup to a preferred therapy. This order will be released when and if the preferred therapy is unsuccessful.,,,Misc,N/A,,,,,,,,,,,,3871
3904df05-b2ce-479c-94ac-ed053826bef8,,Brand composition substitution,,,Brand composition,,,Substitution occurred or is permitted between equivalent Brands but not Generics.,,,Misc,N/A,,,,,,,,,,,,3872
3cc7c256-77e6-4fdb-8975-fc942290882e,,Positive for Plasmodium ovale,Positif pour Plasmodium ovale,,,,,,,,Misc,N/A,,,,,,,,,,,,3873
44384e50-1939-429e-9afd-a34164cc0df6,,Unable to provide necessary care,,,,,,"Fulfiller not able to provide appropriate care associated with fulfilling the order. Example: Therapy requires ongoing monitoring by fulfiller and fulfiller will be ending practice, leaving town, unable to schedule necessary time, etc.",,,Misc,N/A,,,,,,,,,,,,3874
4ceca240-674b-4a34-a4dd-03d1ab32516d,,Donation,,,,,,,,,Misc,N/A,,,,,,,,,,,,3875
5096AAAAAAAAAAAAAAAAAAAAAAAAAAAAAAAA,,Return visit date,Date prochaine visite,,,,,Patient is to return on this date,,,Misc,Date,,,,,,,,,,,,3876
51ae5e4d-b72b-4912-bf31-a17efb690aeb,,Waiting,En attente (duplicate),,,,,Waiting for service.,,,Misc,N/A,,,,,,,,,,,,3877
5275AAAAAAAAAAAAAAAAAAAAAAAAAAAAAAAA,,Intrauterine device,Outil intra-uterin,Dispositivo intrauterino,,,,A device (as a spiral of plastic or a ring of stainless steel) inserted and left in the uterus to prevent effective conception.,,,Misc,N/A,,,,,,,,,,,,3878
5277AAAAAAAAAAAAAAAAAAAAAAAAAAAAAAAA,,Natural family planning,Méthode naturelle de planning familial,Anticonceptivo natural,,,,A method of birth control that involves abstention from sexual intercourse during the period of ovulation which is determined through observation and measurement of bodily signs (as cervical mucus and body temperature).,,,Misc,N/A,,,,,,,,,,,,3879
5278AAAAAAAAAAAAAAAAAAAAAAAAAAAAAAAA,,Diaphragm,Diaphragme cervical,Capuchón cervical,,,,"A molded cap, usually of thin rubber fitted over the uterine cervix to act as a mechanical contraceptive barrier.",,,Misc,N/A,,,,,,,,,,,,3880
5486AAAAAAAAAAAAAAAAAAAAAAAAAAAAAAAA,,Social support services,Services de soutien social,,,,,Community-based social support services,,,Misc,N/A,,,,,,,,,,,,3881
5489AAAAAAAAAAAAAAAAAAAAAAAAAAAAAAAA,,Mental health services,Services de santé mentale,Atención de salud mental,,,,none,,,Misc,N/A,,,,,,,,,,,,3882
5622AAAAAAAAAAAAAAAAAAAAAAAAAAAAAAAA,,Other,Autre,Otro no codificado,,,,"A generic, descriptive answer which is a handwritten, non-coded response to a question.",,,Misc,N/A,,,,,,,,,,,,3883
57e91f50-465b-4e20-9411-6047da1ff485,,Buccal,Buccale,,,,,,,,Misc,N/A,,,,,,,,,,,,3884
593fb0df-5b22-48e4-8a02-f1953a15ea93,,Prescription/request requires clarification,,,,,,,,,Misc,N/A,,,,,,,,,,,,3885
5c05d496-0c12-4daf-8981-5f6ee005ef58,,Dried plasma spot specimen,,,DPS,,,,,,Misc,N/A,,,,,,,,,,,,3886
62bf68cb-60e0-4091-b767-057dcafad85b,,Therapeutic generic substitution,,,Therapeutic generic,,,Substitution occurred or is permitted between therapeutically equivalent Generics but not Brands.,,,Misc,N/A,,,,,,,,,,,,3887
664AAAAAAAAAAAAAAAAAAAAAAAAAAAAAAAAA,,Negative,Négatif,Negativo,,,,Response to a finding or test result.,,,Misc,N/A,,,,,,,,,,,,3888
703AAAAAAAAAAAAAAAAAAAAAAAAAAAAAAAAA,,Positive,Positif,Positivo,,,,General finding of a positive result.,,,Misc,N/A,,,,,,,,,,,,3889
72ae60ab-a898-4321-9c8b-115d7088de91,,Therapeutic brand substitution,,,Therapeutic brand,,,Substitution occurred or is permitted between therapeutically equivalent Brands but not Generics.,,,Misc,N/A,,,,,,,,,,,,3890
736e8771-e501-4615-bfa7-570c03f4bef5,,Patient Identification Photo,,,,,,"A photograph of the patient, used for patient identification purposes.",,,Misc,Complex,,,,,,,,,,,,3891
737fa73a-509f-40d8-9e84-91dc71db7f4c,,Order discontinued,,,,,,"The order has been stopped by the prescriber but this fact has not necessarily captured electronically. Example: A verbal stop, a fax, etc.",,,Misc,N/A,,,,,,,,,,,,3892
7b0f51f3-6fcb-4462-8746-3328e11a7d97,,Non-drug,,,,,,A medical supply or commodity that is not a medication/drug.,,,Misc,N/A,,,,,,,,,,,,3893
82d81221-50c3-4bdf-8003-1de20a1c1e78,,Religious/ethical objection,,,,,,"The provider has ethical, religious or moral objections to fulfilling a task such as dispensing a medication.",,,Misc,N/A,,,,,,,,,,,,3894
86221AAAAAAAAAAAAAAAAAAAAAAAAAAAAAAA,,Vibrio cholerae serotype inaba,Vibrio cholerae sérotype inaba,"Vibrio cholerae, serotipo Inaba",,,,,,,Misc,N/A,,,,,,,,,,,,3895
86222AAAAAAAAAAAAAAAAAAAAAAAAAAAAAAA,,Vibrio cholerae serotype ogawa,Vibrio cholerae sérotype ogawa,"Vibrio cholerae, serotipo Ogawa",,,,,,,Misc,N/A,,,,,,,,,,,,3896
96686c92-6fdd-42d5-8644-807a65ee4521,,Generic composition substitution,,,Generic composition,,,,,,Misc,N/A,,,,,,,,,,,,3897
989AAAAAAAAAAAAAAAAAAAAAAAAAAAAAAAAA,,Patient age,Âge du patient,Edad del paciente,,,,"Generic answer to a question.  For example, a patient stops a medication because of his or her age.",,,Misc,N/A,,,,,,,,,,,,3899
ac56ce3f-f705-4c48-84bf-c8dd13690273,,Regulatory requirement,,,,,,"Reason for decision. For substitution, indicates that the decision to substitute or to not substitute was driven by a jurisdictional regulatory requirement mandating or prohibiting substitution.",,,Misc,N/A,,,,,,,,,,,,3900
b15358d0-a27f-4edc-aa0b-fb54284b843c,,Equivalent substitution,,,Equivalent,,,Substitution occurred or is permitted with another bioequivalent and therapeutically equivalent product.,,,Misc,N/A,,,,,,,,,,,,3901
b559fb77-4e1e-4285-b9b7-1d03e0ba983f,,Finished Service,Service complété,,,,,,,,Misc,N/A,,,,,,,,,,,,3902
b7da4d53-0088-4dcf-af08-32f2800c42b7,,Commercial/sales,,,,,,,,,Misc,N/A,,,,,,,,,,,,3903
c5362f75-7d83-42e2-9962-0bd62059afa9,,Surgery planned,,,,,,,,,Misc,N/A,,,,,,,,,,,,3904
c801ee44-1c2e-4ae9-aa61-d9dc71e54521,,Equivalent composition substitution,,,Equivalent composition,,,"Substitution occurred or is permitted with another product that is a: pharmaceutical alternative containing the same active ingredient but is formulated with different salt, ester pharmaceutical equivalent that has the same active ingredient, strength, dosage form and route of administration.",,,Misc,N/A,,,,,,,,,,,,3905
ca7494ae-437f-4fd0-8aae-b88b9a2ba47d,,In Service,Service en cours,,,,,Currently in service (as opposed to waiting or on hold),,,Misc,N/A,,,,,,,,,,,,3906
cd539500-7b53-49f6-89d8-629f1d62af57,,Miscellaneous,,,,,,,,,Misc,N/A,,,,,,,,,,,,3907
d62d58e9-ec91-4108-9643-00f5f23bf51c,,Triage,Triage,,,,,Service area is Triage.,,,Misc,N/A,,,,,,,,,,,,3908
d6ed0cdb-d0d6-4ff6-856f-469967e6521d,,Cryo/ Thermo/ LEEP Post-treatment complication,,,,,,,,,Misc,Text,,,,,,,,,,,,3909
d704ec45-2066-4447-a01d-6dedd513c0da,,Therapeutic alternative substitution,,,Therapeutic alternative,,,Substitution occurred or is permitted with another product having the same therapeutic objective and safety profile.,,,Misc,N/A,,,,,,,,,,,,3910
d7f478bc-88a5-4668-be75-a55b2d2488f1,,Drug would interfere with upcoming laboratory testing,,,,,,The therapy would interfere with a planned lab test and the therapy is being withdrawn until the test is completed.,,,Misc,N/A,,,,,,,,,,,,3911
dc3492ef-24a5-4fd9-b58d-4fd2acf7071f,,Urgent,Urgent,,,,,"Queue priority level is ""Urgent"".",,,Misc,N/A,,,,,,,,,,,,3912
e15180d0-f5bf-4e72-8256-e97f11e5c274,,Duplicate therapy,,,,,,,,,Misc,N/A,,,,,,,,,,,,3913
e96e2ce6-e326-46f2-8015-17572689c401,,Clinical Consult,Consultation clinique (duplicate),,,,,,,,Misc,N/A,,,,,,,,,,,,3914
f4620bfa-3625-4883-bd3f-84c2cce14470,,Not Urgent,Non urgent,,,,,"Priority is ""Not Urgent"" or non-urgent.",,,Misc,N/A,,,,,,,,,,,,3915
fcc1ef20-fb9c-4500-94dc-3b8144c48e81,,Incomplete data,,,,,,,,,Misc,N/A,,,,,,,,,,,,3916
1256AAAAAAAAAAAAAAAAAAAAAAAAAAAAAAAA,,Start drugs,Commencer les médicaments,,,,,Answer on encounter form.  Implies that a patient will be started on drugs for that particular encounter.,,,Misc Order,N/A,,,,,,,,,,,,3917
1257AAAAAAAAAAAAAAAAAAAAAAAAAAAAAAAA,,Continue regimen,,Continuer le régime,,,,Answer on encounter form.  Implies that a patient will continue on the same drug regimen as previously described.,,,Misc Order,N/A,,,,,,,,,,,,3918
1258AAAAAAAAAAAAAAAAAAAAAAAAAAAAAAAA,,Change formulation,Changement de formulation,,,,,Answer on encounter form.  Implies that a patient's current drugs will be changed to meet a new formulation.,,,Misc Order,N/A,,,,,,,,,,,,3919
1259AAAAAAAAAAAAAAAAAAAAAAAAAAAAAAAA,,Change regimen,Changer de régime,,,,,Answer on encounter form.  Implies that a patient will receive a change in their current drug regimen.,,,Misc Order,N/A,,,,,,,,,,,,3920
1260AAAAAAAAAAAAAAAAAAAAAAAAAAAAAAAA,,Stop all,Arrêter tout,,,,,Answer on encounter form.  Implies that a patient will stop all forms of a drug at a particular patient encounter.,,,Misc Order,N/A,,,,,,,,,,,,3921
1288AAAAAAAAAAAAAAAAAAAAAAAAAAAAAAAA,,Alcohol counseling,Aide pour abus d'alcool,Asesoramiento sobre consumo de alcohol,,,,,,,Misc Order,Coded,,,,,,,,,,,,3922
1370AAAAAAAAAAAAAAAAAAAAAAAAAAAAAAAA,,Voluntary counseling and testing for HIV,VCT pour VIH,,VCT HIV,,,,,,Misc Order,Boolean,,,,,,,,,,,,3923
1371AAAAAAAAAAAAAAAAAAAAAAAAAAAAAAAA,,Prenatal care referral,Soins Prénatal,Derivación al servicio de obstetricia,Prenatal Care,,,,,,Misc Order,Boolean,,,,,,,,,,,,3924
1372AAAAAAAAAAAAAAAAAAAAAAAAAAAAAAAA,,Postnatal care referral,Orientation vers les soins postnatals,Derivación a consultorio especializado en atención posnatal,Postnatal Care,,,,,,Misc Order,Boolean,,,,,,,,,,,,3925
1373AAAAAAAAAAAAAAAAAAAAAAAAAAAAAAAA,,Ophthalmology referral,Référence en ophtalmologie,Derivación al servicio de oftalmología,Eye care,,,,,,Misc Order,Boolean,,,,,,,,,,,,3926
1374AAAAAAAAAAAAAAAAAAAAAAAAAAAAAAAA,,Dental care referral,Référence traitement dentaire,Derivación del paciente para tratamiento dental,Dental care,,,,,,Misc Order,Boolean,,,,,,,,,,,,3927
1380AAAAAAAAAAAAAAAAAAAAAAAAAAAAAAAA,,Nutrition counseling,Suivi nutritionnel,Educación básica sobre alimentación,Nutrition counseling,,,,,,Misc Order,Coded,,,,,,,,,,,,3928
1441AAAAAAAAAAAAAAAAAAAAAAAAAAAAAAAA,,Current immunization orders,,,Immunizations given,,,,,,Misc Order,N/A,,,,,,,,,,,,3929
1455AAAAAAAAAAAAAAAAAAAAAAAAAAAAAAAA,,Tobacco use counseling,Conseil À l'usage du tabac,Educación en prevención del tabaquismo,Tobacco counseling,,,"Counseling for the cessation of tobacco use, including smoking, chewing tobacco, etc.",,,Misc Order,Coded,,,,,,,,,,,,3930
1459AAAAAAAAAAAAAAAAAAAAAAAAAAAAAAAA,,Diagnostic testing and counseling for HIV,Test de diagnostic et Conseil POUR VIH,,DTC,,,Referral for diagnostic testing and counseling (DTC),,,Misc Order,Boolean,,,,,,,,,,,,3931
1609AAAAAAAAAAAAAAAAAAAAAAAAAAAAAAAA,,Referral for imaging study,Consultation pour radiographie,,,,,Referral to another institution for the purpose of obtaining an imaging or radiological study.,,,Misc Order,N/A,,,,,,,,,,,,3932
1610AAAAAAAAAAAAAAAAAAAAAAAAAAAAAAAA,,Referral for antiretroviral therapy,Consultation pour thérapie antirétrovirale,,,,,Referral to another institution for the purpose of starting or managing antiretroviral therapy,,,Misc Order,N/A,,,,,,,,,,,,3933
1611AAAAAAAAAAAAAAAAAAAAAAAAAAAAAAAA,,Referral for opportunistic infection treatment,Consultation pour traitement d'infection,,,,,Referral to another institution for the purpose of evaluation or treatment of opportunistic infection (OI).,,,Misc Order,N/A,,,,,,,,,,,,3934
1618AAAAAAAAAAAAAAAAAAAAAAAAAAAAAAAA,,Urine dipstick,Bandelette urinaire,Prueba de tira reactiva para orina,,,,,,,Misc Order,Coded,,,,,,,,,,,,3935
5485AAAAAAAAAAAAAAAAAAAAAAAAAAAAAAAA,,Inpatient care or hospitalization,Patient hospitalisé,Cuidado de paciente hospitalizado,,,,none,,,Misc Order,N/A,,,,,,,,,,,,3936
5487AAAAAAAAAAAAAAAAAAAAAAAAAAAAAAAA,,Tuberculosis Treatment or DOT Program,TRAITEMENT TB ou DOT,,,,,none,,,Misc Order,Boolean,,,,,,,,,,,,3937
